# 3ds Max Wavefront OBJ Exporter v0.97b - (c)2007 guruware
# File Created: 03.05.2013 15:57:30

mtllib 20358_Barrister_Bookcase_v1_Texture.mtl

#
# object 20358_Barrister_Bookcase_v1
#

v  4.2554 -2.0370 15.0338
v  4.2554 -2.0370 14.4447
v  4.2554 -1.6847 14.4447
v  4.2554 -1.6847 15.0338
v  4.2554 2.0223 17.9528
v  4.2554 -1.6847 17.9528
v  4.2554 2.0223 15.0338
v  4.1286 -2.1639 17.9528
v  4.0036 -2.1639 17.9529
v  4.0036 -2.1639 15.0338
v  4.1286 -2.1639 15.0338
v  3.5563 2.1491 15.0702
v  3.5563 2.1491 17.9528
v  4.0028 2.1491 17.9528
v  4.0028 2.1491 15.0439
v  4.2554 2.0223 18.4405
v  4.2554 -1.6847 18.4405
v  4.1286 -2.1639 18.4405
v  4.0039 -2.1639 18.4414
v  3.5563 2.1491 18.4405
v  4.0028 2.1491 18.4405
v  3.5137 -1.7210 15.1065
v  3.5137 -2.1276 15.1065
v  3.5137 -2.1276 17.8804
v  3.5137 -1.7210 17.8804
v  4.2554 -2.0370 17.9528
v  4.2554 -2.0370 18.5930
v  4.2554 -2.0370 18.4405
v  4.2554 -1.6847 18.5930
v  3.7957 -1.6484 14.8314
v  3.7957 -1.6484 18.1556
v  3.7957 1.6658 18.1623
v  3.7957 1.6658 14.8246
v  3.5500 -1.6847 15.0853
v  3.5500 -1.6847 17.9077
v  3.7594 -1.6847 18.1189
v  3.7594 -1.6847 14.8689
v  4.2010 -2.1639 15.0338
v  4.2010 -2.1639 17.9528
v  4.2010 -2.1639 18.4405
v  4.2554 2.0947 15.0338
v  4.2554 2.0947 17.9528
v  4.2554 2.0947 18.4405
v  4.2554 -2.1094 17.9528
v  4.2554 -2.1094 15.0338
v  4.2554 -2.1094 18.4405
v  4.1286 2.1491 15.0338
v  4.1286 2.1491 17.9528
v  4.2010 2.1491 17.9528
v  4.2010 2.1491 15.0338
v  4.1286 2.1491 18.4405
v  4.2010 2.1491 18.4405
v  4.2350 -2.1434 15.0338
v  4.2350 -2.1434 17.9528
v  4.2350 -2.1434 18.4405
v  4.2350 2.1287 15.0338
v  4.2350 2.1287 17.9528
v  4.2350 2.1287 18.4405
v  3.5137 -2.1639 17.8785
v  3.5137 -2.1639 15.1056
v  3.5500 -2.1639 15.0340
v  3.5563 -2.1639 17.9530
v  3.5137 -1.6847 15.1134
v  3.5137 -1.6847 17.8796
v  3.7594 1.7020 14.7883
v  3.7957 1.7020 14.7883
v  3.7957 1.7020 14.8246
v  3.7594 1.7020 14.8269
v  3.5137 -1.7210 17.9167
v  3.5137 -2.1276 17.9167
v  3.7957 1.7020 18.1987
v  3.7957 1.7020 18.1624
v  3.7957 1.6659 18.1987
v  3.5500 -1.6847 17.9530
v  3.7594 -1.6847 18.1624
v  3.5137 -2.1639 17.9167
v  3.5137 -1.6847 17.9167
v  3.4758 -2.1639 17.9167
v  3.4774 -2.1276 17.9167
v  3.4774 -1.7210 17.9167
v  3.7594 1.7020 18.1987
v  3.7593 1.6654 18.1987
v  3.5054 -1.6847 17.9530
v  3.7160 -1.6847 18.1624
v  3.4773 -1.6847 17.9167
v  3.7594 1.7020 18.1624
v  3.5137 -2.1276 15.0702
v  3.5137 -1.7210 15.0702
v  3.7957 -1.6484 14.7883
v  3.7957 1.6653 14.7883
v  3.5500 -1.6847 15.0340
v  3.7594 -1.6847 14.8246
v  3.5137 -2.1639 15.0702
v  3.5137 -1.6847 15.0702
v  3.4774 -2.1276 15.0702
v  3.4771 -2.1639 15.0702
v  3.4987 -1.6847 15.0340
v  3.4706 -1.6847 15.0702
v  3.4774 -1.7210 15.0702
v  3.7593 1.6642 14.7883
v  3.7526 -1.6484 14.7883
v  3.7150 -1.6847 14.8246
v  3.7957 -1.6484 18.1987
v  3.7526 -1.6484 18.1987
v  3.7957 -1.6847 18.1555
v  3.7957 -1.6847 14.8314
v  3.7957 -1.6847 18.1987
v  3.7525 -1.6847 18.1987
v  3.7957 -1.6847 14.7883
v  3.7525 -1.6847 14.7883
v  4.0036 -2.1639 14.4445
v  4.1286 -2.1639 14.4447
v  3.5563 2.1491 14.4630
v  4.0028 2.1491 14.4498
v  4.2554 2.0223 14.4447
v  4.2554 2.0947 14.4447
v  4.2554 -2.1094 14.4447
v  4.2010 2.1491 14.4447
v  4.1286 2.1491 14.4447
v  4.2010 -2.1639 14.4447
v  4.2350 -2.1434 14.4447
v  4.2350 2.1287 14.4447
v  3.9129 -2.1639 15.0338
v  3.9129 -2.1639 17.9529
v  4.1286 2.1491 18.5930
v  4.0028 2.1491 18.5930
v  3.5521 -2.1639 14.5352
v  3.9129 -2.1639 14.5351
v  4.1286 -2.1639 18.5930
v  4.0028 -2.1639 18.5930
v  3.5563 2.1491 18.5930
v  4.2010 -2.1639 18.5930
v  4.2554 2.0947 18.5930
v  4.2554 2.0223 18.5930
v  4.2010 2.1491 18.5930
v  3.9129 -2.1639 18.3507
v  3.5563 -2.1639 18.3507
v  3.9764 -2.1639 17.9529
v  3.9764 -2.1639 15.0338
v  3.9766 -2.1639 18.4142
v  3.9766 -2.1639 18.3847
v  3.9765 -2.1639 14.5015
v  3.9503 -2.1639 14.4716
v  3.5521 -2.1639 14.4717
v  3.5521 -2.1639 14.4445
v  3.9401 -2.1639 15.0338
v  3.9401 -2.1639 17.9529
v  3.5563 -2.1639 18.4414
v  3.5563 -2.1639 18.4142
v  3.9470 -2.1639 18.4142
v  3.9401 -2.1639 14.5079
v  3.9401 -2.1639 14.5340
v  3.9129 -2.1639 14.5079
v  3.9401 -2.1639 18.3779
v  3.9136 -2.1639 18.3779
v  3.9401 -2.1639 18.3519
v  3.5563 -2.1639 18.3779
v  3.9674 -2.1367 17.9529
v  3.9674 -2.1367 15.0338
v  3.9675 -2.1367 18.4051
v  3.9675 -2.1367 18.3755
v  3.9674 -2.1367 14.5101
v  3.9674 -2.1367 14.4807
v  3.9422 -2.1367 14.4807
v  3.9765 -2.1639 14.4716
v  3.9492 -2.1367 15.0338
v  3.9492 -2.1367 17.9529
v  3.5563 -2.1367 18.4051
v  3.9396 -2.1367 18.4051
v  3.9340 -2.1094 14.4897
v  3.9583 -2.1094 14.4897
v  3.9492 -2.1367 14.4988
v  3.9235 -2.1367 14.4988
v  3.9583 -2.1094 15.0338
v  3.9492 -2.1367 14.5264
v  3.9583 -2.1094 14.5187
v  3.9583 -2.1094 18.3663
v  3.9583 -2.1094 18.3960
v  3.9492 -2.1367 18.3869
v  3.9492 -2.1367 18.3591
v  3.5563 -2.1094 18.3960
v  3.5563 -2.1367 18.3869
v  3.9229 -2.1367 18.3869
v  3.9321 -2.1094 18.3960
v  3.9583 -2.1094 17.9529
v  3.5521 -2.1639 14.5080
v  3.5521 -2.1367 14.4989
v  3.5521 -2.1094 14.4898
v  3.5521 -2.1367 14.4808
v  -3.5563 -2.1367 18.3869
v  -3.5563 -2.1639 18.3779
v  -3.5521 -2.1639 14.5080
v  -3.5521 -2.1367 14.4989
v  4.0039 -2.1639 14.2508
v  4.1286 -2.1639 14.2500
v  4.0028 2.1491 14.2500
v  3.5563 2.1491 14.2500
v  4.2554 2.0223 14.2500
v  4.2554 2.0947 14.2500
v  4.2010 -2.1639 14.2500
v  4.2350 -2.1434 14.2500
v  4.2554 -2.0370 10.8432
v  4.2554 -2.0370 10.2542
v  4.2554 -1.6847 10.2542
v  4.2554 -1.6847 10.8432
v  4.2554 2.0223 13.7623
v  4.2554 -1.6847 13.7623
v  4.2554 2.0223 10.8432
v  4.1286 -2.1639 13.7623
v  4.0036 -2.1639 13.7623
v  4.0036 -2.1639 10.8433
v  4.1286 -2.1639 10.8432
v  3.5563 2.1491 10.8797
v  3.5563 2.1491 13.7623
v  4.0028 2.1491 13.7623
v  4.0028 2.1491 10.8533
v  4.2554 -1.6847 14.2500
v  3.5137 -1.7210 10.9160
v  3.5137 -2.1276 10.9160
v  3.5137 -2.1276 13.6899
v  3.5137 -1.7210 13.6899
v  4.2554 -2.0370 13.7623
v  4.2554 -2.0370 14.2500
v  3.7957 -1.6484 10.6408
v  3.7957 -1.6484 13.9650
v  3.7957 1.6658 13.9718
v  3.7957 1.6658 10.6341
v  3.5500 -1.6847 10.8947
v  3.5500 -1.6847 13.7172
v  3.7594 -1.6847 13.9284
v  3.7594 -1.6847 10.6784
v  4.2010 -2.1639 10.8432
v  4.2010 -2.1639 13.7623
v  4.2554 2.0947 10.8432
v  4.2554 2.0947 13.7623
v  4.2554 -2.1094 13.7623
v  4.2554 -2.1094 10.8432
v  4.2554 -2.1094 14.2500
v  4.1286 2.1491 10.8432
v  4.1286 2.1491 13.7623
v  4.2010 2.1491 13.7623
v  4.2010 2.1491 10.8432
v  4.1286 2.1491 14.2500
v  4.2010 2.1491 14.2500
v  4.2350 -2.1434 10.8432
v  4.2350 -2.1434 13.7623
v  4.2350 2.1287 10.8432
v  4.2350 2.1287 13.7623
v  4.2350 2.1287 14.2500
v  3.5137 -2.1639 13.6880
v  3.5137 -2.1639 10.9150
v  3.5500 -2.1639 10.8434
v  3.5508 -2.1639 13.7624
v  3.5137 -1.6847 10.9229
v  3.5137 -1.6847 13.6890
v  3.7594 1.7020 10.5977
v  3.7957 1.7020 10.5977
v  3.7957 1.7020 10.6340
v  3.7594 1.7020 10.6363
v  3.5137 -1.7210 13.7261
v  3.5137 -2.1276 13.7261
v  3.7957 1.7020 14.0081
v  3.7957 1.7020 13.9718
v  3.7957 1.6659 14.0081
v  3.5500 -1.6847 13.7624
v  3.7594 -1.6847 13.9718
v  3.5137 -2.1639 13.7261
v  3.5137 -1.6847 13.7261
v  3.4758 -2.1639 13.7261
v  3.4774 -2.1276 13.7261
v  3.4774 -1.7210 13.7261
v  3.7594 1.7020 14.0081
v  3.7593 1.6654 14.0081
v  3.5054 -1.6847 13.7624
v  3.7160 -1.6847 13.9718
v  3.4773 -1.6847 13.7261
v  3.7594 1.7020 13.9718
v  3.5137 -2.1276 10.8797
v  3.5137 -1.7210 10.8797
v  3.7957 -1.6484 10.5977
v  3.7957 1.6653 10.5977
v  3.5500 -1.6847 10.8434
v  3.7594 -1.6847 10.6340
v  3.5137 -2.1639 10.8797
v  3.5137 -1.6847 10.8797
v  3.4774 -2.1276 10.8797
v  3.4771 -2.1639 10.8797
v  3.4987 -1.6847 10.8434
v  3.4706 -1.6847 10.8797
v  3.4774 -1.7210 10.8797
v  3.7593 1.6642 10.5977
v  3.7526 -1.6484 10.5977
v  3.7150 -1.6847 10.6340
v  3.7957 -1.6484 14.0081
v  3.7526 -1.6484 14.0081
v  3.7957 -1.6847 13.9650
v  3.7957 -1.6847 10.6409
v  3.7957 -1.6847 14.0081
v  3.7525 -1.6847 14.0081
v  3.7957 -1.6847 10.5977
v  3.7525 -1.6847 10.5977
v  4.0036 -2.1639 10.2540
v  4.1286 -2.1639 10.2542
v  3.5563 2.1491 10.2724
v  4.0028 2.1491 10.2593
v  4.2554 -2.0370 10.0594
v  4.2554 -1.6847 10.0594
v  4.2554 2.0223 10.2542
v  4.2554 2.0947 10.2542
v  4.2554 -2.1094 10.2542
v  4.2010 2.1491 10.2542
v  4.1286 2.1491 10.2542
v  4.2010 -2.1639 10.2542
v  4.2350 -2.1434 10.2542
v  4.2350 2.1287 10.2542
v  4.1286 2.1491 10.0594
v  4.0028 2.1491 10.0594
v  3.9129 -2.1639 10.8433
v  3.9129 -2.1639 13.7624
v  3.5521 -2.1639 14.2508
v  3.5503 -2.1639 10.3447
v  3.9129 -2.1639 10.3446
v  3.9129 -2.1639 14.1601
v  3.5521 -2.1639 14.1601
v  3.9764 -2.1639 13.7623
v  3.9764 -2.1639 10.8433
v  3.9766 -2.1639 14.2236
v  3.9766 -2.1639 14.1942
v  3.9765 -2.1639 10.3110
v  3.9503 -2.1639 10.2811
v  3.5503 -2.1639 10.2812
v  3.5503 -2.1639 10.2539
v  3.9401 -2.1639 10.8433
v  3.9401 -2.1639 13.7623
v  3.5521 -2.1639 14.2236
v  3.9470 -2.1639 14.2236
v  3.9401 -2.1639 10.3173
v  3.9401 -2.1639 10.3435
v  3.9129 -2.1639 10.3174
v  3.9401 -2.1639 14.1873
v  3.9136 -2.1639 14.1873
v  3.9401 -2.1639 14.1613
v  3.5521 -2.1639 14.1873
v  3.9674 -2.1367 13.7623
v  3.9674 -2.1367 10.8433
v  3.9675 -2.1367 14.2145
v  3.9675 -2.1367 14.1850
v  3.9674 -2.1367 10.3196
v  3.9674 -2.1367 10.2901
v  3.9422 -2.1367 10.2901
v  3.9765 -2.1639 10.2811
v  3.9492 -2.1367 10.8433
v  3.9492 -2.1367 13.7623
v  3.5521 -2.1367 14.2145
v  3.9396 -2.1367 14.2145
v  3.9340 -2.1094 10.2992
v  3.9583 -2.1094 10.2992
v  3.9492 -2.1367 10.3083
v  3.9235 -2.1367 10.3083
v  3.9583 -2.1094 10.8433
v  3.9492 -2.1367 10.3358
v  3.9583 -2.1094 10.3282
v  3.9583 -2.1094 14.1758
v  3.9583 -2.1094 14.2055
v  3.9492 -2.1367 14.1964
v  3.9492 -2.1367 14.1686
v  3.5521 -2.1094 14.2055
v  3.5521 -2.1367 14.1964
v  3.9229 -2.1367 14.1964
v  3.9321 -2.1094 14.2055
v  3.9583 -2.1094 13.7623
v  3.5503 -2.1639 10.3175
v  3.5503 -2.1367 10.3084
v  3.5503 -2.1094 10.2993
v  3.5503 -2.1367 10.2902
v  4.0039 -2.1639 10.0603
v  4.1286 -2.1639 10.0594
v  3.5563 2.1491 10.0594
v  4.2554 -2.1094 10.0594
v  4.2010 -2.1639 10.0594
v  4.2350 -2.1434 10.0594
v  4.2554 2.0223 10.0594
v  4.2554 -2.0370 6.6527
v  4.2554 -2.0370 6.0637
v  4.2554 -1.6847 6.0637
v  4.2554 -1.6847 6.6527
v  4.2554 2.0223 9.5718
v  4.2554 -1.6847 9.5718
v  4.2554 2.0223 6.6527
v  4.1286 -2.1639 9.5718
v  4.0036 -2.1639 9.5718
v  4.0036 -2.1639 6.6527
v  4.1286 -2.1639 6.6527
v  3.5563 2.1491 6.6892
v  3.5563 2.1491 9.5718
v  4.0028 2.1491 9.5718
v  4.0028 2.1491 6.6628
v  3.5137 -1.7210 6.7255
v  3.5137 -2.1276 6.7255
v  3.5137 -2.1276 9.4993
v  3.5137 -1.7210 9.4993
v  4.2554 -2.0370 9.5718
v  3.7957 -1.6484 6.4503
v  3.7957 -1.6484 9.7745
v  3.7957 1.6658 9.7812
v  3.7957 1.6658 6.4436
v  3.5500 -1.6847 6.7042
v  3.5500 -1.6847 9.5266
v  3.7594 -1.6847 9.7378
v  3.7594 -1.6847 6.4878
v  4.2010 -2.1639 6.6527
v  4.2010 -2.1639 9.5718
v  4.2554 2.0947 6.6527
v  4.2554 2.0947 9.5718
v  4.2554 2.0947 10.0594
v  4.2554 -2.1094 9.5718
v  4.2554 -2.1094 6.6527
v  4.1286 2.1491 6.6527
v  4.1286 2.1491 9.5718
v  4.2010 2.1491 9.5718
v  4.2010 2.1491 6.6527
v  4.2010 2.1491 10.0594
v  4.2350 -2.1434 6.6527
v  4.2350 -2.1434 9.5718
v  4.2350 2.1287 6.6527
v  4.2350 2.1287 9.5718
v  4.2350 2.1287 10.0594
v  3.5137 -2.1639 9.4974
v  3.5137 -2.1639 6.7245
v  3.5500 -2.1639 6.6529
v  3.5508 -2.1639 9.5719
v  3.5137 -1.6847 6.7323
v  3.5137 -1.6847 9.4985
v  3.7594 1.7020 6.4072
v  3.7957 1.7020 6.4072
v  3.7957 1.7020 6.4435
v  3.7594 1.7020 6.4458
v  3.5137 -1.7210 9.5356
v  3.5137 -2.1276 9.5356
v  3.7957 1.7020 9.8176
v  3.7957 1.7020 9.7813
v  3.7957 1.6659 9.8176
v  3.5500 -1.6847 9.5719
v  3.7594 -1.6847 9.7813
v  3.5137 -2.1639 9.5356
v  3.5137 -1.6847 9.5356
v  3.4758 -2.1639 9.5356
v  3.4774 -2.1276 9.5356
v  3.4774 -1.7210 9.5356
v  3.7594 1.7020 9.8176
v  3.7593 1.6654 9.8176
v  3.5054 -1.6847 9.5719
v  3.7160 -1.6847 9.7813
v  3.4773 -1.6847 9.5356
v  3.7594 1.7020 9.7813
v  3.5137 -2.1276 6.6892
v  3.5137 -1.7210 6.6892
v  3.7957 -1.6484 6.4072
v  3.7957 1.6653 6.4072
v  3.5500 -1.6847 6.6529
v  3.7594 -1.6847 6.4435
v  3.5137 -2.1639 6.6892
v  3.5137 -1.6847 6.6892
v  3.4774 -2.1276 6.6892
v  3.4771 -2.1639 6.6892
v  3.4987 -1.6847 6.6529
v  3.4706 -1.6847 6.6892
v  3.4774 -1.7210 6.6892
v  3.7593 1.6642 6.4072
v  3.7526 -1.6484 6.4072
v  3.7150 -1.6847 6.4435
v  3.7957 -1.6484 9.8176
v  3.7526 -1.6484 9.8176
v  3.7957 -1.6847 9.7744
v  3.7957 -1.6847 6.4504
v  3.7957 -1.6847 9.8176
v  3.7525 -1.6847 9.8176
v  3.7957 -1.6847 6.4072
v  3.7525 -1.6847 6.4072
v  4.0036 -2.1639 6.0634
v  4.1286 -2.1639 6.0637
v  3.5563 2.1491 6.0819
v  4.0028 2.1491 6.0687
v  4.2554 -2.0370 5.8689
v  4.2554 -1.6847 5.8689
v  4.2554 2.0223 6.0637
v  4.2554 2.0947 6.0637
v  4.2554 -2.1094 6.0637
v  4.2010 2.1491 6.0637
v  4.1286 2.1491 6.0637
v  4.2010 -2.1639 6.0637
v  4.2350 -2.1434 6.0637
v  4.2350 2.1287 6.0637
v  4.1286 2.1491 5.8689
v  4.0028 2.1491 5.8689
v  3.9129 -2.1639 6.6528
v  3.9129 -2.1639 9.5718
v  3.5503 -2.1639 10.0603
v  3.5503 -2.1639 6.1541
v  3.9129 -2.1639 6.1540
v  3.9129 -2.1639 9.9696
v  3.5503 -2.1639 9.9696
v  3.9764 -2.1639 9.5718
v  3.9764 -2.1639 6.6527
v  3.9766 -2.1639 10.0331
v  3.9766 -2.1639 10.0037
v  3.9765 -2.1639 6.1204
v  3.9503 -2.1639 6.0905
v  3.5503 -2.1639 6.0906
v  3.5503 -2.1639 6.0634
v  3.9401 -2.1639 6.6528
v  3.9401 -2.1639 9.5718
v  3.5503 -2.1639 10.0331
v  3.9470 -2.1639 10.0331
v  3.9401 -2.1639 6.1268
v  3.9401 -2.1639 6.1529
v  3.9129 -2.1639 6.1268
v  3.9401 -2.1639 9.9968
v  3.9136 -2.1639 9.9968
v  3.9401 -2.1639 9.9708
v  3.5503 -2.1639 9.9968
v  3.9674 -2.1367 9.5718
v  3.9674 -2.1367 6.6527
v  3.9675 -2.1367 10.0240
v  3.9675 -2.1367 9.9944
v  3.9674 -2.1367 6.1290
v  3.9674 -2.1367 6.0996
v  3.9422 -2.1367 6.0996
v  3.9765 -2.1639 6.0905
v  3.9492 -2.1367 6.6528
v  3.9492 -2.1367 9.5718
v  3.5503 -2.1367 10.0240
v  3.9396 -2.1367 10.0240
v  3.9340 -2.1094 6.1087
v  3.9583 -2.1094 6.1087
v  3.9492 -2.1367 6.1177
v  3.9235 -2.1367 6.1177
v  3.9583 -2.1094 6.6527
v  3.9492 -2.1367 6.1453
v  3.9583 -2.1094 6.1377
v  3.9583 -2.1094 9.9852
v  3.9583 -2.1094 10.0149
v  3.9492 -2.1367 10.0059
v  3.9492 -2.1367 9.9780
v  3.5503 -2.1094 10.0149
v  3.5503 -2.1367 10.0059
v  3.9229 -2.1367 10.0059
v  3.9321 -2.1094 10.0149
v  -3.7525 -1.6847 9.8176
v  -3.7526 -1.6484 9.8176
v  3.9583 -2.1094 9.5718
v  3.5503 -2.1639 6.1269
v  3.5503 -2.1367 6.1178
v  3.5503 -2.1094 6.1088
v  3.5503 -2.1367 6.0997
v  4.0039 -2.1639 5.8697
v  4.1286 -2.1639 5.8689
v  3.5563 2.1491 5.8689
v  4.2554 2.0223 5.8689
v  4.2554 2.0947 5.8689
v  4.2010 2.1491 5.8689
v  4.2010 -2.1639 5.8689
v  4.2350 -2.1434 5.8689
v  4.2350 2.1287 5.8689
v  4.2554 -2.0370 2.4622
v  4.2554 -2.0370 1.8731
v  4.2554 -1.6847 1.8731
v  4.2554 -1.6847 2.4622
v  4.2554 2.0223 5.3812
v  4.2554 -1.6847 5.3812
v  4.2554 2.0223 2.4622
v  4.1286 -2.1639 5.3812
v  4.0036 -2.1639 5.3812
v  4.0036 -2.1639 2.4622
v  4.1286 -2.1639 2.4622
v  3.5563 2.1491 2.4986
v  3.5563 2.1491 5.3812
v  4.0028 2.1491 5.3812
v  4.0028 2.1491 2.4723
v  3.5137 -1.7210 2.5349
v  3.5137 -2.1276 2.5349
v  3.5137 -2.1276 5.3088
v  3.5137 -1.7210 5.3088
v  4.2554 -2.0370 5.3812
v  3.7957 -1.6484 2.2597
v  3.7957 -1.6484 5.5840
v  3.7957 1.6658 5.5907
v  3.7957 1.6658 2.2530
v  3.5500 -1.6847 2.5137
v  3.5500 -1.6847 5.3361
v  3.7594 -1.6847 5.5473
v  3.7594 -1.6847 2.2973
v  4.2010 -2.1639 2.4622
v  4.2010 -2.1639 5.3812
v  4.2554 2.0947 2.4622
v  4.2554 2.0947 5.3812
v  4.2554 -2.1094 5.3812
v  4.2554 -2.1094 2.4622
v  4.2554 -2.1094 5.8689
v  4.1286 2.1491 2.4622
v  4.1286 2.1491 5.3812
v  4.2010 2.1491 5.3812
v  4.2010 2.1491 2.4622
v  4.2350 -2.1434 2.4622
v  4.2350 -2.1434 5.3812
v  4.2350 2.1287 2.4622
v  4.2350 2.1287 5.3812
v  3.5137 -2.1639 5.3069
v  3.5137 -2.1639 2.5339
v  3.5563 -2.1639 2.4623
v  3.5508 -2.1639 5.3814
v  3.5137 -1.6847 2.5418
v  3.5137 -1.6847 5.3080
v  3.7594 1.7020 2.2167
v  3.7957 1.7020 2.2167
v  3.7957 1.7020 2.2529
v  3.7594 1.7020 2.2552
v  3.5137 -1.7210 5.3451
v  3.5137 -2.1276 5.3451
v  3.7957 1.7020 5.6270
v  3.7957 1.7020 5.5907
v  3.7957 1.6659 5.6270
v  3.5500 -1.6847 5.3814
v  3.7594 -1.6847 5.5907
v  3.5137 -2.1639 5.3451
v  3.5137 -1.6847 5.3451
v  3.4758 -2.1639 5.3451
v  3.4774 -2.1276 5.3451
v  3.4774 -1.7210 5.3451
v  3.7594 1.7020 5.6270
v  3.7593 1.6654 5.6270
v  3.5054 -1.6847 5.3814
v  3.7160 -1.6847 5.5907
v  3.4773 -1.6847 5.3451
v  3.7594 1.7020 5.5907
v  3.5137 -2.1276 2.4986
v  3.5137 -1.7210 2.4986
v  3.7957 -1.6484 2.2167
v  3.7957 1.6653 2.2167
v  3.5500 -1.6847 2.4623
v  3.7594 -1.6847 2.2529
v  3.5137 -2.1639 2.4986
v  3.5137 -1.6847 2.4986
v  3.4774 -2.1276 2.4986
v  3.4771 -2.1639 2.4986
v  3.4987 -1.6847 2.4623
v  3.4706 -1.6847 2.4986
v  3.4774 -1.7210 2.4986
v  3.7593 1.6642 2.2167
v  3.7526 -1.6484 2.2167
v  3.7150 -1.6847 2.2529
v  3.7957 -1.6484 5.6270
v  3.7526 -1.6484 5.6270
v  3.7957 -1.6847 5.5839
v  3.7957 -1.6847 2.2598
v  3.7957 -1.6847 5.6270
v  3.7525 -1.6847 5.6270
v  3.7957 -1.6847 2.2167
v  3.7525 -1.6847 2.2167
v  4.0036 -2.1639 1.8729
v  4.1286 -2.1639 1.8731
v  3.5563 2.1491 1.8914
v  4.0028 2.1491 1.8782
v  4.2554 2.0223 1.8731
v  4.2554 2.0947 1.8731
v  4.2554 -2.1094 1.8731
v  4.2010 2.1491 1.8731
v  4.1286 2.1491 1.8731
v  4.2010 -2.1639 1.8731
v  4.2350 -2.1434 1.8731
v  4.2350 2.1287 1.8731
v  4.1286 2.1491 1.6121
v  4.0028 2.1491 1.6121
v  3.9129 -2.1639 2.4622
v  3.9129 -2.1639 5.3813
v  3.5503 -2.1639 5.8697
v  3.5563 -2.1639 1.9636
v  3.9129 -2.1639 1.9635
v  3.9129 -2.1639 5.7790
v  3.5503 -2.1639 5.7790
v  3.9764 -2.1639 5.3813
v  3.9764 -2.1639 2.4622
v  3.9766 -2.1639 5.8425
v  3.9766 -2.1639 5.8131
v  3.9765 -2.1639 1.9299
v  3.9503 -2.1639 1.9000
v  3.5563 -2.1639 1.9001
v  3.5563 -2.1639 1.8729
v  3.9401 -2.1639 2.4622
v  3.9401 -2.1639 5.3813
v  3.5503 -2.1639 5.8425
v  3.9470 -2.1639 5.8425
v  3.9401 -2.1639 1.9363
v  3.9401 -2.1639 1.9624
v  3.9129 -2.1639 1.9363
v  3.9401 -2.1639 5.8062
v  3.9136 -2.1639 5.8062
v  3.9401 -2.1639 5.7803
v  3.5503 -2.1639 5.8062
v  3.9674 -2.1367 5.3813
v  3.9674 -2.1367 2.4622
v  3.9675 -2.1367 5.8335
v  3.9675 -2.1367 5.8039
v  3.9674 -2.1367 1.9385
v  3.9674 -2.1367 1.9090
v  3.9422 -2.1367 1.9091
v  3.9765 -2.1639 1.9000
v  3.9492 -2.1367 2.4622
v  3.9492 -2.1367 5.3813
v  3.5503 -2.1367 5.8335
v  3.9396 -2.1367 5.8335
v  3.9340 -2.1094 1.9181
v  3.9583 -2.1094 1.9181
v  3.9492 -2.1367 1.9272
v  3.9235 -2.1367 1.9272
v  3.9583 -2.1094 2.4622
v  3.9492 -2.1367 1.9548
v  3.9583 -2.1094 1.9471
v  3.9583 -2.1094 5.7947
v  3.9583 -2.1094 5.8244
v  3.9492 -2.1367 5.8153
v  3.9492 -2.1367 5.7875
v  3.5503 -2.1094 5.8244
v  3.5503 -2.1367 5.8153
v  3.9229 -2.1367 5.8153
v  3.9321 -2.1094 5.8244
v  3.9583 -2.1094 5.3813
v  3.5563 -2.1639 1.9364
v  3.5563 -2.1367 1.9273
v  3.5563 -2.1094 1.9182
v  3.5563 -2.1367 1.9092
v  3.5563 2.1491 1.6121
v  4.2554 2.0223 1.6121
v  4.2554 2.0947 1.6121
v  4.2350 2.1287 1.6121
v  4.2010 2.1491 1.6121
v  4.0028 2.0223 1.4853
v  4.0028 -1.6847 1.4853
v  3.5563 -1.6847 1.4853
v  3.5563 2.0223 1.4853
v  4.1286 -2.0370 1.4853
v  4.0028 -2.0370 1.4853
v  4.1286 -1.6847 1.4853
v  4.2010 2.0223 1.4853
v  4.2010 -1.6847 1.4853
v  4.1286 2.0223 1.4853
v  4.1286 -2.1094 1.4853
v  4.0028 -2.1094 1.4853
v  3.5563 2.0947 1.4853
v  4.0028 2.0947 1.4853
v  4.2010 -2.0370 1.4853
v  4.1286 -2.1639 1.6121
v  4.0028 -2.1639 1.6121
v  4.0028 -2.1639 1.5397
v  4.1286 -2.1639 1.5397
v  4.2554 -1.6847 1.6121
v  4.2554 -1.6847 1.5397
v  4.2554 2.0223 1.5397
v  4.2554 -2.0370 1.6121
v  4.2554 -2.0370 1.5397
v  4.0028 2.1491 1.5397
v  3.5563 2.1491 1.5397
v  4.2554 -2.1094 1.6121
v  4.2554 -2.1094 1.5397
v  4.2010 -2.1639 1.5397
v  4.2010 -2.1639 1.6121
v  4.2010 -2.1094 1.4853
v  4.2554 2.0947 1.5397
v  4.1286 2.0947 1.4853
v  4.2010 2.0947 1.4853
v  4.2010 2.1491 1.5397
v  4.1286 2.1491 1.5397
v  4.1286 -2.1434 1.5057
v  4.0028 -2.1434 1.5057
v  4.2350 2.0223 1.5057
v  4.2350 -1.6847 1.5057
v  4.2350 -2.0370 1.5057
v  3.5563 2.1287 1.5057
v  4.0028 2.1287 1.5057
v  4.2350 -2.1094 1.5057
v  4.2350 -2.1434 1.6121
v  4.2350 -2.1434 1.5397
v  4.2010 -2.1434 1.5057
v  4.2350 2.1287 1.5397
v  4.2350 2.0947 1.5057
v  4.1286 2.1287 1.5057
v  4.2010 2.1287 1.5057
v  4.2269 -2.1353 1.5138
v  4.2269 2.1206 1.5138
v  3.5563 -2.1639 1.6121
v  3.5563 -2.1639 18.5930
v  4.2554 -2.1094 18.5930
v  4.2350 -2.1434 18.5930
v  4.2350 2.1287 18.5930
v  3.5563 -2.0370 1.4853
v  3.5563 -2.1094 1.4853
v  3.5563 -2.1639 1.5397
v  3.5563 -2.1434 1.5057
v  3.5563 -2.1639 18.6202
v  4.0028 -2.1639 18.6202
v  4.2554 -2.0370 18.6202
v  4.2554 -1.6847 18.6202
v  4.2554 2.0222 18.6202
v  4.1286 2.1490 18.6202
v  4.0028 2.1490 18.6202
v  4.2554 -2.1094 18.6202
v  4.1286 -2.1639 18.6202
v  4.2010 -2.1639 18.6202
v  4.2554 2.0946 18.6202
v  4.2010 2.1490 18.6202
v  4.2350 -2.1434 18.6202
v  4.2350 2.1286 18.6202
v  3.5563 2.1490 18.6202
v  -3.5563 2.1491 14.4630
v  -3.5563 2.1491 15.0702
v  -3.5563 -2.1639 18.3507
v  -3.5563 -2.1639 17.9530
v  -3.4987 -1.6847 15.0340
v  -3.4706 -1.6847 15.0702
v  -3.4774 -1.7210 15.0702
v  -3.5563 2.1491 10.0594
v  -3.5563 2.1491 10.2724
v  -3.5503 -2.1639 6.1269
v  -3.5503 -2.1367 6.1178
v  -3.5503 -2.1639 6.0634
v  -3.5503 -2.1639 5.8697
v  -3.5503 -2.1639 5.7790
v  -3.5508 -2.1639 5.3814
v  -3.7526 -1.6484 14.7883
v  -3.7525 -1.6847 14.7883
v  -3.5521 -2.1639 14.4717
v  -3.5521 -2.1639 14.4445
v  -3.5508 -2.1639 13.7624
v  -3.4758 -2.1639 13.7261
v  -3.7593 1.6654 9.8176
v  -3.7594 1.7020 5.6270
v  -3.7594 1.7020 5.5907
v  -3.7526 -1.6484 2.2167
v  -3.7525 -1.6847 2.2167
v  -3.7593 1.6654 5.6270
v  -3.5563 -1.6847 1.4853
v  -3.5563 2.0223 1.4853
v  -3.5563 2.1491 1.5397
v  -3.5563 2.1491 1.6121
v  -3.5563 -2.1639 1.6121
v  -3.5563 -2.1639 1.5397
v  -3.5563 2.0947 1.4853
v  -3.4773 -1.6847 5.3451
v  -3.5054 -1.6847 5.3814
v  -3.5563 -2.1094 1.4853
v  -3.5563 -2.0370 1.4853
v  -3.7594 1.7020 18.1624
v  -3.7594 1.7020 14.8269
v  -3.5054 -1.6847 17.9530
v  -3.7160 -1.6847 18.1624
v  -3.4774 -1.7210 17.9167
v  -3.4773 -1.6847 17.9167
v  -3.7594 1.7020 14.7883
v  -3.7593 1.6642 14.7883
v  -3.7150 -1.6847 14.8246
v  -3.5521 -2.1639 14.2508
v  -3.7525 -1.6847 10.5977
v  -3.7150 -1.6847 10.6340
v  -3.4987 -1.6847 6.6529
v  -3.4706 -1.6847 6.6892
v  -3.4774 -1.7210 6.6892
v  -3.5503 -2.1367 6.0997
v  -3.5503 -2.1639 6.0906
v  -3.5503 -2.1639 10.3447
v  -3.5503 -2.1639 10.3175
v  -3.5054 -1.6847 9.5719
v  -3.7160 -1.6847 9.7813
v  -3.7594 1.7020 2.2552
v  -3.7594 1.7020 2.2167
v  -3.7593 1.6642 2.2167
v  -3.5563 -2.1639 1.8729
v  -3.7593 1.6642 10.5977
v  -3.7526 -1.6484 10.5977
v  -3.4774 -1.7210 2.4986
v  -3.4774 -2.1276 2.4986
v  -3.5563 -2.1639 18.5930
v  -3.5563 -2.1639 18.4414
v  -3.7160 -1.6847 13.9718
v  -3.7525 -1.6847 14.0081
v  -3.5563 2.1491 13.7623
v  -3.5563 2.1491 14.2500
v  -3.7594 1.7020 9.8176
v  -3.7594 1.7020 9.7813
v  -3.5563 2.1491 6.0819
v  -3.5563 2.1491 6.6892
v  -3.5503 -2.1094 6.1088
v  -3.5563 -2.1639 1.9001
v  -3.7160 -1.6847 5.5907
v  -3.7525 -1.6847 5.6270
v  -3.4774 -2.1276 13.7261
v  -3.4987 -1.6847 10.8434
v  -3.4706 -1.6847 10.8797
v  -3.4774 -1.7210 10.8797
v  -3.5521 -2.1639 14.1873
v  -3.5521 -2.1639 14.1601
v  -3.5503 -2.1639 9.9968
v  -3.5503 -2.1639 9.9696
v  -3.5054 -1.6847 13.7624
v  -3.5563 2.1491 9.5718
v  -3.4774 -1.7210 9.5356
v  -3.4773 -1.6847 9.5356
v  -3.7594 1.7020 6.4072
v  -3.7593 1.6642 6.4072
v  -3.4773 -1.6847 13.7261
v  -3.7594 1.7020 10.5977
v  -3.4774 -2.1276 9.5356
v  -3.4771 -2.1639 15.0702
v  -3.5500 -2.1639 15.0340
v  -3.5563 -2.1639 18.4142
v  -3.5563 -2.1367 18.4051
v  -3.5503 -2.1639 10.2812
v  -3.5503 -2.1639 10.2539
v  -3.5521 -2.1639 14.2236
v  -3.5521 -2.1367 14.2145
v  -3.7526 -1.6484 6.4072
v  -3.7525 -1.6847 6.4072
v  -3.4771 -2.1639 2.4986
v  -3.5563 -2.1639 2.4623
v  -3.5563 2.1491 1.8914
v  -3.5563 2.1491 2.4986
v  -3.5563 2.1287 1.5057
v  -3.7594 1.7020 6.4458
v  -3.4774 -1.7210 13.7261
v  -3.5563 -2.1367 1.9273
v  -3.5563 -2.1094 1.9182
v  -3.5563 2.1491 18.5930
v  -3.5563 2.1490 18.6202
v  -3.5563 -2.1094 18.3960
v  -3.7526 -1.6484 14.0081
v  -3.7593 1.6654 14.0081
v  -3.5503 -2.1367 5.8335
v  -3.5503 -2.1094 5.8244
v  -3.5503 -2.1639 5.8425
v  -3.5503 -2.1367 5.8153
v  -3.5563 -2.1367 1.9092
v  -3.5563 2.1491 18.4405
v  -4.2554 -2.0370 15.0338
v  -4.2554 -1.6847 15.0338
v  -4.2554 -1.6847 14.4447
v  -4.2554 -2.0370 14.4447
v  -4.2554 2.0223 17.9528
v  -4.2554 2.0223 15.0338
v  -4.2554 -1.6847 17.9528
v  -4.1286 -2.1639 17.9528
v  -4.1286 -2.1639 15.0338
v  -4.0036 -2.1639 15.0338
v  -4.0036 -2.1639 17.9529
v  -4.0028 2.1491 15.0439
v  -4.0028 2.1491 17.9528
v  -3.5563 2.1491 17.9528
v  -4.2554 2.0223 18.4405
v  -4.2554 -1.6847 18.4405
v  -4.1286 -2.1639 18.4405
v  -4.0039 -2.1639 18.4414
v  -4.0028 2.1491 18.4405
v  -3.5137 -1.7210 15.1065
v  -3.5137 -1.7210 17.8804
v  -3.5137 -2.1276 17.8804
v  -3.5137 -2.1276 15.1065
v  -4.2554 -2.0370 17.9528
v  -4.2554 -2.0370 18.5930
v  -4.2554 -1.6847 18.5930
v  -4.2554 -2.0370 18.4405
v  -3.7957 -1.6484 14.8314
v  -3.7957 1.6658 14.8246
v  -3.7957 1.6658 18.1623
v  -3.7957 -1.6484 18.1556
v  -3.5500 -1.6847 15.0853
v  -3.7594 -1.6847 14.8689
v  -3.7594 -1.6847 18.1189
v  -3.5500 -1.6847 17.9077
v  -4.2010 -2.1639 15.0338
v  -4.2010 -2.1639 17.9528
v  -4.2010 -2.1639 18.4405
v  -4.2554 2.0947 15.0338
v  -4.2554 2.0947 17.9528
v  -4.2554 2.0947 18.4405
v  -4.2554 -2.1094 15.0338
v  -4.2554 -2.1094 17.9528
v  -4.2554 -2.1094 18.4405
v  -4.1286 2.1491 15.0338
v  -4.2010 2.1491 15.0338
v  -4.2010 2.1491 17.9528
v  -4.1286 2.1491 17.9528
v  -4.2010 2.1491 18.4405
v  -4.1286 2.1491 18.4405
v  -4.2350 -2.1434 15.0338
v  -4.2350 -2.1434 17.9528
v  -4.2350 -2.1434 18.4405
v  -4.2350 2.1287 15.0338
v  -4.2350 2.1287 17.9528
v  -4.2350 2.1287 18.4405
v  -3.5137 -2.1639 17.8785
v  -3.5137 -2.1639 15.1056
v  -3.5137 -1.6847 15.1134
v  -3.5137 -1.6847 17.8796
v  -3.7957 1.7020 14.8246
v  -3.7957 1.7020 14.7883
v  -3.5137 -1.7210 17.9167
v  -3.5137 -2.1276 17.9167
v  -3.7957 1.7020 18.1987
v  -3.7957 1.6659 18.1987
v  -3.7957 1.7020 18.1624
v  -3.5500 -1.6847 17.9530
v  -3.7594 -1.6847 18.1624
v  -3.5137 -2.1639 17.9167
v  -3.5137 -1.6847 17.9167
v  -3.4774 -2.1276 17.9167
v  -3.4758 -2.1639 17.9167
v  -3.7594 1.7020 18.1987
v  -3.7593 1.6654 18.1987
v  -3.5137 -2.1276 15.0702
v  -3.5137 -1.7210 15.0702
v  -3.7957 -1.6484 14.7883
v  -3.7957 1.6653 14.7883
v  -3.5500 -1.6847 15.0340
v  -3.7594 -1.6847 14.8246
v  -3.5137 -2.1639 15.0702
v  -3.5137 -1.6847 15.0702
v  -3.4774 -2.1276 15.0702
v  -3.7957 -1.6484 18.1987
v  -3.7526 -1.6484 18.1987
v  -3.7957 -1.6847 18.1555
v  -3.7957 -1.6847 14.8314
v  -3.7957 -1.6847 18.1987
v  -3.7525 -1.6847 18.1987
v  -3.7957 -1.6847 14.7883
v  -4.1286 -2.1639 14.4447
v  -4.0036 -2.1639 14.4445
v  -4.0028 2.1491 14.4498
v  -4.2554 2.0947 14.4447
v  -4.2554 2.0223 14.4447
v  -4.2554 -2.1094 14.4447
v  -4.1286 2.1491 14.4447
v  -4.2010 2.1491 14.4447
v  -4.2350 -2.1434 14.4447
v  -4.2010 -2.1639 14.4447
v  -4.2350 2.1287 14.4447
v  -3.9129 -2.1639 17.9529
v  -3.9129 -2.1639 15.0338
v  -4.1286 2.1491 18.5930
v  -4.0028 2.1491 18.5930
v  -3.9129 -2.1639 14.5351
v  -3.5521 -2.1639 14.5352
v  -4.0028 -2.1639 18.5930
v  -4.1286 -2.1639 18.5930
v  -4.2010 -2.1639 18.5930
v  -4.2554 2.0947 18.5930
v  -4.2554 2.0223 18.5930
v  -4.2010 2.1491 18.5930
v  -3.9129 -2.1639 18.3507
v  -3.9764 -2.1639 17.9529
v  -3.9764 -2.1639 15.0338
v  -3.9766 -2.1639 18.3847
v  -3.9766 -2.1639 18.4142
v  -3.9765 -2.1639 14.5015
v  -3.9503 -2.1639 14.4716
v  -3.9401 -2.1639 15.0338
v  -3.9401 -2.1639 17.9529
v  -3.9470 -2.1639 18.4142
v  -3.9401 -2.1639 14.5079
v  -3.9129 -2.1639 14.5079
v  -3.9401 -2.1639 14.5340
v  -3.9401 -2.1639 18.3779
v  -3.9401 -2.1639 18.3519
v  -3.9136 -2.1639 18.3779
v  -3.9674 -2.1367 17.9529
v  -3.9674 -2.1367 15.0338
v  -3.9675 -2.1367 18.4051
v  -3.9675 -2.1367 18.3755
v  -3.9674 -2.1367 14.5101
v  -3.9674 -2.1367 14.4807
v  -3.9765 -2.1639 14.4716
v  -3.9422 -2.1367 14.4807
v  -3.9492 -2.1367 15.0338
v  -3.9492 -2.1367 17.9529
v  -3.9396 -2.1367 18.4051
v  -3.9340 -2.1094 14.4897
v  -3.9235 -2.1367 14.4988
v  -3.9492 -2.1367 14.4988
v  -3.9583 -2.1094 14.4897
v  -3.9583 -2.1094 15.0338
v  -3.9583 -2.1094 14.5187
v  -3.9492 -2.1367 14.5264
v  -3.9583 -2.1094 18.3663
v  -3.9492 -2.1367 18.3591
v  -3.9492 -2.1367 18.3869
v  -3.9583 -2.1094 18.3960
v  -3.9321 -2.1094 18.3960
v  -3.9229 -2.1367 18.3869
v  -3.9583 -2.1094 17.9529
v  -3.5521 -2.1367 14.4808
v  -3.5521 -2.1094 14.4898
v  -4.1286 -2.1639 14.2500
v  -4.0039 -2.1639 14.2508
v  -4.0028 2.1491 14.2500
v  -4.2554 2.0947 14.2500
v  -4.2554 2.0223 14.2500
v  -4.2350 -2.1434 14.2500
v  -4.2010 -2.1639 14.2500
v  -4.2554 -2.0370 10.8432
v  -4.2554 -1.6847 10.8432
v  -4.2554 -1.6847 10.2542
v  -4.2554 -2.0370 10.2542
v  -4.2554 2.0223 13.7623
v  -4.2554 2.0223 10.8432
v  -4.2554 -1.6847 13.7623
v  -4.1286 -2.1639 13.7623
v  -4.1286 -2.1639 10.8432
v  -4.0036 -2.1639 10.8433
v  -4.0036 -2.1639 13.7623
v  -3.5563 2.1491 10.8797
v  -4.0028 2.1491 10.8533
v  -4.0028 2.1491 13.7623
v  -4.2554 -1.6847 14.2500
v  -3.5137 -1.7210 10.9160
v  -3.5137 -1.7210 13.6899
v  -3.5137 -2.1276 13.6899
v  -3.5137 -2.1276 10.9160
v  -4.2554 -2.0370 13.7623
v  -4.2554 -2.0370 14.2500
v  -3.7957 -1.6484 10.6408
v  -3.7957 1.6658 10.6341
v  -3.7957 1.6658 13.9718
v  -3.7957 -1.6484 13.9650
v  -3.5500 -1.6847 10.8947
v  -3.7594 -1.6847 10.6784
v  -3.7594 -1.6847 13.9284
v  -3.5500 -1.6847 13.7172
v  -4.2010 -2.1639 10.8432
v  -4.2010 -2.1639 13.7623
v  -4.2554 2.0947 10.8432
v  -4.2554 2.0947 13.7623
v  -4.2554 -2.1094 10.8432
v  -4.2554 -2.1094 13.7623
v  -4.2554 -2.1094 14.2500
v  -4.1286 2.1491 10.8432
v  -4.2010 2.1491 10.8432
v  -4.2010 2.1491 13.7623
v  -4.1286 2.1491 13.7623
v  -4.2010 2.1491 14.2500
v  -4.1286 2.1491 14.2500
v  -4.2350 -2.1434 10.8432
v  -4.2350 -2.1434 13.7623
v  -4.2350 2.1287 10.8432
v  -4.2350 2.1287 13.7623
v  -4.2350 2.1287 14.2500
v  -3.5137 -2.1639 13.6880
v  -3.5500 -2.1639 10.8434
v  -3.5137 -2.1639 10.9150
v  -3.5137 -1.6847 10.9229
v  -3.5137 -1.6847 13.6890
v  -3.7594 1.7020 10.6363
v  -3.7957 1.7020 10.6340
v  -3.7957 1.7020 10.5977
v  -3.5137 -1.7210 13.7261
v  -3.5137 -2.1276 13.7261
v  -3.7957 1.7020 14.0081
v  -3.7957 1.6659 14.0081
v  -3.7957 1.7020 13.9718
v  -3.5500 -1.6847 13.7624
v  -3.7594 -1.6847 13.9718
v  -3.5137 -2.1639 13.7261
v  -3.5137 -1.6847 13.7261
v  -3.7594 1.7020 14.0081
v  -3.7594 1.7020 13.9718
v  -3.5137 -2.1276 10.8797
v  -3.5137 -1.7210 10.8797
v  -3.7957 -1.6484 10.5977
v  -3.7957 1.6653 10.5977
v  -3.5500 -1.6847 10.8434
v  -3.7594 -1.6847 10.6340
v  -3.5137 -2.1639 10.8797
v  -3.5137 -1.6847 10.8797
v  -3.4771 -2.1639 10.8797
v  -3.4774 -2.1276 10.8797
v  -3.7957 -1.6484 14.0081
v  -3.7957 -1.6847 13.9650
v  -3.7957 -1.6847 10.6409
v  -3.7957 -1.6847 14.0081
v  -3.7957 -1.6847 10.5977
v  -4.1286 -2.1639 10.2542
v  -4.0036 -2.1639 10.2540
v  -4.0028 2.1491 10.2593
v  -4.2554 -2.0370 10.0594
v  -4.2554 -1.6847 10.0594
v  -4.2554 2.0947 10.2542
v  -4.2554 2.0223 10.2542
v  -4.2554 -2.1094 10.2542
v  -4.1286 2.1491 10.2542
v  -4.2010 2.1491 10.2542
v  -4.2350 -2.1434 10.2542
v  -4.2010 -2.1639 10.2542
v  -4.2350 2.1287 10.2542
v  -4.0028 2.1491 10.0594
v  -4.1286 2.1491 10.0594
v  -3.9129 -2.1639 13.7624
v  -3.9129 -2.1639 10.8433
v  -3.9129 -2.1639 10.3446
v  -3.9129 -2.1639 14.1601
v  -3.9764 -2.1639 13.7623
v  -3.9764 -2.1639 10.8433
v  -3.9766 -2.1639 14.1942
v  -3.9766 -2.1639 14.2236
v  -3.9765 -2.1639 10.3110
v  -3.9503 -2.1639 10.2811
v  -3.9401 -2.1639 10.8433
v  -3.9401 -2.1639 13.7623
v  -3.9470 -2.1639 14.2236
v  -3.9401 -2.1639 10.3173
v  -3.9129 -2.1639 10.3174
v  -3.9401 -2.1639 10.3435
v  -3.9401 -2.1639 14.1873
v  -3.9401 -2.1639 14.1613
v  -3.9136 -2.1639 14.1873
v  -3.9674 -2.1367 13.7623
v  -3.9674 -2.1367 10.8433
v  -3.9675 -2.1367 14.2145
v  -3.9675 -2.1367 14.1850
v  -3.9674 -2.1367 10.3196
v  -3.9674 -2.1367 10.2901
v  -3.9765 -2.1639 10.2811
v  -3.9422 -2.1367 10.2901
v  -3.9492 -2.1367 10.8433
v  -3.9492 -2.1367 13.7623
v  -3.9396 -2.1367 14.2145
v  -3.9340 -2.1094 10.2992
v  -3.9235 -2.1367 10.3083
v  -3.9492 -2.1367 10.3083
v  -3.9583 -2.1094 10.2992
v  -3.9583 -2.1094 10.8433
v  -3.9583 -2.1094 10.3282
v  -3.9492 -2.1367 10.3358
v  -3.9583 -2.1094 14.1758
v  -3.9492 -2.1367 14.1686
v  -3.9492 -2.1367 14.1964
v  -3.9583 -2.1094 14.2055
v  -3.5521 -2.1094 14.2055
v  -3.9321 -2.1094 14.2055
v  -3.9229 -2.1367 14.1964
v  -3.5521 -2.1367 14.1964
v  -3.9583 -2.1094 13.7623
v  -3.5503 -2.1367 10.3084
v  -3.5503 -2.1367 10.2902
v  -3.5503 -2.1094 10.2993
v  -4.1286 -2.1639 10.0594
v  -4.0039 -2.1639 10.0603
v  -4.2554 -2.1094 10.0594
v  -4.2350 -2.1434 10.0594
v  -4.2010 -2.1639 10.0594
v  -4.2554 2.0223 10.0594
v  -4.2554 -2.0370 6.6527
v  -4.2554 -1.6847 6.6527
v  -4.2554 -1.6847 6.0637
v  -4.2554 -2.0370 6.0637
v  -4.2554 2.0223 9.5718
v  -4.2554 2.0223 6.6527
v  -4.2554 -1.6847 9.5718
v  -4.1286 -2.1639 9.5718
v  -4.1286 -2.1639 6.6527
v  -4.0036 -2.1639 6.6527
v  -4.0036 -2.1639 9.5718
v  -4.0028 2.1491 6.6628
v  -4.0028 2.1491 9.5718
v  -3.5137 -1.7210 6.7255
v  -3.5137 -1.7210 9.4993
v  -3.5137 -2.1276 9.4993
v  -3.5137 -2.1276 6.7255
v  -4.2554 -2.0370 9.5718
v  -3.7957 -1.6484 6.4503
v  -3.7957 1.6658 6.4436
v  -3.7957 1.6658 9.7812
v  -3.7957 -1.6484 9.7745
v  -3.5500 -1.6847 6.7042
v  -3.7594 -1.6847 6.4878
v  -3.7594 -1.6847 9.7378
v  -3.5500 -1.6847 9.5266
v  -4.2010 -2.1639 6.6527
v  -4.2010 -2.1639 9.5718
v  -4.2554 2.0947 6.6527
v  -4.2554 2.0947 9.5718
v  -4.2554 2.0947 10.0594
v  -4.2554 -2.1094 6.6527
v  -4.2554 -2.1094 9.5718
v  -4.1286 2.1491 6.6527
v  -4.2010 2.1491 6.6527
v  -4.2010 2.1491 9.5718
v  -4.1286 2.1491 9.5718
v  -4.2010 2.1491 10.0594
v  -4.2350 -2.1434 6.6527
v  -4.2350 -2.1434 9.5718
v  -4.2350 2.1287 6.6527
v  -4.2350 2.1287 9.5718
v  -4.2350 2.1287 10.0594
v  -3.5137 -2.1639 9.4974
v  -3.5508 -2.1639 9.5719
v  -3.5500 -2.1639 6.6529
v  -3.5137 -2.1639 6.7245
v  -3.5137 -1.6847 6.7323
v  -3.5137 -1.6847 9.4985
v  -3.7957 1.7020 6.4435
v  -3.7957 1.7020 6.4072
v  -3.5137 -1.7210 9.5356
v  -3.5137 -2.1276 9.5356
v  -3.7957 1.7020 9.8176
v  -3.7957 1.6659 9.8176
v  -3.7957 1.7020 9.7813
v  -3.5500 -1.6847 9.5719
v  -3.7594 -1.6847 9.7813
v  -3.5137 -2.1639 9.5356
v  -3.5137 -1.6847 9.5356
v  -3.4758 -2.1639 9.5356
v  -3.5137 -2.1276 6.6892
v  -3.5137 -1.7210 6.6892
v  -3.7957 -1.6484 6.4072
v  -3.7957 1.6653 6.4072
v  -3.5500 -1.6847 6.6529
v  -3.7594 -1.6847 6.4435
v  -3.5137 -2.1639 6.6892
v  -3.5137 -1.6847 6.6892
v  -3.4771 -2.1639 6.6892
v  -3.4774 -2.1276 6.6892
v  -3.7150 -1.6847 6.4435
v  -3.7957 -1.6484 9.8176
v  -3.7957 -1.6847 9.7744
v  -3.7957 -1.6847 6.4504
v  -3.7957 -1.6847 9.8176
v  -3.7957 -1.6847 6.4072
v  -4.1286 -2.1639 6.0637
v  -4.0036 -2.1639 6.0634
v  -4.0028 2.1491 6.0687
v  -4.2554 -1.6847 5.8689
v  -4.2554 -2.0370 5.8689
v  -4.2554 2.0947 6.0637
v  -4.2554 2.0223 6.0637
v  -4.2554 -2.1094 6.0637
v  -4.1286 2.1491 6.0637
v  -4.2010 2.1491 6.0637
v  -4.2350 -2.1434 6.0637
v  -4.2010 -2.1639 6.0637
v  -4.2350 2.1287 6.0637
v  -4.0028 2.1491 5.8689
v  -4.1286 2.1491 5.8689
v  -3.9129 -2.1639 9.5718
v  -3.9129 -2.1639 6.6528
v  -3.5503 -2.1639 10.0603
v  -3.9129 -2.1639 6.1540
v  -3.5503 -2.1639 6.1541
v  -3.9129 -2.1639 9.9696
v  -3.9764 -2.1639 9.5718
v  -3.9764 -2.1639 6.6527
v  -3.9766 -2.1639 10.0037
v  -3.9766 -2.1639 10.0331
v  -3.9765 -2.1639 6.1204
v  -3.9503 -2.1639 6.0905
v  -3.9401 -2.1639 6.6528
v  -3.9401 -2.1639 9.5718
v  -3.9470 -2.1639 10.0331
v  -3.5503 -2.1639 10.0331
v  -3.9401 -2.1639 6.1268
v  -3.9129 -2.1639 6.1268
v  -3.9401 -2.1639 6.1529
v  -3.9401 -2.1639 9.9968
v  -3.9401 -2.1639 9.9708
v  -3.9136 -2.1639 9.9968
v  -3.9674 -2.1367 9.5718
v  -3.9674 -2.1367 6.6527
v  -3.9675 -2.1367 10.0240
v  -3.9675 -2.1367 9.9944
v  -3.9674 -2.1367 6.1290
v  -3.9674 -2.1367 6.0996
v  -3.9765 -2.1639 6.0905
v  -3.9422 -2.1367 6.0996
v  -3.9492 -2.1367 6.6528
v  -3.9492 -2.1367 9.5718
v  -3.9396 -2.1367 10.0240
v  -3.5503 -2.1367 10.0240
v  -3.9340 -2.1094 6.1087
v  -3.9235 -2.1367 6.1177
v  -3.9492 -2.1367 6.1177
v  -3.9583 -2.1094 6.1087
v  -3.9583 -2.1094 6.6527
v  -3.9583 -2.1094 6.1377
v  -3.9492 -2.1367 6.1453
v  -3.9583 -2.1094 9.9852
v  -3.9492 -2.1367 9.9780
v  -3.9492 -2.1367 10.0059
v  -3.9583 -2.1094 10.0149
v  -3.5503 -2.1094 10.0149
v  -3.9321 -2.1094 10.0149
v  -3.9229 -2.1367 10.0059
v  -3.5503 -2.1367 10.0059
v  -3.9583 -2.1094 9.5718
v  -4.1286 -2.1639 5.8689
v  -4.0039 -2.1639 5.8697
v  -3.5563 2.1491 5.8689
v  -4.2554 2.0947 5.8689
v  -4.2554 2.0223 5.8689
v  -4.2010 2.1491 5.8689
v  -4.2350 -2.1434 5.8689
v  -4.2010 -2.1639 5.8689
v  -4.2350 2.1287 5.8689
v  -4.2554 -2.0370 2.4622
v  -4.2554 -1.6847 2.4622
v  -4.2554 -1.6847 1.8731
v  -4.2554 -2.0370 1.8731
v  -4.2554 2.0223 5.3812
v  -4.2554 2.0223 2.4622
v  -4.2554 -1.6847 5.3812
v  -4.1286 -2.1639 5.3812
v  -4.1286 -2.1639 2.4622
v  -4.0036 -2.1639 2.4622
v  -4.0036 -2.1639 5.3812
v  -4.0028 2.1491 2.4723
v  -4.0028 2.1491 5.3812
v  -3.5563 2.1491 5.3812
v  -3.5137 -1.7210 2.5349
v  -3.5137 -1.7210 5.3088
v  -3.5137 -2.1276 5.3088
v  -3.5137 -2.1276 2.5349
v  -4.2554 -2.0370 5.3812
v  -3.7957 -1.6484 2.2597
v  -3.7957 1.6658 2.2530
v  -3.7957 1.6658 5.5907
v  -3.7957 -1.6484 5.5840
v  -3.5500 -1.6847 2.5137
v  -3.7594 -1.6847 2.2973
v  -3.7594 -1.6847 5.5473
v  -3.5500 -1.6847 5.3361
v  -4.2010 -2.1639 2.4622
v  -4.2010 -2.1639 5.3812
v  -4.2554 2.0947 2.4622
v  -4.2554 2.0947 5.3812
v  -4.2554 -2.1094 2.4622
v  -4.2554 -2.1094 5.3812
v  -4.2554 -2.1094 5.8689
v  -4.1286 2.1491 2.4622
v  -4.2010 2.1491 2.4622
v  -4.2010 2.1491 5.3812
v  -4.1286 2.1491 5.3812
v  -4.2350 -2.1434 2.4622
v  -4.2350 -2.1434 5.3812
v  -4.2350 2.1287 2.4622
v  -4.2350 2.1287 5.3812
v  -3.5137 -2.1639 5.3069
v  -3.5137 -2.1639 2.5339
v  -3.5137 -1.6847 2.5418
v  -3.5137 -1.6847 5.3080
v  -3.7957 1.7020 2.2529
v  -3.7957 1.7020 2.2167
v  -3.5137 -1.7210 5.3451
v  -3.5137 -2.1276 5.3451
v  -3.7957 1.7020 5.6270
v  -3.7957 1.6659 5.6270
v  -3.7957 1.7020 5.5907
v  -3.5500 -1.6847 5.3814
v  -3.7594 -1.6847 5.5907
v  -3.5137 -2.1639 5.3451
v  -3.5137 -1.6847 5.3451
v  -3.4774 -2.1276 5.3451
v  -3.4758 -2.1639 5.3451
v  -3.4774 -1.7210 5.3451
v  -3.5137 -2.1276 2.4986
v  -3.5137 -1.7210 2.4986
v  -3.7957 -1.6484 2.2167
v  -3.7957 1.6653 2.2167
v  -3.5500 -1.6847 2.4623
v  -3.7594 -1.6847 2.2529
v  -3.5137 -2.1639 2.4986
v  -3.5137 -1.6847 2.4986
v  -3.4706 -1.6847 2.4986
v  -3.4987 -1.6847 2.4623
v  -3.7150 -1.6847 2.2529
v  -3.7957 -1.6484 5.6270
v  -3.7526 -1.6484 5.6270
v  -3.7957 -1.6847 5.5839
v  -3.7957 -1.6847 2.2598
v  -3.7957 -1.6847 5.6270
v  -3.7957 -1.6847 2.2167
v  -4.1286 -2.1639 1.8731
v  -4.0036 -2.1639 1.8729
v  -4.0028 2.1491 1.8782
v  -4.2554 2.0947 1.8731
v  -4.2554 2.0223 1.8731
v  -4.2554 -2.1094 1.8731
v  -4.1286 2.1491 1.8731
v  -4.2010 2.1491 1.8731
v  -4.2350 -2.1434 1.8731
v  -4.2010 -2.1639 1.8731
v  -4.2350 2.1287 1.8731
v  -4.0028 2.1491 1.6121
v  -4.1286 2.1491 1.6121
v  -3.9129 -2.1639 5.3813
v  -3.9129 -2.1639 2.4622
v  -3.9129 -2.1639 1.9635
v  -3.5563 -2.1639 1.9636
v  -3.9129 -2.1639 5.7790
v  -3.9764 -2.1639 5.3813
v  -3.9764 -2.1639 2.4622
v  -3.9766 -2.1639 5.8131
v  -3.9766 -2.1639 5.8425
v  -3.9765 -2.1639 1.9299
v  -3.9503 -2.1639 1.9000
v  -3.9401 -2.1639 2.4622
v  -3.9401 -2.1639 5.3813
v  -3.9470 -2.1639 5.8425
v  -3.9401 -2.1639 1.9363
v  -3.9129 -2.1639 1.9363
v  -3.9401 -2.1639 1.9624
v  -3.9401 -2.1639 5.8062
v  -3.9401 -2.1639 5.7803
v  -3.9136 -2.1639 5.8062
v  -3.5503 -2.1639 5.8062
v  -3.9674 -2.1367 5.3813
v  -3.9674 -2.1367 2.4622
v  -3.9675 -2.1367 5.8335
v  -3.9675 -2.1367 5.8039
v  -3.9674 -2.1367 1.9385
v  -3.9674 -2.1367 1.9090
v  -3.9765 -2.1639 1.9000
v  -3.9422 -2.1367 1.9091
v  -3.9492 -2.1367 2.4622
v  -3.9492 -2.1367 5.3813
v  -3.9396 -2.1367 5.8335
v  -3.9340 -2.1094 1.9181
v  -3.9235 -2.1367 1.9272
v  -3.9492 -2.1367 1.9272
v  -3.9583 -2.1094 1.9181
v  -3.9583 -2.1094 2.4622
v  -3.9583 -2.1094 1.9471
v  -3.9492 -2.1367 1.9548
v  -3.9583 -2.1094 5.7947
v  -3.9492 -2.1367 5.7875
v  -3.9492 -2.1367 5.8153
v  -3.9583 -2.1094 5.8244
v  -3.9321 -2.1094 5.8244
v  -3.9229 -2.1367 5.8153
v  -3.9583 -2.1094 5.3813
v  -3.5563 -2.1639 1.9364
v  -4.2554 2.0947 1.6121
v  -4.2554 2.0223 1.6121
v  -4.2350 2.1287 1.6121
v  -4.2010 2.1491 1.6121
v  -4.0028 2.0223 1.4853
v  -4.0028 -1.6847 1.4853
v  -4.1286 -2.0370 1.4853
v  -4.1286 -1.6847 1.4853
v  -4.0028 -2.0370 1.4853
v  -4.2010 2.0223 1.4853
v  -4.1286 2.0223 1.4853
v  -4.2010 -1.6847 1.4853
v  -4.1286 -2.1094 1.4853
v  -4.0028 -2.1094 1.4853
v  -4.0028 2.0947 1.4853
v  -4.2010 -2.0370 1.4853
v  -4.1286 -2.1639 1.6121
v  -4.1286 -2.1639 1.5397
v  -4.0028 -2.1639 1.5397
v  -4.0028 -2.1639 1.6121
v  -4.2554 2.0223 1.5397
v  -4.2554 -1.6847 1.5397
v  -4.2554 -1.6847 1.6121
v  -4.2554 -2.0370 1.5397
v  -4.2554 -2.0370 1.6121
v  -4.0028 2.1491 1.5397
v  -4.2554 -2.1094 1.5397
v  -4.2554 -2.1094 1.6121
v  -4.2010 -2.1639 1.6121
v  -4.2010 -2.1639 1.5397
v  -4.2010 -2.1094 1.4853
v  -4.2554 2.0947 1.5397
v  -4.2010 2.0947 1.4853
v  -4.1286 2.0947 1.4853
v  -4.1286 2.1491 1.5397
v  -4.2010 2.1491 1.5397
v  -4.1286 -2.1434 1.5057
v  -4.0028 -2.1434 1.5057
v  -4.2350 2.0223 1.5057
v  -4.2350 -1.6847 1.5057
v  -4.2350 -2.0370 1.5057
v  -4.0028 2.1287 1.5057
v  -4.2350 -2.1094 1.5057
v  -4.2350 -2.1434 1.6121
v  -4.2350 -2.1434 1.5397
v  -4.2010 -2.1434 1.5057
v  -4.2350 2.1287 1.5397
v  -4.2350 2.0947 1.5057
v  -4.1286 2.1287 1.5057
v  -4.2010 2.1287 1.5057
v  -4.2269 -2.1353 1.5138
v  -4.2269 2.1206 1.5138
v  -4.2554 -2.1094 18.5930
v  -4.2350 -2.1434 18.5930
v  -4.2350 2.1287 18.5930
v  -3.5563 -2.1434 1.5057
v  -3.5563 -2.1639 18.6202
v  -4.0028 -2.1639 18.6202
v  -4.2554 -2.0370 18.6202
v  -4.2554 -1.6847 18.6202
v  -4.2554 2.0222 18.6202
v  -4.1286 2.1490 18.6202
v  -4.0028 2.1490 18.6202
v  -4.2554 -2.1094 18.6202
v  -4.1286 -2.1639 18.6202
v  -4.2010 -2.1639 18.6202
v  -4.2554 2.0946 18.6202
v  -4.2010 2.1490 18.6202
v  -4.2350 -2.1434 18.6202
v  -4.2350 2.1286 18.6202
v  4.3991 -2.3244 19.2694
v  4.3991 -1.9162 19.2694
v  3.9021 -1.9162 19.2694
v  3.9021 -2.3244 19.2694
v  4.6199 -2.3244 19.2694
v  4.6199 -1.9162 19.2694
v  4.5392 -1.9162 19.2694
v  4.5392 -2.3244 19.2694
v  3.9021 -2.4084 19.2694
v  4.3991 -2.4084 19.2694
v  4.6199 2.3095 19.2694
v  4.5392 2.3095 19.2694
v  4.5392 -2.4084 19.2694
v  4.6199 -2.4084 19.2694
v  3.9021 -2.4477 19.2405
v  4.3991 -2.4477 19.2405
v  4.6577 -2.3244 19.2405
v  4.6577 -1.9162 19.2405
v  4.6577 -2.4084 19.2405
v  4.6805 -2.4084 19.1924
v  4.6805 -2.3244 19.1924
v  4.5392 -2.4477 19.2405
v  4.6199 -2.4477 19.2405
v  3.9021 -2.4715 19.1924
v  4.3991 -2.4715 19.1924
v  4.5392 -2.4715 19.1924
v  4.6199 -2.4715 19.1924
v  4.6805 -1.9162 19.1924
v  4.6487 -2.4384 19.2290
v  4.6577 -2.4477 19.1924
v  4.4294 -1.7744 18.7915
v  4.4293 -2.1480 18.7914
v  4.2788 -2.0519 18.6432
v  4.2788 -1.6967 18.6432
v  4.4351 -2.2287 18.7922
v  4.2783 -2.1246 18.6421
v  4.4160 -2.2664 18.7921
v  4.2575 -2.1587 18.6416
v  4.3641 -2.2769 18.7896
v  4.2244 -2.1801 18.6445
v  4.2743 -2.2769 18.7896
v  4.1517 -2.1803 18.6469
v  4.1438 -2.2769 18.7896
v  4.0251 -2.1803 18.6469
v  3.6794 -2.2769 18.7896
v  3.5757 -2.1801 18.6467
v  4.6681 -1.9087 19.1682
v  4.6681 -2.3152 19.1682
v  4.6108 -2.2722 19.0559
v  4.6109 -1.8743 19.0560
v  4.6677 -2.3984 19.1682
v  4.6077 -2.3516 19.0547
v  4.6446 -2.4373 19.1682
v  4.5829 -2.3880 19.0537
v  4.6077 -2.4615 19.1682
v  4.5509 -2.4153 19.0556
v  4.5279 -2.4621 19.1682
v  4.4763 -2.4192 19.0575
v  4.3882 -2.4621 19.1682
v  4.3385 -2.4193 19.0577
v  3.8925 -2.4621 19.1682
v  3.8491 -2.4193 19.0577
v  4.4926 -1.8217 18.9476
v  4.4926 -2.2068 18.9477
v  4.4532 -2.1664 18.8308
v  4.4532 -1.7891 18.8307
v  4.4936 -2.2685 18.9483
v  4.4580 -2.2440 18.8309
v  4.4745 -2.2977 18.9493
v  4.4392 -2.2807 18.8316
v  4.4444 -2.3070 18.9476
v  4.3924 -2.2919 18.8323
v  4.3819 -2.3070 18.9482
v  4.3065 -2.2918 18.8319
v  4.2473 -2.3069 18.9482
v  4.1745 -2.2918 18.8319
v  3.7695 -2.3065 18.9482
v  3.7061 -2.2917 18.8319
v  4.5838 -1.8615 19.0250
v  4.5155 -1.8346 18.9836
v  4.5155 2.2078 18.9836
v  4.5840 2.2414 19.0251
v  4.5155 -2.2227 18.9836
v  4.5840 -2.2564 19.0251
v  4.5186 -2.2863 18.9836
v  4.5830 -2.3331 19.0259
v  4.4978 -2.3151 18.9836
v  4.5599 -2.3688 19.0264
v  4.5284 -2.3930 19.0263
v  4.4698 -2.3260 18.9836
v  4.4551 -2.3946 19.0254
v  4.4093 -2.3267 18.9836
v  4.3178 -2.3943 19.0252
v  4.2738 -2.3265 18.9836
v  3.8311 -2.3943 19.0252
v  3.7927 -2.3261 18.9836
v  4.4452 -2.1582 18.8071
v  4.4452 -1.7825 18.8071
v  4.4507 -2.2391 18.8071
v  4.4318 -2.2771 18.8071
v  4.3810 -2.2886 18.8071
v  4.2904 -2.2886 18.8071
v  4.1590 -2.2886 18.8071
v  3.6926 -2.2886 18.8071
v  4.6002 -1.8680 19.0352
v  4.6002 -2.2643 19.0352
v  4.5974 -2.3436 19.0352
v  4.5729 -2.3801 19.0352
v  4.5406 -2.4069 19.0352
v  4.4659 -2.4105 19.0352
v  4.3283 -2.4105 19.0352
v  3.8403 -2.4105 19.0352
v  4.5013 -2.2158 18.9735
v  4.5013 -1.8290 18.9735
v  4.5013 -2.2737 18.9735
v  4.4817 -2.3012 18.9735
v  4.4561 -2.3104 18.9735
v  4.3983 -2.3103 18.9735
v  4.2631 -2.3102 18.9735
v  3.7834 -2.3097 18.9735
v  4.2788 2.0370 18.6432
v  -3.9021 -2.4477 19.2405
v  -3.9021 -2.4715 19.1924
v  -3.7061 -2.2917 18.8319
v  -3.6926 -2.2886 18.8071
v  -3.9021 -2.4084 19.2694
v  -3.8491 -2.4193 19.0577
v  -3.8403 -2.4105 19.0352
v  -4.3991 -2.3244 19.2694
v  -3.9021 -2.3244 19.2694
v  -3.9021 -1.9162 19.2694
v  -4.3991 -1.9162 19.2694
v  -4.6199 -2.3244 19.2694
v  -4.5392 -2.3244 19.2694
v  -4.5392 -1.9162 19.2694
v  -4.6199 -1.9162 19.2694
v  -4.3991 -2.4084 19.2694
v  -4.6199 -2.4084 19.2694
v  -4.5392 -2.4084 19.2694
v  -4.3991 -2.4477 19.2405
v  -4.6577 -2.3244 19.2405
v  -4.6577 -1.9162 19.2405
v  -4.6199 2.3095 19.2694
v  -4.6577 2.3095 19.2405
v  -4.6805 -2.3244 19.1924
v  -4.6805 -2.4084 19.1924
v  -4.6577 -2.4084 19.2405
v  -4.5392 -2.4477 19.2405
v  -4.6199 -2.4477 19.2405
v  -4.3991 -2.4715 19.1924
v  -4.5392 -2.4715 19.1924
v  -4.6199 -2.4715 19.1924
v  -4.6805 -1.9162 19.1924
v  -4.6805 2.3095 19.1924
v  -4.6487 -2.4384 19.2290
v  -4.6577 -2.4477 19.1924
v  -4.4294 -1.7744 18.7915
v  -4.2788 -1.6967 18.6432
v  -4.2788 -2.0519 18.6432
v  -4.4293 -2.1480 18.7914
v  -4.2783 -2.1246 18.6421
v  -4.4351 -2.2287 18.7922
v  -4.2575 -2.1587 18.6416
v  -4.4160 -2.2664 18.7921
v  -4.2244 -2.1801 18.6445
v  -4.3641 -2.2769 18.7896
v  -4.1517 -2.1803 18.6469
v  -4.2743 -2.2769 18.7896
v  -4.0251 -2.1803 18.6469
v  -4.1438 -2.2769 18.7896
v  -3.5757 -2.1801 18.6467
v  -3.6794 -2.2769 18.7896
v  -4.6681 -1.9087 19.1682
v  -4.6109 -1.8743 19.0560
v  -4.6108 -2.2722 19.0559
v  -4.6681 -2.3152 19.1682
v  -4.6077 -2.3516 19.0547
v  -4.6677 -2.3984 19.1682
v  -4.5829 -2.3880 19.0537
v  -4.6446 -2.4373 19.1682
v  -4.5509 -2.4153 19.0556
v  -4.6077 -2.4615 19.1682
v  -4.4763 -2.4192 19.0575
v  -4.5279 -2.4621 19.1682
v  -4.3385 -2.4193 19.0577
v  -4.3882 -2.4621 19.1682
v  -3.8925 -2.4621 19.1682
v  -4.4926 -1.8217 18.9476
v  -4.4532 -1.7891 18.8307
v  -4.4532 -2.1664 18.8308
v  -4.4926 -2.2068 18.9477
v  -4.4580 -2.2440 18.8309
v  -4.4936 -2.2685 18.9483
v  -4.4392 -2.2807 18.8316
v  -4.4745 -2.2977 18.9493
v  -4.3924 -2.2919 18.8323
v  -4.4444 -2.3070 18.9476
v  -4.3065 -2.2918 18.8319
v  -4.3819 -2.3070 18.9482
v  -4.1745 -2.2918 18.8319
v  -4.2473 -2.3069 18.9482
v  -3.7695 -2.3065 18.9482
v  -4.5155 -2.2227 18.9836
v  -4.5840 -2.2564 19.0251
v  -4.5838 -1.8615 19.0250
v  -4.5155 -1.8346 18.9836
v  -4.5186 -2.2863 18.9836
v  -4.5830 -2.3331 19.0259
v  -4.4978 -2.3151 18.9836
v  -4.5599 -2.3688 19.0264
v  -4.5284 -2.3930 19.0263
v  -4.4698 -2.3260 18.9836
v  -4.4551 -2.3946 19.0254
v  -4.4093 -2.3267 18.9836
v  -4.3178 -2.3943 19.0252
v  -4.2738 -2.3265 18.9836
v  -3.8311 -2.3943 19.0252
v  -3.7927 -2.3261 18.9836
v  -3.7834 -2.3097 18.9735
v  -4.4452 -2.1582 18.8071
v  -4.4452 -1.7825 18.8071
v  -4.4507 -2.2391 18.8071
v  -4.4318 -2.2771 18.8071
v  -4.3810 -2.2886 18.8071
v  -4.2904 -2.2886 18.8071
v  -4.1590 -2.2886 18.8071
v  -4.6108 2.2573 19.0559
v  -4.6002 2.2494 19.0352
v  -4.6002 -1.8680 19.0352
v  -4.6002 -2.2643 19.0352
v  -4.5974 -2.3436 19.0352
v  -4.5729 -2.3801 19.0352
v  -4.5406 -2.4069 19.0352
v  -4.4659 -2.4105 19.0352
v  -4.3283 -2.4105 19.0352
v  -4.4532 2.1514 18.8308
v  -4.4452 2.1432 18.8071
v  -4.5013 -2.2158 18.9735
v  -4.5013 -1.8290 18.9735
v  -4.5013 -2.2737 18.9735
v  -4.4817 -2.3012 18.9735
v  -4.4561 -2.3104 18.9735
v  -4.3983 -2.3103 18.9735
v  -4.2631 -2.3102 18.9735
v  4.4532 2.1514 18.8308
v  4.4926 2.1919 18.9477
v  4.4293 2.1331 18.7914
v  4.4452 2.1432 18.8071
v  4.5013 2.2008 18.9735
v  4.6002 2.2494 19.0352
v  -4.6681 2.3002 19.1682
v  -4.5840 2.2414 19.0251
v  3.9021 2.3095 19.2694
v  4.3991 2.3095 19.2694
v  3.9021 2.3935 19.2694
v  4.3991 2.3935 19.2694
v  4.6199 2.3935 19.2694
v  4.5392 2.3935 19.2694
v  3.9021 2.4328 19.2405
v  4.3991 2.4328 19.2405
v  4.6577 2.3095 19.2405
v  4.6805 2.3095 19.1924
v  4.6805 2.3935 19.1924
v  4.6577 2.3935 19.2405
v  4.5392 2.4328 19.2405
v  4.6199 2.4328 19.2405
v  3.9021 2.4565 19.1924
v  4.3991 2.4565 19.1924
v  4.5392 2.4565 19.1924
v  4.6199 2.4565 19.1924
v  4.6487 2.4234 19.2290
v  4.6577 2.4328 19.1924
v  4.2783 2.1097 18.6421
v  4.4351 2.2138 18.7922
v  4.2575 2.1438 18.6416
v  4.4160 2.2514 18.7921
v  4.2244 2.1651 18.6445
v  4.3641 2.2620 18.7896
v  4.1517 2.1653 18.6469
v  4.2743 2.2620 18.7896
v  4.0251 2.1653 18.6469
v  4.1438 2.2620 18.7896
v  3.5757 2.1652 18.6467
v  3.6794 2.2620 18.7896
v  4.6681 2.3002 19.1682
v  4.6108 2.2573 19.0559
v  4.6077 2.3367 19.0547
v  4.6677 2.3835 19.1682
v  4.5829 2.3731 19.0537
v  4.6446 2.4224 19.1682
v  4.5509 2.4004 19.0556
v  4.6077 2.4466 19.1682
v  4.4763 2.4043 19.0575
v  4.5279 2.4471 19.1682
v  4.3385 2.4043 19.0577
v  4.3882 2.4471 19.1682
v  3.8491 2.4043 19.0577
v  3.8925 2.4471 19.1682
v  4.4580 2.2291 18.8309
v  4.4936 2.2536 18.9483
v  4.4392 2.2658 18.8316
v  4.4745 2.2828 18.9493
v  4.3924 2.2770 18.8323
v  4.4444 2.2921 18.9476
v  4.3065 2.2769 18.8319
v  4.3819 2.2921 18.9482
v  4.1745 2.2769 18.8319
v  4.2473 2.2920 18.9482
v  3.7061 2.2768 18.8319
v  3.7695 2.2915 18.9482
v  4.5186 2.2714 18.9836
v  4.5830 2.3182 19.0259
v  4.4978 2.3002 18.9836
v  4.5599 2.3539 19.0264
v  4.5284 2.3781 19.0263
v  4.4698 2.3111 18.9836
v  4.4551 2.3796 19.0254
v  4.4093 2.3117 18.9836
v  4.3178 2.3794 19.0252
v  4.2738 2.3116 18.9836
v  3.8311 2.3793 19.0252
v  3.7927 2.3112 18.9836
v  4.4507 2.2242 18.8071
v  4.4318 2.2622 18.8071
v  4.3810 2.2737 18.8071
v  4.2904 2.2737 18.8071
v  4.1590 2.2737 18.8071
v  3.6926 2.2737 18.8071
v  4.5974 2.3287 19.0352
v  4.5729 2.3651 19.0352
v  4.5406 2.3920 19.0352
v  4.4659 2.3956 19.0352
v  4.3283 2.3956 19.0352
v  3.8403 2.3956 19.0352
v  4.5013 2.2588 18.9735
v  4.4817 2.2863 18.9735
v  4.4561 2.2955 18.9735
v  4.3983 2.2954 18.9735
v  4.2631 2.2952 18.9735
v  3.7834 2.2947 18.9735
v  -3.9021 2.4565 19.1924
v  -3.9021 2.4328 19.2405
v  -3.6926 2.2737 18.8071
v  -3.7061 2.2768 18.8319
v  -3.9021 2.3935 19.2694
v  -3.8491 2.4043 19.0577
v  -3.8403 2.3956 19.0352
v  -4.3991 2.3095 19.2694
v  -3.9021 2.3095 19.2694
v  -4.3991 2.3935 19.2694
v  -4.5392 2.3095 19.2694
v  -4.5392 2.3935 19.2694
v  -4.6199 2.3935 19.2694
v  -4.3991 2.4328 19.2405
v  -4.6577 2.3935 19.2405
v  -4.6805 2.3935 19.1924
v  -4.5392 2.4328 19.2405
v  -4.6199 2.4328 19.2405
v  -4.3991 2.4565 19.1924
v  -4.5392 2.4565 19.1924
v  -4.6199 2.4565 19.1924
v  -4.6487 2.4234 19.2290
v  -4.6577 2.4328 19.1924
v  -4.4293 2.1331 18.7914
v  -4.4351 2.2138 18.7922
v  -4.2783 2.1097 18.6421
v  -4.2788 2.0370 18.6432
v  -4.4160 2.2514 18.7921
v  -4.2575 2.1438 18.6416
v  -4.3641 2.2620 18.7896
v  -4.2244 2.1651 18.6445
v  -4.2743 2.2620 18.7896
v  -4.1517 2.1653 18.6469
v  -4.1438 2.2620 18.7896
v  -4.0251 2.1653 18.6469
v  -3.6794 2.2620 18.7896
v  -3.5757 2.1652 18.6467
v  -4.6677 2.3835 19.1682
v  -4.6077 2.3367 19.0547
v  -4.6446 2.4224 19.1682
v  -4.5829 2.3731 19.0537
v  -4.6077 2.4466 19.1682
v  -4.5509 2.4004 19.0556
v  -4.5279 2.4471 19.1682
v  -4.4763 2.4043 19.0575
v  -4.3882 2.4471 19.1682
v  -4.3385 2.4043 19.0577
v  -3.8925 2.4471 19.1682
v  -4.4926 2.1919 18.9477
v  -4.4936 2.2536 18.9483
v  -4.4580 2.2291 18.8309
v  -4.4745 2.2828 18.9493
v  -4.4392 2.2658 18.8316
v  -4.4444 2.2921 18.9476
v  -4.3924 2.2770 18.8323
v  -4.3819 2.2921 18.9482
v  -4.3065 2.2769 18.8319
v  -4.2473 2.2920 18.9482
v  -4.1745 2.2769 18.8319
v  -3.7695 2.2915 18.9482
v  -4.5155 2.2078 18.9836
v  -4.5186 2.2714 18.9836
v  -4.5830 2.3182 19.0259
v  -4.4978 2.3002 18.9836
v  -4.5599 2.3539 19.0264
v  -4.5284 2.3781 19.0263
v  -4.4698 2.3111 18.9836
v  -4.4551 2.3796 19.0254
v  -4.4093 2.3117 18.9836
v  -4.3178 2.3794 19.0252
v  -4.2738 2.3116 18.9836
v  -3.8311 2.3793 19.0252
v  -3.7927 2.3112 18.9836
v  -3.7834 2.2947 18.9735
v  -4.4507 2.2242 18.8071
v  -4.4318 2.2622 18.8071
v  -4.3810 2.2737 18.8071
v  -4.2904 2.2737 18.8071
v  -4.1590 2.2737 18.8071
v  -4.5974 2.3287 19.0352
v  -4.5729 2.3651 19.0352
v  -4.5406 2.3920 19.0352
v  -4.4659 2.3956 19.0352
v  -4.3283 2.3956 19.0352
v  -4.5013 2.2588 18.9735
v  -4.5013 2.2008 18.9735
v  -4.4817 2.2863 18.9735
v  -4.4561 2.2955 18.9735
v  -4.3983 2.2954 18.9735
v  -4.2631 2.2952 18.9735
v  3.6612 1.4749 1.3940
v  3.6612 1.4935 1.3940
v  3.6612 1.4935 0.5455
v  3.6612 1.4749 0.5455
v  3.6612 1.3308 1.3940
v  3.6612 1.3308 0.5778
v  3.6612 1.1812 1.3940
v  3.6612 1.1812 0.6098
v  3.6612 1.0314 1.3940
v  3.6612 1.0314 0.6404
v  3.6612 0.8812 1.3940
v  3.6612 0.8812 0.6697
v  3.6612 0.7308 1.3940
v  3.6612 0.7308 0.6975
v  3.6612 0.5802 1.3940
v  3.6612 0.5802 0.7239
v  3.6612 0.4293 1.3940
v  3.6612 0.4293 0.7490
v  3.6612 0.2783 1.3940
v  3.6612 0.2783 0.7726
v  3.6612 0.1373 1.3940
v  3.6612 0.1375 0.7889
v  3.6612 0.0000 0.7961
v  3.6612 0.0000 1.3940
v  4.1148 1.4935 0.5455
v  4.1148 1.4935 1.3940
v  4.1148 1.4749 1.3940
v  4.1148 1.4749 0.5455
v  4.1148 1.3308 1.3940
v  4.1148 1.3308 0.5778
v  4.1148 1.1812 1.3940
v  4.1148 1.1812 0.6098
v  4.1148 1.0314 1.3940
v  4.1148 1.0314 0.6404
v  4.1148 0.8812 1.3940
v  4.1148 0.8812 0.6697
v  4.1148 0.7308 1.3940
v  4.1148 0.7308 0.6975
v  4.1148 0.5802 1.3940
v  4.1148 0.5802 0.7239
v  4.1148 0.4293 1.3940
v  4.1148 0.4293 0.7490
v  4.1148 0.2783 1.3940
v  4.1148 0.2783 0.7726
v  4.1148 0.1373 1.3940
v  4.1148 0.1375 0.7889
v  4.0967 1.4935 0.5274
v  4.0967 1.4749 0.5274
v  3.6794 1.4749 0.5274
v  3.6794 1.4935 0.5274
v  4.0967 1.4749 1.4122
v  4.0967 1.4935 1.4122
v  3.6794 1.4935 1.4122
v  3.6794 1.4749 1.4122
v  4.0967 1.5116 1.3940
v  4.0967 1.5116 0.5455
v  3.6794 1.5116 0.5455
v  3.6794 1.5116 1.3940
v  4.0967 1.3308 0.5596
v  3.6794 1.3308 0.5596
v  4.0967 1.3308 1.4122
v  3.6794 1.3308 1.4122
v  4.0967 1.1812 0.5917
v  3.6794 1.1812 0.5917
v  4.0967 1.1812 1.4122
v  3.6794 1.1812 1.4122
v  4.0967 1.0314 0.6223
v  3.6794 1.0314 0.6223
v  4.0967 1.0314 1.4122
v  3.6794 1.0314 1.4122
v  4.0967 0.8812 0.6515
v  3.6794 0.8812 0.6515
v  4.0967 0.8812 1.4122
v  3.6794 0.8812 1.4122
v  4.0967 0.7308 0.6794
v  3.6794 0.7308 0.6794
v  4.0967 0.7308 1.4122
v  3.6794 0.7308 1.4122
v  4.0967 0.5802 0.7058
v  3.6794 0.5802 0.7058
v  4.0967 0.5802 1.4122
v  3.6794 0.5802 1.4122
v  4.0967 0.4293 0.7308
v  3.6794 0.4293 0.7308
v  4.0967 0.4293 1.4122
v  3.6794 0.4293 1.4122
v  4.0967 0.2783 0.7544
v  3.6794 0.2783 0.7544
v  4.0967 0.2783 1.4122
v  3.6794 0.2783 1.4122
v  4.0967 0.1373 0.7708
v  3.6794 0.1373 0.7708
v  4.0967 0.1373 1.4122
v  3.6794 0.1377 1.4122
v  3.6794 0.0000 1.4122
v  4.0967 0.0000 1.4122
v  3.6612 1.4935 0.5274
v  3.6612 1.4749 0.5274
v  3.6612 1.4749 1.4122
v  3.6612 1.4935 1.4122
v  3.6612 1.5116 1.3940
v  3.6612 1.5116 0.5455
v  3.6612 1.3308 0.5596
v  3.6612 1.3308 1.4122
v  3.6612 1.1812 0.5917
v  3.6612 1.1812 1.4122
v  3.6612 1.0314 0.6223
v  3.6612 1.0314 1.4122
v  3.6612 0.8812 0.6515
v  3.6612 0.8812 1.4122
v  3.6612 0.7308 0.6794
v  3.6612 0.7308 1.4122
v  3.6612 0.5802 0.7058
v  3.6612 0.5802 1.4122
v  3.6612 0.4293 0.7308
v  3.6612 0.4293 1.4122
v  3.6612 0.2783 0.7544
v  3.6612 0.2783 1.4122
v  3.6612 0.1373 0.7708
v  3.6612 0.1373 1.4122
v  3.6612 0.0000 0.7776
v  4.1148 1.4749 0.5274
v  4.1148 1.4935 0.5274
v  4.1148 1.5116 0.5455
v  4.1148 1.5116 1.3940
v  4.1148 1.4935 1.4122
v  4.1148 1.4749 1.4122
v  4.1148 1.3308 0.5596
v  4.1148 1.3308 1.4122
v  4.1148 1.1812 0.5917
v  4.1148 1.1812 1.4122
v  4.1148 1.0314 0.6223
v  4.1148 1.0314 1.4122
v  4.1148 0.8812 0.6515
v  4.1148 0.8812 1.4122
v  4.1148 0.7308 0.6794
v  4.1148 0.7308 1.4122
v  4.1148 0.5802 0.7058
v  4.1148 0.5802 1.4122
v  4.1148 0.4293 0.7308
v  4.1148 0.4293 1.4122
v  4.1148 0.2783 0.7544
v  4.1148 0.2783 1.4122
v  4.1148 0.1373 0.7708
v  4.1148 0.1373 1.4122
v  4.1148 0.0000 0.7776
v  4.1148 0.0000 0.7961
v  4.1148 0.0000 1.4122
v  4.1148 0.0000 1.3940
v  3.6794 1.5116 0.5274
v  4.0967 1.5116 0.5274
v  4.0967 1.5116 1.4122
v  3.6794 1.5116 1.4122
v  3.6794 0.0000 0.7776
v  3.6612 1.5116 0.5274
v  3.6612 1.5116 1.4122
v  4.1148 1.5116 0.5274
v  4.1148 1.5116 1.4122
v  4.0967 0.0000 0.7776
v  3.6612 0.0000 1.4122
v  3.6612 -1.4749 1.3940
v  3.6612 -1.4749 0.5455
v  3.6612 -1.4935 0.5455
v  3.6612 -1.4935 1.3940
v  3.6612 -1.3308 1.3940
v  3.6612 -1.3308 0.5778
v  3.6612 -1.1812 1.3940
v  3.6612 -1.1812 0.6098
v  3.6612 -1.0314 1.3940
v  3.6612 -1.0314 0.6404
v  3.6612 -0.8812 1.3940
v  3.6612 -0.8812 0.6697
v  3.6612 -0.7308 1.3940
v  3.6612 -0.7308 0.6975
v  3.6612 -0.5802 1.3940
v  3.6612 -0.5802 0.7239
v  3.6612 -0.4293 1.3940
v  3.6612 -0.4293 0.7490
v  3.6612 -0.2783 1.3940
v  3.6612 -0.2783 0.7726
v  3.6612 -0.1373 1.3940
v  3.6612 -0.1375 0.7889
v  4.1148 -1.4935 0.5455
v  4.1148 -1.4749 0.5455
v  4.1148 -1.4749 1.3940
v  4.1148 -1.4935 1.3940
v  4.1148 -1.3308 0.5778
v  4.1148 -1.3308 1.3940
v  4.1148 -1.1812 0.6098
v  4.1148 -1.1812 1.3940
v  4.1148 -1.0314 0.6404
v  4.1148 -1.0314 1.3940
v  4.1148 -0.8812 0.6697
v  4.1148 -0.8812 1.3940
v  4.1148 -0.7308 0.6975
v  4.1148 -0.7308 1.3940
v  4.1148 -0.5802 0.7239
v  4.1148 -0.5802 1.3940
v  4.1148 -0.4293 0.7490
v  4.1148 -0.4293 1.3940
v  4.1148 -0.2783 0.7726
v  4.1148 -0.2783 1.3940
v  4.1148 -0.1375 0.7889
v  4.1148 -0.1373 1.3940
v  4.0967 -1.4935 0.5274
v  3.6794 -1.4935 0.5274
v  3.6794 -1.4749 0.5274
v  4.0967 -1.4749 0.5274
v  4.0967 -1.4749 1.4122
v  3.6794 -1.4749 1.4122
v  3.6794 -1.4935 1.4122
v  4.0967 -1.4935 1.4122
v  4.0967 -1.5116 1.3940
v  3.6794 -1.5116 1.3940
v  3.6794 -1.5116 0.5455
v  4.0967 -1.5116 0.5455
v  3.6794 -1.3308 0.5596
v  4.0967 -1.3308 0.5596
v  4.0967 -1.3308 1.4122
v  3.6794 -1.3308 1.4122
v  3.6794 -1.1812 0.5917
v  4.0967 -1.1812 0.5917
v  4.0967 -1.1812 1.4122
v  3.6794 -1.1812 1.4122
v  3.6794 -1.0314 0.6223
v  4.0967 -1.0314 0.6223
v  4.0967 -1.0314 1.4122
v  3.6794 -1.0314 1.4122
v  3.6794 -0.8812 0.6515
v  4.0967 -0.8812 0.6515
v  4.0967 -0.8812 1.4122
v  3.6794 -0.8812 1.4122
v  3.6794 -0.7308 0.6794
v  4.0967 -0.7308 0.6794
v  4.0967 -0.7308 1.4122
v  3.6794 -0.7308 1.4122
v  3.6794 -0.5802 0.7058
v  4.0967 -0.5802 0.7058
v  4.0967 -0.5802 1.4122
v  3.6794 -0.5802 1.4122
v  3.6794 -0.4293 0.7308
v  4.0967 -0.4293 0.7308
v  4.0967 -0.4293 1.4122
v  3.6794 -0.4293 1.4122
v  3.6794 -0.2783 0.7544
v  4.0967 -0.2783 0.7544
v  4.0967 -0.2783 1.4122
v  3.6794 -0.2783 1.4122
v  3.6794 -0.1373 0.7708
v  4.0967 -0.1373 0.7708
v  4.0967 -0.1373 1.4122
v  3.6794 -0.1377 1.4122
v  3.6612 -1.4935 0.5274
v  3.6612 -1.4749 0.5274
v  3.6612 -1.4749 1.4122
v  3.6612 -1.4935 1.4122
v  3.6612 -1.5116 1.3940
v  3.6612 -1.5116 0.5455
v  3.6612 -1.3308 0.5596
v  3.6612 -1.3308 1.4122
v  3.6612 -1.1812 0.5917
v  3.6612 -1.1812 1.4122
v  3.6612 -1.0314 0.6223
v  3.6612 -1.0314 1.4122
v  3.6612 -0.8812 0.6515
v  3.6612 -0.8812 1.4122
v  3.6612 -0.7308 0.6794
v  3.6612 -0.7308 1.4122
v  3.6612 -0.5802 0.7058
v  3.6612 -0.5802 1.4122
v  3.6612 -0.4293 0.7308
v  3.6612 -0.4293 1.4122
v  3.6612 -0.2783 0.7544
v  3.6612 -0.2783 1.4122
v  3.6612 -0.1373 0.7708
v  3.6612 -0.1373 1.4122
v  4.1148 -1.4749 0.5274
v  4.1148 -1.4935 0.5274
v  4.1148 -1.5116 0.5455
v  4.1148 -1.5116 1.3940
v  4.1148 -1.4935 1.4122
v  4.1148 -1.4749 1.4122
v  4.1148 -1.3308 0.5596
v  4.1148 -1.3308 1.4122
v  4.1148 -1.1812 0.5917
v  4.1148 -1.1812 1.4122
v  4.1148 -1.0314 0.6223
v  4.1148 -1.0314 1.4122
v  4.1148 -0.8812 0.6515
v  4.1148 -0.8812 1.4122
v  4.1148 -0.7308 0.6794
v  4.1148 -0.7308 1.4122
v  4.1148 -0.5802 0.7058
v  4.1148 -0.5802 1.4122
v  4.1148 -0.4293 0.7308
v  4.1148 -0.4293 1.4122
v  4.1148 -0.2783 0.7544
v  4.1148 -0.2783 1.4122
v  4.1148 -0.1373 0.7708
v  4.1148 -0.1373 1.4122
v  3.6794 -1.5116 0.5274
v  4.0967 -1.5116 0.5274
v  4.0967 -1.5116 1.4122
v  3.6794 -1.5116 1.4122
v  3.6612 -1.5116 0.5274
v  3.6612 -1.5116 1.4122
v  4.1148 -1.5116 0.5274
v  4.1148 -1.5116 1.4122
v  3.6353 -1.5278 1.3940
v  3.6539 -1.5278 1.3940
v  3.6539 -1.5278 0.5455
v  3.6353 -1.5278 0.5455
v  3.4912 -1.5278 1.3940
v  3.4912 -1.5278 0.5778
v  3.3416 -1.5278 1.3940
v  3.3416 -1.5278 0.6098
v  3.1917 -1.5278 1.3940
v  3.1917 -1.5278 0.6404
v  3.0416 -1.5278 1.3940
v  3.0416 -1.5278 0.6697
v  2.8912 -1.5278 1.3940
v  2.8912 -1.5278 0.6975
v  2.7406 -1.5278 1.3940
v  2.7406 -1.5278 0.7239
v  2.5897 -1.5278 1.3940
v  2.5897 -1.5278 0.7490
v  2.4386 -1.5278 1.3940
v  2.4386 -1.5278 0.7726
v  2.2873 -1.5278 1.3940
v  2.2873 -1.5278 0.7948
v  2.1358 -1.5278 1.3940
v  2.1358 -1.5278 0.8156
v  1.9841 -1.5278 1.3940
v  1.9841 -1.5278 0.8350
v  1.8322 -1.5278 1.3940
v  1.8322 -1.5278 0.8530
v  1.6802 -1.5278 1.3940
v  1.6802 -1.5278 0.8695
v  1.5280 -1.5278 1.3940
v  1.5280 -1.5278 0.8847
v  1.3756 -1.5278 1.3940
v  1.3756 -1.5278 0.8984
v  1.2231 -1.5278 1.3940
v  1.2231 -1.5278 0.9108
v  1.0704 -1.5278 1.3940
v  1.0704 -1.5278 0.9216
v  0.9177 -1.5278 1.3940
v  0.9177 -1.5278 0.9311
v  0.7650 -1.5278 1.3940
v  0.7650 -1.5278 0.9392
v  0.6122 -1.5278 1.3940
v  0.6122 -1.5278 0.9458
v  0.4593 -1.5278 1.3940
v  0.4593 -1.5278 0.9510
v  0.3064 -1.5278 1.3940
v  0.3064 -1.5278 0.9548
v  0.1535 -1.5278 1.3940
v  0.1535 -1.5278 0.9571
v  0.0000 -1.5278 1.3940
v  0.0000 -1.5278 0.9581
v  3.6539 -1.9814 0.5455
v  3.6539 -1.9814 1.3940
v  3.6353 -1.9814 1.3940
v  3.6353 -1.9814 0.5455
v  3.4912 -1.9814 1.3940
v  3.4912 -1.9814 0.5778
v  3.3416 -1.9814 1.3940
v  3.3416 -1.9814 0.6098
v  3.1917 -1.9814 1.3940
v  3.1917 -1.9814 0.6404
v  3.0416 -1.9814 1.3940
v  3.0416 -1.9814 0.6697
v  2.8912 -1.9814 1.3940
v  2.8912 -1.9814 0.6975
v  2.7406 -1.9814 1.3940
v  2.7406 -1.9814 0.7239
v  2.5897 -1.9814 1.3940
v  2.5897 -1.9814 0.7490
v  2.4386 -1.9814 1.3940
v  2.4386 -1.9814 0.7726
v  2.2873 -1.9814 1.3940
v  2.2873 -1.9814 0.7948
v  2.1358 -1.9814 1.3940
v  2.1358 -1.9814 0.8156
v  1.9841 -1.9814 1.3940
v  1.9841 -1.9814 0.8350
v  1.8322 -1.9814 1.3940
v  1.8322 -1.9814 0.8530
v  1.6802 -1.9814 1.3940
v  1.6802 -1.9814 0.8695
v  1.5280 -1.9814 1.3940
v  1.5280 -1.9814 0.8847
v  1.3756 -1.9814 1.3940
v  1.3756 -1.9814 0.8984
v  1.2231 -1.9814 1.3940
v  1.2231 -1.9814 0.9108
v  1.0704 -1.9814 1.3940
v  1.0704 -1.9814 0.9216
v  0.9177 -1.9814 1.3940
v  0.9177 -1.9814 0.9311
v  0.7650 -1.9814 1.3940
v  0.7650 -1.9814 0.9392
v  0.6122 -1.9814 1.3940
v  0.6122 -1.9814 0.9458
v  0.4593 -1.9814 1.3940
v  0.4593 -1.9814 0.9510
v  0.3064 -1.9814 1.3940
v  0.3064 -1.9814 0.9548
v  0.1535 -1.9814 1.3940
v  0.1535 -1.9814 0.9571
v  0.0000 -1.9814 1.3940
v  0.0000 -1.9814 0.9581
v  3.6539 -1.9633 0.5274
v  3.6353 -1.9633 0.5274
v  3.6353 -1.5460 0.5274
v  3.6539 -1.5460 0.5274
v  3.6353 -1.9633 1.4122
v  3.6539 -1.9633 1.4122
v  3.6539 -1.5460 1.4122
v  3.6353 -1.5460 1.4122
v  3.6720 -1.9633 1.3940
v  3.6720 -1.9633 0.5455
v  3.6720 -1.5460 0.5455
v  3.6720 -1.5460 1.3940
v  3.4912 -1.9633 0.5596
v  3.4912 -1.5460 0.5596
v  3.4912 -1.9633 1.4122
v  3.4912 -1.5460 1.4122
v  3.3416 -1.9633 0.5916
v  3.3416 -1.5460 0.5916
v  3.3416 -1.9633 1.4122
v  3.3416 -1.5460 1.4122
v  3.1917 -1.9633 0.6223
v  3.1917 -1.5460 0.6223
v  3.1917 -1.9633 1.4122
v  3.1917 -1.5460 1.4122
v  3.0416 -1.9633 0.6515
v  3.0416 -1.5460 0.6515
v  3.0416 -1.9633 1.4122
v  3.0416 -1.5460 1.4122
v  2.8912 -1.9633 0.6794
v  2.8912 -1.5460 0.6794
v  2.8912 -1.9633 1.4122
v  2.8912 -1.5460 1.4122
v  2.7406 -1.9633 0.7058
v  2.7406 -1.5460 0.7058
v  2.7406 -1.9633 1.4122
v  2.7406 -1.5460 1.4122
v  2.5897 -1.9633 0.7308
v  2.5897 -1.5460 0.7308
v  2.5897 -1.9633 1.4122
v  2.5897 -1.5460 1.4122
v  2.4386 -1.9633 0.7544
v  2.4386 -1.5460 0.7544
v  2.4386 -1.9633 1.4122
v  2.4386 -1.5460 1.4122
v  2.2873 -1.9633 0.7767
v  2.2873 -1.5460 0.7767
v  2.2873 -1.9633 1.4122
v  2.2873 -1.5460 1.4122
v  2.1358 -1.9633 0.7975
v  2.1358 -1.5460 0.7975
v  2.1358 -1.9633 1.4122
v  2.1358 -1.5460 1.4122
v  1.9841 -1.9633 0.8169
v  1.9841 -1.5460 0.8169
v  1.9841 -1.9633 1.4122
v  1.9841 -1.5460 1.4122
v  1.8322 -1.9633 0.8348
v  1.8322 -1.5460 0.8348
v  1.8322 -1.9633 1.4122
v  1.8322 -1.5460 1.4122
v  1.6802 -1.9633 0.8514
v  1.6802 -1.5460 0.8514
v  1.6802 -1.9633 1.4122
v  1.6802 -1.5460 1.4122
v  1.5280 -1.9633 0.8666
v  1.5280 -1.5460 0.8666
v  1.5280 -1.9633 1.4122
v  1.5280 -1.5460 1.4122
v  1.3756 -1.9633 0.8803
v  1.3756 -1.5460 0.8803
v  1.3756 -1.9633 1.4122
v  1.3756 -1.5460 1.4122
v  1.2231 -1.9633 0.8926
v  1.2231 -1.5460 0.8926
v  1.2231 -1.9633 1.4122
v  1.2231 -1.5460 1.4122
v  1.0704 -1.9633 0.9035
v  1.0704 -1.5460 0.9035
v  1.0704 -1.9633 1.4122
v  1.0704 -1.5460 1.4122
v  0.9177 -1.9633 0.9130
v  0.9177 -1.5460 0.9130
v  0.9177 -1.9633 1.4122
v  0.9177 -1.5460 1.4122
v  0.7650 -1.9633 0.9210
v  0.7650 -1.5460 0.9210
v  0.7650 -1.9633 1.4122
v  0.7650 -1.5460 1.4122
v  0.6122 -1.9633 0.9277
v  0.6122 -1.5460 0.9277
v  0.6122 -1.9633 1.4122
v  0.6122 -1.5460 1.4122
v  0.4593 -1.9633 0.9329
v  0.4593 -1.5460 0.9329
v  0.4593 -1.9633 1.4122
v  0.4593 -1.5460 1.4122
v  0.3064 -1.9633 0.9366
v  0.3064 -1.5460 0.9366
v  0.3064 -1.9633 1.4122
v  0.3064 -1.5460 1.4122
v  0.1535 -1.9633 0.9390
v  0.1535 -1.5460 0.9390
v  0.1535 -1.9633 1.4122
v  0.1535 -1.5460 1.4122
v  0.0000 -1.9633 0.9399
v  0.0000 -1.5460 0.9399
v  0.0000 -1.9633 1.4122
v  0.0000 -1.5460 1.4122
v  3.6539 -1.5278 0.5274
v  3.6353 -1.5278 0.5274
v  3.6353 -1.5278 1.4122
v  3.6539 -1.5278 1.4122
v  3.6720 -1.5278 1.3940
v  3.6720 -1.5278 0.5455
v  3.4912 -1.5278 0.5596
v  3.4912 -1.5278 1.4122
v  3.3416 -1.5278 0.5916
v  3.3416 -1.5278 1.4122
v  3.1917 -1.5278 0.6223
v  3.1917 -1.5278 1.4122
v  3.0416 -1.5278 0.6515
v  3.0416 -1.5278 1.4122
v  2.8912 -1.5278 0.6794
v  2.8912 -1.5278 1.4122
v  2.7406 -1.5278 0.7058
v  2.7406 -1.5278 1.4122
v  2.5897 -1.5278 0.7308
v  2.5897 -1.5278 1.4122
v  2.4386 -1.5278 0.7544
v  2.4386 -1.5278 1.4122
v  2.2873 -1.5278 0.7767
v  2.2873 -1.5278 1.4122
v  2.1358 -1.5278 0.7975
v  2.1358 -1.5278 1.4122
v  1.9841 -1.5278 0.8169
v  1.9841 -1.5278 1.4122
v  1.8322 -1.5278 0.8348
v  1.8322 -1.5278 1.4122
v  1.6802 -1.5278 0.8514
v  1.6802 -1.5278 1.4122
v  1.5280 -1.5278 0.8666
v  1.5280 -1.5278 1.4122
v  1.3756 -1.5278 0.8803
v  1.3756 -1.5278 1.4122
v  1.2231 -1.5278 0.8926
v  1.2231 -1.5278 1.4122
v  1.0704 -1.5278 0.9035
v  1.0704 -1.5278 1.4122
v  0.9177 -1.5278 0.9130
v  0.9177 -1.5278 1.4122
v  0.7650 -1.5278 0.9210
v  0.7650 -1.5278 1.4122
v  0.6122 -1.5278 0.9277
v  0.6122 -1.5278 1.4122
v  0.4593 -1.5278 0.9329
v  0.4593 -1.5278 1.4122
v  0.3064 -1.5278 0.9366
v  0.3064 -1.5278 1.4122
v  0.1535 -1.5278 0.9390
v  0.1535 -1.5278 1.4122
v  0.0000 -1.5278 0.9399
v  0.0000 -1.5278 1.4122
v  3.6353 -1.9814 0.5274
v  3.6539 -1.9814 0.5274
v  3.6720 -1.9814 0.5455
v  3.6720 -1.9814 1.3940
v  3.6539 -1.9814 1.4122
v  3.6353 -1.9814 1.4122
v  3.4912 -1.9814 0.5596
v  3.4912 -1.9814 1.4122
v  3.3416 -1.9814 0.5916
v  3.3416 -1.9814 1.4122
v  3.1917 -1.9814 0.6223
v  3.1917 -1.9814 1.4122
v  3.0416 -1.9814 0.6515
v  3.0416 -1.9814 1.4122
v  2.8912 -1.9814 0.6794
v  2.8912 -1.9814 1.4122
v  2.7406 -1.9814 0.7058
v  2.7406 -1.9814 1.4122
v  2.5897 -1.9814 0.7308
v  2.5897 -1.9814 1.4122
v  2.4386 -1.9814 0.7544
v  2.4386 -1.9814 1.4122
v  2.2873 -1.9814 0.7767
v  2.2873 -1.9814 1.4122
v  2.1358 -1.9814 0.7975
v  2.1358 -1.9814 1.4122
v  1.9841 -1.9814 0.8169
v  1.9841 -1.9814 1.4122
v  1.8322 -1.9814 0.8348
v  1.8322 -1.9814 1.4122
v  1.6802 -1.9814 0.8514
v  1.6802 -1.9814 1.4122
v  1.5280 -1.9814 0.8666
v  1.5280 -1.9814 1.4122
v  1.3756 -1.9814 0.8803
v  1.3756 -1.9814 1.4122
v  1.2231 -1.9814 0.8926
v  1.2231 -1.9814 1.4122
v  1.0704 -1.9814 0.9035
v  1.0704 -1.9814 1.4122
v  0.9177 -1.9814 0.9130
v  0.9177 -1.9814 1.4122
v  0.7650 -1.9814 0.9210
v  0.7650 -1.9814 1.4122
v  0.6122 -1.9814 0.9277
v  0.6122 -1.9814 1.4122
v  0.4593 -1.9814 0.9329
v  0.4593 -1.9814 1.4122
v  0.3064 -1.9814 0.9366
v  0.3064 -1.9814 1.4122
v  0.1535 -1.9814 0.9390
v  0.1535 -1.9814 1.4122
v  0.0000 -1.9814 0.9399
v  0.0000 -1.9814 1.4122
v  3.6720 -1.5460 0.5274
v  3.6720 -1.9633 0.5274
v  3.6720 -1.9633 1.4122
v  3.6720 -1.5460 1.4122
v  3.6720 -1.5278 0.5274
v  3.6720 -1.5278 1.4122
v  3.6720 -1.9814 0.5274
v  3.6720 -1.9814 1.4122
v  3.6353 1.5278 1.3940
v  3.6353 1.5278 0.5455
v  3.6539 1.5278 0.5455
v  3.6539 1.5278 1.3940
v  3.4912 1.5278 1.3940
v  3.4912 1.5278 0.5778
v  3.3416 1.5278 1.3940
v  3.3416 1.5278 0.6098
v  3.1917 1.5278 1.3940
v  3.1917 1.5278 0.6404
v  3.0416 1.5278 1.3940
v  3.0416 1.5278 0.6697
v  2.8912 1.5278 1.3940
v  2.8912 1.5278 0.6975
v  2.7406 1.5278 1.3940
v  2.7406 1.5278 0.7239
v  2.5897 1.5278 1.3940
v  2.5897 1.5278 0.7490
v  2.4386 1.5278 1.3940
v  2.4386 1.5278 0.7726
v  2.2873 1.5278 1.3940
v  2.2873 1.5278 0.7948
v  2.1358 1.5278 1.3940
v  2.1358 1.5278 0.8156
v  1.9841 1.5278 1.3940
v  1.9841 1.5278 0.8350
v  1.8322 1.5278 1.3940
v  1.8322 1.5278 0.8530
v  1.6802 1.5278 1.3940
v  1.6802 1.5278 0.8695
v  1.5280 1.5278 1.3940
v  1.5280 1.5278 0.8847
v  1.3756 1.5278 1.3940
v  1.3756 1.5278 0.8984
v  1.2231 1.5278 1.3940
v  1.2231 1.5278 0.9108
v  1.0704 1.5278 1.3940
v  1.0704 1.5278 0.9216
v  0.9177 1.5278 1.3940
v  0.9177 1.5278 0.9311
v  0.7650 1.5278 1.3940
v  0.7650 1.5278 0.9392
v  0.6122 1.5278 1.3940
v  0.6122 1.5278 0.9458
v  0.4593 1.5278 1.3940
v  0.4593 1.5278 0.9510
v  0.3064 1.5278 1.3940
v  0.3064 1.5278 0.9548
v  0.1535 1.5278 1.3940
v  0.1535 1.5278 0.9571
v  0.0000 1.5278 1.3940
v  0.0000 1.5278 0.9581
v  3.6539 1.9814 0.5455
v  3.6353 1.9814 0.5455
v  3.6353 1.9814 1.3940
v  3.6539 1.9814 1.3940
v  3.4912 1.9814 0.5778
v  3.4912 1.9814 1.3940
v  3.3416 1.9814 0.6098
v  3.3416 1.9814 1.3940
v  3.1917 1.9814 0.6404
v  3.1917 1.9814 1.3940
v  3.0416 1.9814 0.6697
v  3.0416 1.9814 1.3940
v  2.8912 1.9814 0.6975
v  2.8912 1.9814 1.3940
v  2.7406 1.9814 0.7239
v  2.7406 1.9814 1.3940
v  2.5897 1.9814 0.7490
v  2.5897 1.9814 1.3940
v  2.4386 1.9814 0.7726
v  2.4386 1.9814 1.3940
v  2.2873 1.9814 0.7948
v  2.2873 1.9814 1.3940
v  2.1358 1.9814 0.8156
v  2.1358 1.9814 1.3940
v  1.9841 1.9814 0.8350
v  1.9841 1.9814 1.3940
v  1.8322 1.9814 0.8530
v  1.8322 1.9814 1.3940
v  1.6802 1.9814 0.8695
v  1.6802 1.9814 1.3940
v  1.5280 1.9814 0.8847
v  1.5280 1.9814 1.3940
v  1.3756 1.9814 0.8984
v  1.3756 1.9814 1.3940
v  1.2231 1.9814 0.9108
v  1.2231 1.9814 1.3940
v  1.0704 1.9814 0.9216
v  1.0704 1.9814 1.3940
v  0.9177 1.9814 0.9311
v  0.9177 1.9814 1.3940
v  0.7650 1.9814 0.9392
v  0.7650 1.9814 1.3940
v  0.6122 1.9814 0.9458
v  0.6122 1.9814 1.3940
v  0.4593 1.9814 0.9510
v  0.4593 1.9814 1.3940
v  0.3064 1.9814 0.9548
v  0.3064 1.9814 1.3940
v  0.1535 1.9814 0.9571
v  0.1535 1.9814 1.3940
v  0.0000 1.9814 0.9581
v  0.0000 1.9814 1.3940
v  3.6539 1.9633 0.5274
v  3.6539 1.5460 0.5274
v  3.6353 1.5460 0.5274
v  3.6353 1.9633 0.5274
v  3.6353 1.9633 1.4122
v  3.6353 1.5460 1.4122
v  3.6539 1.5460 1.4122
v  3.6539 1.9633 1.4122
v  3.6720 1.9633 1.3940
v  3.6720 1.5460 1.3940
v  3.6720 1.5460 0.5455
v  3.6720 1.9633 0.5455
v  3.4912 1.5460 0.5596
v  3.4912 1.9633 0.5596
v  3.4912 1.9633 1.4122
v  3.4912 1.5460 1.4122
v  3.3416 1.5460 0.5916
v  3.3416 1.9633 0.5916
v  3.3416 1.9633 1.4122
v  3.3416 1.5460 1.4122
v  3.1917 1.5460 0.6223
v  3.1917 1.9633 0.6223
v  3.1917 1.9633 1.4122
v  3.1917 1.5460 1.4122
v  3.0416 1.5460 0.6515
v  3.0416 1.9633 0.6515
v  3.0416 1.9633 1.4122
v  3.0416 1.5460 1.4122
v  2.8912 1.5460 0.6794
v  2.8912 1.9633 0.6794
v  2.8912 1.9633 1.4122
v  2.8912 1.5460 1.4122
v  2.7406 1.5460 0.7058
v  2.7406 1.9633 0.7058
v  2.7406 1.9633 1.4122
v  2.7406 1.5460 1.4122
v  2.5897 1.5460 0.7308
v  2.5897 1.9633 0.7308
v  2.5897 1.9633 1.4122
v  2.5897 1.5460 1.4122
v  2.4386 1.5460 0.7544
v  2.4386 1.9633 0.7544
v  2.4386 1.9633 1.4122
v  2.4386 1.5460 1.4122
v  2.2873 1.5460 0.7767
v  2.2873 1.9633 0.7767
v  2.2873 1.9633 1.4122
v  2.2873 1.5460 1.4122
v  2.1358 1.5460 0.7975
v  2.1358 1.9633 0.7975
v  2.1358 1.9633 1.4122
v  2.1358 1.5460 1.4122
v  1.9841 1.5460 0.8169
v  1.9841 1.9633 0.8169
v  1.9841 1.9633 1.4122
v  1.9841 1.5460 1.4122
v  1.8322 1.5460 0.8348
v  1.8322 1.9633 0.8348
v  1.8322 1.9633 1.4122
v  1.8322 1.5460 1.4122
v  1.6802 1.5460 0.8514
v  1.6802 1.9633 0.8514
v  1.6802 1.9633 1.4122
v  1.6802 1.5460 1.4122
v  1.5280 1.5460 0.8666
v  1.5280 1.9633 0.8666
v  1.5280 1.9633 1.4122
v  1.5280 1.5460 1.4122
v  1.3756 1.5460 0.8803
v  1.3756 1.9633 0.8803
v  1.3756 1.9633 1.4122
v  1.3756 1.5460 1.4122
v  1.2231 1.5460 0.8926
v  1.2231 1.9633 0.8926
v  1.2231 1.9633 1.4122
v  1.2231 1.5460 1.4122
v  1.0704 1.5460 0.9035
v  1.0704 1.9633 0.9035
v  1.0704 1.9633 1.4122
v  1.0704 1.5460 1.4122
v  0.9177 1.5460 0.9130
v  0.9177 1.9633 0.9130
v  0.9177 1.9633 1.4122
v  0.9177 1.5460 1.4122
v  0.7650 1.5460 0.9210
v  0.7650 1.9633 0.9210
v  0.7650 1.9633 1.4122
v  0.7650 1.5460 1.4122
v  0.6122 1.5460 0.9277
v  0.6122 1.9633 0.9277
v  0.6122 1.9633 1.4122
v  0.6122 1.5460 1.4122
v  0.4593 1.5460 0.9329
v  0.4593 1.9633 0.9329
v  0.4593 1.9633 1.4122
v  0.4593 1.5460 1.4122
v  0.3064 1.5460 0.9366
v  0.3064 1.9633 0.9366
v  0.3064 1.9633 1.4122
v  0.3064 1.5460 1.4122
v  0.1535 1.5460 0.9390
v  0.1535 1.9633 0.9390
v  0.1535 1.9633 1.4122
v  0.1535 1.5460 1.4122
v  0.0000 1.5460 0.9399
v  0.0000 1.9633 0.9399
v  0.0000 1.9633 1.4122
v  0.0000 1.5460 1.4122
v  3.6539 1.5278 0.5274
v  3.6353 1.5278 0.5274
v  3.6353 1.5278 1.4122
v  3.6539 1.5278 1.4122
v  3.6720 1.5278 1.3940
v  3.6720 1.5278 0.5455
v  3.4912 1.5278 0.5596
v  3.4912 1.5278 1.4122
v  3.3416 1.5278 0.5916
v  3.3416 1.5278 1.4122
v  3.1917 1.5278 0.6223
v  3.1917 1.5278 1.4122
v  3.0416 1.5278 0.6515
v  3.0416 1.5278 1.4122
v  2.8912 1.5278 0.6794
v  2.8912 1.5278 1.4122
v  2.7406 1.5278 0.7058
v  2.7406 1.5278 1.4122
v  2.5897 1.5278 0.7308
v  2.5897 1.5278 1.4122
v  2.4386 1.5278 0.7544
v  2.4386 1.5278 1.4122
v  2.2873 1.5278 0.7767
v  2.2873 1.5278 1.4122
v  2.1358 1.5278 0.7975
v  2.1358 1.5278 1.4122
v  1.9841 1.5278 0.8169
v  1.9841 1.5278 1.4122
v  1.8322 1.5278 0.8348
v  1.8322 1.5278 1.4122
v  1.6802 1.5278 0.8514
v  1.6802 1.5278 1.4122
v  1.5280 1.5278 0.8666
v  1.5280 1.5278 1.4122
v  1.3756 1.5278 0.8803
v  1.3756 1.5278 1.4122
v  1.2231 1.5278 0.8926
v  1.2231 1.5278 1.4122
v  1.0704 1.5278 0.9035
v  1.0704 1.5278 1.4122
v  0.9177 1.5278 0.9130
v  0.9177 1.5278 1.4122
v  0.7650 1.5278 0.9210
v  0.7650 1.5278 1.4122
v  0.6122 1.5278 0.9277
v  0.6122 1.5278 1.4122
v  0.4593 1.5278 0.9329
v  0.4593 1.5278 1.4122
v  0.3064 1.5278 0.9366
v  0.3064 1.5278 1.4122
v  0.1535 1.5278 0.9390
v  0.1535 1.5278 1.4122
v  0.0000 1.5278 0.9399
v  0.0000 1.5278 1.4122
v  3.6353 1.9814 0.5274
v  3.6539 1.9814 0.5274
v  3.6720 1.9814 0.5455
v  3.6720 1.9814 1.3940
v  3.6539 1.9814 1.4122
v  3.6353 1.9814 1.4122
v  3.4912 1.9814 0.5596
v  3.4912 1.9814 1.4122
v  3.3416 1.9814 0.5916
v  3.3416 1.9814 1.4122
v  3.1917 1.9814 0.6223
v  3.1917 1.9814 1.4122
v  3.0416 1.9814 0.6515
v  3.0416 1.9814 1.4122
v  2.8912 1.9814 0.6794
v  2.8912 1.9814 1.4122
v  2.7406 1.9814 0.7058
v  2.7406 1.9814 1.4122
v  2.5897 1.9814 0.7308
v  2.5897 1.9814 1.4122
v  2.4386 1.9814 0.7544
v  2.4386 1.9814 1.4122
v  2.2873 1.9814 0.7767
v  2.2873 1.9814 1.4122
v  2.1358 1.9814 0.7975
v  2.1358 1.9814 1.4122
v  1.9841 1.9814 0.8169
v  1.9841 1.9814 1.4122
v  1.8322 1.9814 0.8348
v  1.8322 1.9814 1.4122
v  1.6802 1.9814 0.8514
v  1.6802 1.9814 1.4122
v  1.5280 1.9814 0.8666
v  1.5280 1.9814 1.4122
v  1.3756 1.9814 0.8803
v  1.3756 1.9814 1.4122
v  1.2231 1.9814 0.8926
v  1.2231 1.9814 1.4122
v  1.0704 1.9814 0.9035
v  1.0704 1.9814 1.4122
v  0.9177 1.9814 0.9130
v  0.9177 1.9814 1.4122
v  0.7650 1.9814 0.9210
v  0.7650 1.9814 1.4122
v  0.6122 1.9814 0.9277
v  0.6122 1.9814 1.4122
v  0.4593 1.9814 0.9329
v  0.4593 1.9814 1.4122
v  0.3064 1.9814 0.9366
v  0.3064 1.9814 1.4122
v  0.1535 1.9814 0.9390
v  0.1535 1.9814 1.4122
v  0.0000 1.9814 0.9399
v  0.0000 1.9814 1.4122
v  3.6720 1.5460 0.5274
v  3.6720 1.9633 0.5274
v  3.6720 1.9633 1.4122
v  3.6720 1.5460 1.4122
v  3.6720 1.5278 0.5274
v  3.6720 1.5278 1.4122
v  3.6720 1.9814 0.5274
v  3.6720 1.9814 1.4122
v  4.3530 -2.2354 1.4092
v  4.3421 -2.2534 1.4092
v  4.3378 -2.2491 1.3955
v  4.3421 -2.2354 1.3912
v  4.3241 -2.2643 1.4092
v  4.3241 -2.2534 1.3912
v  4.3241 -2.2354 1.3803
v  4.3241 -2.2161 1.3803
v  4.3421 -2.2161 1.3912
v  4.3530 -2.2161 1.4092
v  4.3048 -2.2354 1.3803
v  4.3048 -2.2161 1.3803
v  4.3048 -2.2643 1.4092
v  4.3048 -2.2534 1.3912
v  4.3241 -2.2643 1.4285
v  4.3048 -2.2643 1.4285
v  4.3530 -2.2354 1.4285
v  4.3421 -2.2534 1.4285
v  4.3530 -2.2161 1.4285
v  4.3241 -2.2643 1.6303
v  4.3048 -2.2643 1.6303
v  4.3530 -2.2354 1.6495
v  4.3421 -2.2354 1.6676
v  4.3378 -2.2491 1.6633
v  4.3421 -2.2534 1.6495
v  4.3241 -2.2643 1.6495
v  4.3241 -2.2534 1.6676
v  4.3241 -2.2354 1.6785
v  4.3421 2.2161 1.6676
v  4.3241 2.2161 1.6785
v  4.3241 -2.2161 1.6785
v  4.3421 -2.2161 1.6676
v  4.3530 2.2161 1.6495
v  4.3530 -2.2161 1.6495
v  4.3048 -2.2161 1.6785
v  4.3048 -2.2354 1.6785
v  4.3048 -2.2534 1.6676
v  4.3048 -2.2643 1.6495
v  4.3421 -2.2534 1.6303
v  4.3530 -2.2354 1.6303
v  4.3530 -2.2161 1.6303
v  -4.3048 -2.2643 1.4092
v  -4.3048 -2.2534 1.3912
v  -4.3048 -2.2354 1.3803
v  -4.3048 -2.2643 1.4285
v  -4.3048 -2.2161 1.6785
v  -4.3048 -2.2354 1.6785
v  -4.3048 -2.2534 1.6676
v  -4.3048 -2.2643 1.6495
v  4.3530 2.2161 1.4092
v  4.3530 2.2161 1.4285
v  4.3048 2.2161 1.3803
v  4.3241 2.2161 1.3803
v  4.3530 2.2161 1.6303
v  4.3048 2.2161 1.6785
v  4.3530 2.2354 1.4092
v  4.3421 2.2354 1.3912
v  4.3378 2.2491 1.3955
v  4.3421 2.2534 1.4092
v  4.3241 2.2643 1.4092
v  4.3241 2.2534 1.3912
v  4.3241 2.2354 1.3803
v  4.3421 2.2161 1.3912
v  4.3048 2.2354 1.3803
v  4.3048 2.2534 1.3912
v  4.3048 2.2643 1.4092
v  4.3048 2.2643 1.4285
v  4.3241 2.2643 1.4285
v  4.3421 2.2534 1.4285
v  4.3530 2.2354 1.4285
v  4.3048 2.2643 1.6303
v  4.3241 2.2643 1.6303
v  4.3530 2.2354 1.6495
v  4.3421 2.2534 1.6495
v  4.3378 2.2491 1.6633
v  4.3421 2.2354 1.6676
v  4.3241 2.2643 1.6495
v  4.3241 2.2534 1.6676
v  4.3241 2.2354 1.6785
v  4.3048 2.2354 1.6785
v  4.3048 2.2643 1.6495
v  4.3048 2.2534 1.6676
v  4.3530 2.2354 1.6303
v  4.3421 2.2534 1.6303
v  -4.3048 2.2643 1.4285
v  -4.3048 2.2643 1.6303
v  4.0917 -2.0363 1.4943
v  4.0678 -2.0363 1.4943
v  4.0678 -2.0363 0.0731
v  4.0917 -2.0363 0.0731
v  4.1277 -2.0003 1.4943
v  4.1142 -2.0228 1.4943
v  4.1142 -2.0228 0.0731
v  4.1277 -2.0003 0.0731
v  4.1277 -2.0003 0.0491
v  4.1142 -2.0228 0.0491
v  4.1088 -2.0174 0.0320
v  4.1142 -2.0003 0.0267
v  4.0917 -2.0363 0.0491
v  4.0917 -2.0228 0.0267
v  4.0917 -2.0003 0.0131
v  3.6713 -2.0363 0.0731
v  3.6953 -2.0363 0.0731
v  3.6953 -2.0363 1.4943
v  3.6713 -2.0363 1.4943
v  3.6953 -1.9764 0.0131
v  4.0678 -1.9764 0.0131
v  4.0678 -2.0003 0.0131
v  3.6953 -2.0003 0.0131
v  3.6353 -2.0003 0.0731
v  3.6489 -2.0228 0.0731
v  3.6489 -2.0228 1.4943
v  3.6353 -2.0003 1.4943
v  3.6953 -2.0228 0.0267
v  4.0678 -2.0228 0.0267
v  4.0678 -2.0363 0.0491
v  3.6953 -2.0363 0.0491
v  3.6353 -2.0003 0.0491
v  3.6489 -2.0003 0.0267
v  3.6542 -2.0174 0.0320
v  3.6489 -2.0228 0.0491
v  3.6713 -2.0363 0.0491
v  3.6713 -2.0228 0.0267
v  3.6713 -2.0003 0.0131
v  4.1142 -1.9764 0.0267
v  4.0917 -1.9764 0.0131
v  4.0917 -1.5320 0.0131
v  4.1142 -1.5320 0.0267
v  4.1277 -1.5320 0.0491
v  4.1277 -1.9764 0.0491
v  3.6713 -1.9764 0.0131
v  3.6489 -1.9764 0.0267
v  3.6489 -1.5320 0.0267
v  3.6713 -1.5320 0.0131
v  3.6353 -1.9764 0.0491
v  3.6353 -1.5320 0.0491
v  4.1277 -1.5320 0.0731
v  4.1277 -1.9764 0.0731
v  4.0917 -1.4721 0.0731
v  4.0678 -1.4721 0.0731
v  4.0678 -1.4721 1.4943
v  4.0917 -1.4721 1.4943
v  4.0678 -1.5320 0.0131
v  3.6953 -1.5320 0.0131
v  3.6953 -1.5081 0.0131
v  4.0678 -1.5081 0.0131
v  4.1277 -1.5081 0.0731
v  4.1142 -1.4856 0.0731
v  4.1142 -1.4856 1.4943
v  4.1277 -1.5081 1.4943
v  4.1277 -1.5081 0.0491
v  4.1142 -1.5081 0.0267
v  4.1088 -1.4910 0.0320
v  4.1142 -1.4856 0.0491
v  4.0917 -1.4721 0.0491
v  4.0917 -1.4856 0.0267
v  4.0917 -1.5081 0.0131
v  3.6353 -1.9764 0.0731
v  3.6353 -1.5320 0.0731
v  3.6713 -1.4721 1.4943
v  3.6953 -1.4721 1.4943
v  3.6953 -1.4721 0.0731
v  3.6713 -1.4721 0.0731
v  3.6353 -1.5081 1.4943
v  3.6489 -1.4856 1.4943
v  3.6489 -1.4856 0.0731
v  3.6353 -1.5081 0.0731
v  4.0678 -1.4856 0.0267
v  3.6953 -1.4856 0.0267
v  3.6953 -1.4721 0.0491
v  4.0678 -1.4721 0.0491
v  3.6353 -1.5081 0.0491
v  3.6489 -1.4856 0.0491
v  3.6542 -1.4910 0.0320
v  3.6489 -1.5081 0.0267
v  3.6713 -1.4721 0.0491
v  3.6713 -1.4856 0.0267
v  3.6713 -1.5081 0.0131
v  4.1277 -1.9764 1.4943
v  3.6353 -1.5320 1.4943
v  3.6953 -1.9764 1.5130
v  4.0678 -1.9764 1.5130
v  4.0678 -1.5320 1.5130
v  3.6953 -1.5320 1.5130
v  3.6953 -2.0003 1.5130
v  4.0678 -2.0003 1.5130
v  4.0678 -1.4901 1.5130
v  3.6953 -1.4901 1.5130
v  3.6953 -1.5081 1.5130
v  4.0678 -1.5081 1.5130
v  4.0917 -1.9764 1.5130
v  4.0917 -1.5320 1.5130
v  3.6533 -1.5320 1.5130
v  3.6533 -1.9764 1.5130
v  3.6713 -1.9764 1.5130
v  3.6713 -1.5320 1.5130
v  4.0917 -2.0003 1.5130
v  3.6713 -2.0003 1.5130
v  3.6533 -1.9953 1.5130
v  3.6620 -1.4987 1.5130
v  3.6533 -1.5131 1.5130
v  3.6713 -1.5081 1.5130
v  3.6763 -1.4901 1.5130
v  4.0917 -1.5081 1.5130
v  4.0867 -1.4901 1.5130
v  3.6620 -2.0097 1.5130
v  3.6763 -2.0183 1.5130
v  3.6953 -2.0183 1.5130
v  4.0678 -2.0183 1.5130
v  4.0867 -2.0183 1.5130
v  4.1011 -2.0097 1.5130
v  4.1097 -1.9953 1.5130
v  4.1097 -1.9764 1.5130
v  4.1097 -1.5320 1.5130
v  4.1097 -1.5131 1.5130
v  4.1011 -1.4987 1.5130
v  4.0678 -2.0363 1.5130
v  4.0917 -2.0363 1.5130
v  4.1142 -2.0228 1.5130
v  4.1277 -2.0003 1.5130
v  4.1277 -1.9764 1.5130
v  4.1277 -1.5320 1.5130
v  4.1277 -1.5081 1.5130
v  4.1142 -1.4856 1.5130
v  4.0917 -1.4721 1.5130
v  4.0678 -1.4721 1.5130
v  3.6953 -1.4721 1.5130
v  3.6713 -1.4721 1.5130
v  3.6489 -1.4856 1.5130
v  3.6353 -1.5081 1.5130
v  3.6353 -1.5320 1.5130
v  3.6353 -1.9764 1.5130
v  3.6353 -2.0003 1.5130
v  3.6489 -2.0228 1.5130
v  3.6713 -2.0363 1.5130
v  3.6953 -2.0363 1.5130
v  3.6353 -1.9764 1.4943
v  4.1277 -1.5320 1.4943
v  4.0917 2.0363 1.4943
v  4.0917 2.0363 0.0731
v  4.0678 2.0363 0.0731
v  4.0678 2.0363 1.4943
v  4.1277 2.0003 1.4943
v  4.1277 2.0003 0.0731
v  4.1142 2.0228 0.0731
v  4.1142 2.0228 1.4943
v  4.1277 2.0003 0.0491
v  4.1142 2.0003 0.0267
v  4.1088 2.0175 0.0320
v  4.1142 2.0228 0.0491
v  4.0917 2.0363 0.0491
v  4.0917 2.0228 0.0267
v  4.0917 2.0003 0.0131
v  3.6713 2.0363 0.0731
v  3.6713 2.0363 1.4943
v  3.6953 2.0363 1.4943
v  3.6953 2.0363 0.0731
v  3.6953 1.9764 0.0131
v  3.6953 2.0003 0.0131
v  4.0678 2.0003 0.0131
v  4.0678 1.9764 0.0131
v  3.6353 2.0003 0.0731
v  3.6353 2.0003 1.4943
v  3.6489 2.0228 1.4943
v  3.6489 2.0228 0.0731
v  3.6953 2.0228 0.0267
v  3.6953 2.0363 0.0491
v  4.0678 2.0363 0.0491
v  4.0678 2.0228 0.0267
v  3.6353 2.0003 0.0491
v  3.6489 2.0228 0.0491
v  3.6542 2.0175 0.0320
v  3.6489 2.0003 0.0267
v  3.6713 2.0363 0.0491
v  3.6713 2.0228 0.0267
v  3.6713 2.0003 0.0131
v  4.1142 1.9764 0.0267
v  4.1142 1.5320 0.0267
v  4.0917 1.5320 0.0131
v  4.0917 1.9764 0.0131
v  4.1277 1.9764 0.0491
v  4.1277 1.5320 0.0491
v  3.6713 1.9764 0.0131
v  3.6713 1.5320 0.0131
v  3.6489 1.5320 0.0267
v  3.6489 1.9764 0.0267
v  3.6353 1.9764 0.0491
v  3.6353 1.5320 0.0491
v  4.1277 1.5320 0.0731
v  4.1277 1.9764 0.0731
v  4.0917 1.4721 0.0731
v  4.0917 1.4721 1.4943
v  4.0678 1.4721 1.4943
v  4.0678 1.4721 0.0731
v  4.0678 1.5320 0.0131
v  4.0678 1.5081 0.0131
v  3.6953 1.5081 0.0131
v  3.6953 1.5320 0.0131
v  4.1277 1.5081 0.0731
v  4.1277 1.5081 1.4943
v  4.1142 1.4856 1.4943
v  4.1142 1.4856 0.0731
v  4.1277 1.5081 0.0491
v  4.1142 1.4856 0.0491
v  4.1088 1.4910 0.0320
v  4.1142 1.5081 0.0267
v  4.0917 1.4721 0.0491
v  4.0917 1.4856 0.0267
v  4.0917 1.5081 0.0131
v  3.6353 1.9764 0.0731
v  3.6353 1.5320 0.0731
v  3.6713 1.4721 1.4943
v  3.6713 1.4721 0.0731
v  3.6953 1.4721 0.0731
v  3.6953 1.4721 1.4943
v  3.6353 1.5081 1.4943
v  3.6353 1.5081 0.0731
v  3.6489 1.4856 0.0731
v  3.6489 1.4856 1.4943
v  4.0678 1.4856 0.0267
v  4.0678 1.4721 0.0491
v  3.6953 1.4721 0.0491
v  3.6953 1.4856 0.0267
v  3.6353 1.5081 0.0491
v  3.6489 1.5081 0.0267
v  3.6542 1.4910 0.0320
v  3.6489 1.4856 0.0491
v  3.6713 1.4721 0.0491
v  3.6713 1.4856 0.0267
v  3.6713 1.5081 0.0131
v  4.1277 1.9764 1.4943
v  3.6353 1.5320 1.4943
v  3.6953 1.9764 1.5130
v  3.6953 1.5320 1.5130
v  4.0678 1.5320 1.5130
v  4.0678 1.9764 1.5130
v  3.6953 2.0003 1.5130
v  4.0678 2.0003 1.5130
v  4.0678 1.4901 1.5130
v  4.0678 1.5081 1.5130
v  3.6953 1.5081 1.5130
v  3.6953 1.4901 1.5130
v  4.0917 1.5320 1.5130
v  4.0917 1.9764 1.5130
v  3.6533 1.5320 1.5130
v  3.6713 1.5320 1.5130
v  3.6713 1.9764 1.5130
v  3.6533 1.9764 1.5130
v  4.0917 2.0003 1.5130
v  3.6713 2.0003 1.5130
v  3.6533 1.9953 1.5130
v  3.6620 1.4987 1.5130
v  3.6763 1.4901 1.5130
v  3.6713 1.5081 1.5130
v  3.6533 1.5131 1.5130
v  4.0867 1.4901 1.5130
v  4.0917 1.5081 1.5130
v  3.6620 2.0097 1.5130
v  3.6763 2.0183 1.5130
v  3.6953 2.0183 1.5130
v  4.0678 2.0183 1.5130
v  4.0867 2.0183 1.5130
v  4.1011 2.0097 1.5130
v  4.1097 1.9953 1.5130
v  4.1097 1.9764 1.5130
v  4.1097 1.5320 1.5130
v  4.1097 1.5131 1.5130
v  4.1011 1.4987 1.5130
v  4.0678 2.0363 1.5130
v  4.0917 2.0363 1.5130
v  4.1142 2.0228 1.5130
v  4.1277 2.0003 1.5130
v  4.1277 1.9764 1.5130
v  4.1277 1.5320 1.5130
v  4.1277 1.5081 1.5130
v  4.1142 1.4856 1.5130
v  4.0917 1.4721 1.5130
v  4.0678 1.4721 1.5130
v  3.6953 1.4721 1.5130
v  3.6713 1.4721 1.5130
v  3.6489 1.4856 1.5130
v  3.6353 1.5081 1.5130
v  3.6353 1.5320 1.5130
v  3.6353 1.9764 1.5130
v  3.6353 2.0003 1.5130
v  3.6489 2.0228 1.5130
v  3.6713 2.0363 1.5130
v  3.6953 2.0363 1.5130
v  3.6353 1.9764 1.4943
v  4.1277 1.5320 1.4943
v  2.7021 -2.1554 2.2339
v  2.6910 -2.1554 2.2451
v  2.6910 -2.2986 2.2451
v  2.7021 -2.2986 2.2339
v  2.7021 -2.1554 2.2005
v  2.7063 -2.1554 2.2172
v  2.7063 -2.2986 2.2172
v  2.7021 -2.2986 2.2005
v  2.7021 -2.3143 2.2005
v  2.7063 -2.3143 2.2172
v  2.7013 -2.3256 2.2172
v  2.6958 -2.3291 2.2068
v  2.7021 -2.3143 2.2339
v  2.6958 -2.3291 2.2277
v  2.6854 -2.3380 2.2172
v  2.4814 -2.2986 2.4547
v  2.4925 -2.2986 2.4436
v  2.4925 -2.1554 2.4436
v  2.4814 -2.1554 2.4547
v  2.4647 -2.3380 2.4157
v  2.6632 -2.3380 2.2172
v  2.6743 -2.3380 2.2284
v  2.4758 -2.3380 2.4268
v  2.4480 -2.2986 2.4547
v  2.4647 -2.2986 2.4588
v  2.4647 -2.1554 2.4588
v  2.4480 -2.1554 2.4547
v  2.4862 -2.3291 2.4373
v  2.6847 -2.3291 2.2388
v  2.6910 -2.3143 2.2451
v  2.4925 -2.3143 2.4436
v  2.4480 -2.3143 2.4547
v  2.4543 -2.3291 2.4484
v  2.4647 -2.3256 2.4539
v  2.4647 -2.3143 2.4588
v  2.4814 -2.3143 2.4547
v  2.4751 -2.3291 2.4484
v  2.4647 -2.3380 2.4380
v  2.6847 -2.3291 2.1957
v  2.6743 -2.3380 2.2061
v  2.4679 -2.3380 1.9997
v  2.4783 -2.3291 1.9893
v  2.4846 -2.3143 1.9830
v  2.6910 -2.3143 2.1894
v  2.4536 -2.3380 2.4268
v  2.4431 -2.3291 2.4373
v  2.2367 -2.3291 2.2309
v  2.2472 -2.3380 2.2205
v  2.4368 -2.3143 2.4436
v  2.2305 -2.3143 2.2372
v  2.4846 -2.2986 1.9830
v  2.6910 -2.2986 2.1894
v  2.4401 -2.2986 1.9719
v  2.4289 -2.2986 1.9830
v  2.4289 -2.1554 1.9830
v  2.4401 -2.1554 1.9719
v  2.4568 -2.3380 2.0108
v  2.2583 -2.3380 2.2093
v  2.2472 -2.3380 2.1982
v  2.4457 -2.3380 1.9997
v  2.4735 -2.2986 1.9719
v  2.4568 -2.2986 1.9678
v  2.4568 -2.1554 1.9678
v  2.4735 -2.1554 1.9719
v  2.4735 -2.3143 1.9719
v  2.4672 -2.3291 1.9782
v  2.4568 -2.3256 1.9727
v  2.4568 -2.3143 1.9678
v  2.4401 -2.3143 1.9719
v  2.4464 -2.3291 1.9782
v  2.4568 -2.3380 1.9886
v  2.4368 -2.2986 2.4436
v  2.2305 -2.2986 2.2372
v  2.2193 -2.1554 2.1926
v  2.2305 -2.1554 2.1815
v  2.2305 -2.2986 2.1815
v  2.2193 -2.2986 2.1926
v  2.2193 -2.1554 2.2260
v  2.2152 -2.1554 2.2093
v  2.2152 -2.2986 2.2093
v  2.2193 -2.2986 2.2260
v  2.4352 -2.3291 1.9893
v  2.2367 -2.3291 2.1878
v  2.2305 -2.3143 2.1815
v  2.4289 -2.3143 1.9830
v  2.2193 -2.3143 2.2260
v  2.2152 -2.3143 2.2093
v  2.2202 -2.3256 2.2093
v  2.2256 -2.3291 2.2198
v  2.2193 -2.3143 2.1926
v  2.2256 -2.3291 2.1989
v  2.2360 -2.3380 2.2093
v  2.6910 -2.1554 2.1894
v  2.2305 -2.1554 2.2372
v  2.4647 -2.1432 2.4157
v  2.6632 -2.1432 2.2173
v  2.4568 -2.1432 2.0109
v  2.2583 -2.1432 2.2093
v  2.4758 -2.1432 2.4268
v  2.6743 -2.1432 2.2284
v  2.4373 -2.1432 1.9914
v  2.2388 -2.1432 2.1899
v  2.2472 -2.1432 2.1982
v  2.4456 -2.1432 1.9997
v  2.6743 -2.1432 2.2061
v  2.4679 -2.1432 1.9997
v  2.2388 -2.1432 2.2288
v  2.4452 -2.1432 2.4352
v  2.4536 -2.1432 2.4268
v  2.2472 -2.1432 2.2205
v  2.6854 -2.1432 2.2172
v  2.4647 -2.1432 2.4380
v  2.4540 -2.1432 2.4440
v  2.2274 -2.1432 2.2093
v  2.2300 -2.1432 2.2200
v  2.2360 -2.1432 2.2093
v  2.2300 -2.1432 2.1987
v  2.4568 -2.1432 1.9886
v  2.4461 -2.1432 1.9826
v  2.4647 -2.1432 2.4466
v  2.4754 -2.1432 2.4440
v  2.4842 -2.1432 2.4352
v  2.6826 -2.1432 2.2367
v  2.6914 -2.1432 2.2279
v  2.6941 -2.1432 2.2172
v  2.6914 -2.1432 2.2066
v  2.6826 -2.1432 2.1978
v  2.4763 -2.1432 1.9914
v  2.4675 -2.1432 1.9826
v  2.4568 -2.1432 1.9799
v  2.6910 -2.1432 2.2451
v  2.7021 -2.1432 2.2339
v  2.7063 -2.1432 2.2172
v  2.7021 -2.1432 2.2005
v  2.6910 -2.1432 2.1894
v  2.4846 -2.1432 1.9830
v  2.4735 -2.1432 1.9719
v  2.4568 -2.1432 1.9678
v  2.4401 -2.1432 1.9719
v  2.4289 -2.1432 1.9830
v  2.2305 -2.1432 2.1815
v  2.2193 -2.1432 2.1926
v  2.2152 -2.1432 2.2093
v  2.2193 -2.1432 2.2260
v  2.2305 -2.1432 2.2372
v  2.4368 -2.1432 2.4436
v  2.4480 -2.1432 2.4547
v  2.4647 -2.1432 2.4588
v  2.4814 -2.1432 2.4547
v  2.4925 -2.1432 2.4436
v  2.4368 -2.1554 2.4436
v  2.4846 -2.1554 1.9830
v  2.7021 -2.1554 6.4323
v  2.6910 -2.1554 6.4434
v  2.6910 -2.2986 6.4434
v  2.7021 -2.2986 6.4323
v  2.7021 -2.1554 6.3989
v  2.7063 -2.1554 6.4156
v  2.7063 -2.2986 6.4156
v  2.7021 -2.2986 6.3989
v  2.7021 -2.3143 6.3989
v  2.7063 -2.3143 6.4156
v  2.7013 -2.3256 6.4156
v  2.6958 -2.3291 6.4052
v  2.7021 -2.3143 6.4323
v  2.6958 -2.3291 6.4260
v  2.6854 -2.3380 6.4156
v  2.4814 -2.2986 6.6530
v  2.4925 -2.2986 6.6419
v  2.4925 -2.1554 6.6419
v  2.4814 -2.1554 6.6530
v  2.4647 -2.3380 6.6141
v  2.6632 -2.3380 6.4156
v  2.6743 -2.3380 6.4267
v  2.4758 -2.3380 6.6252
v  2.4480 -2.2986 6.6530
v  2.4647 -2.2986 6.6572
v  2.4647 -2.1554 6.6572
v  2.4480 -2.1554 6.6530
v  2.4862 -2.3291 6.6356
v  2.6847 -2.3291 6.4372
v  2.6910 -2.3143 6.4434
v  2.4925 -2.3143 6.6419
v  2.4480 -2.3143 6.6530
v  2.4543 -2.3291 6.6468
v  2.4647 -2.3256 6.6522
v  2.4647 -2.3143 6.6572
v  2.4814 -2.3143 6.6530
v  2.4751 -2.3291 6.6468
v  2.4647 -2.3380 6.6363
v  2.6847 -2.3291 6.3941
v  2.6743 -2.3380 6.4045
v  2.4679 -2.3380 6.1981
v  2.4783 -2.3291 6.1877
v  2.4846 -2.3143 6.1814
v  2.6910 -2.3143 6.3878
v  2.4536 -2.3380 6.6252
v  2.4431 -2.3291 6.6356
v  2.2367 -2.3291 6.4292
v  2.2472 -2.3380 6.4188
v  2.4368 -2.3143 6.6419
v  2.2305 -2.3143 6.4355
v  2.4846 -2.2986 6.1814
v  2.6910 -2.2986 6.3878
v  2.4401 -2.2986 6.1703
v  2.4289 -2.2986 6.1814
v  2.4289 -2.1554 6.1814
v  2.4401 -2.1554 6.1703
v  2.4568 -2.3380 6.2092
v  2.2583 -2.3380 6.4077
v  2.2472 -2.3380 6.3966
v  2.4457 -2.3380 6.1981
v  2.4735 -2.2986 6.1703
v  2.4568 -2.2986 6.1661
v  2.4568 -2.1554 6.1661
v  2.4735 -2.1554 6.1703
v  2.4735 -2.3143 6.1703
v  2.4672 -2.3291 6.1765
v  2.4568 -2.3256 6.1711
v  2.4568 -2.3143 6.1661
v  2.4401 -2.3143 6.1703
v  2.4464 -2.3291 6.1765
v  2.4568 -2.3380 6.1870
v  2.4368 -2.2986 6.6419
v  2.2305 -2.2986 6.4355
v  2.2193 -2.1554 6.3910
v  2.2305 -2.1554 6.3799
v  2.2305 -2.2986 6.3799
v  2.2193 -2.2986 6.3910
v  2.2193 -2.1554 6.4244
v  2.2152 -2.1554 6.4077
v  2.2152 -2.2986 6.4077
v  2.2193 -2.2986 6.4244
v  2.4352 -2.3291 6.1877
v  2.2367 -2.3291 6.3862
v  2.2305 -2.3143 6.3799
v  2.4289 -2.3143 6.1814
v  2.2193 -2.3143 6.4244
v  2.2152 -2.3143 6.4077
v  2.2202 -2.3256 6.4077
v  2.2256 -2.3291 6.4181
v  2.2193 -2.3143 6.3910
v  2.2256 -2.3291 6.3973
v  2.2360 -2.3380 6.4077
v  2.6910 -2.1554 6.3878
v  2.2305 -2.1554 6.4355
v  2.4647 -2.1432 6.6141
v  2.6632 -2.1432 6.4156
v  2.4568 -2.1432 6.2092
v  2.2583 -2.1432 6.4077
v  2.4758 -2.1432 6.6252
v  2.6743 -2.1432 6.4267
v  2.4373 -2.1432 6.1897
v  2.2388 -2.1432 6.3882
v  2.2472 -2.1432 6.3966
v  2.4456 -2.1432 6.1981
v  2.6743 -2.1432 6.4045
v  2.4679 -2.1432 6.1981
v  2.2388 -2.1432 6.4272
v  2.4452 -2.1432 6.6336
v  2.4536 -2.1432 6.6252
v  2.2472 -2.1432 6.4188
v  2.6854 -2.1432 6.4156
v  2.4647 -2.1432 6.6363
v  2.4540 -2.1432 6.6424
v  2.2274 -2.1432 6.4077
v  2.2300 -2.1432 6.4184
v  2.2360 -2.1432 6.4077
v  2.2300 -2.1432 6.3970
v  2.4568 -2.1432 6.1870
v  2.4461 -2.1432 6.1809
v  2.4647 -2.1432 6.6450
v  2.4754 -2.1432 6.6424
v  2.4842 -2.1432 6.6336
v  2.6826 -2.1432 6.4351
v  2.6914 -2.1432 6.4263
v  2.6941 -2.1432 6.4156
v  2.6914 -2.1432 6.4049
v  2.6826 -2.1432 6.3961
v  2.4763 -2.1432 6.1897
v  2.4675 -2.1432 6.1809
v  2.4568 -2.1432 6.1783
v  2.6910 -2.1432 6.4434
v  2.7021 -2.1432 6.4323
v  2.7063 -2.1432 6.4156
v  2.7021 -2.1432 6.3989
v  2.6910 -2.1432 6.3878
v  2.4846 -2.1432 6.1814
v  2.4735 -2.1432 6.1703
v  2.4568 -2.1432 6.1661
v  2.4401 -2.1432 6.1703
v  2.4289 -2.1432 6.1814
v  2.2305 -2.1432 6.3799
v  2.2193 -2.1432 6.3910
v  2.2152 -2.1432 6.4077
v  2.2193 -2.1432 6.4244
v  2.2305 -2.1432 6.4355
v  2.4368 -2.1432 6.6419
v  2.4480 -2.1432 6.6530
v  2.4647 -2.1432 6.6572
v  2.4814 -2.1432 6.6530
v  2.4925 -2.1432 6.6419
v  2.4368 -2.1554 6.6419
v  2.4846 -2.1554 6.1814
v  2.7021 -2.1554 10.6136
v  2.6910 -2.1554 10.6247
v  2.6910 -2.2986 10.6247
v  2.7021 -2.2986 10.6136
v  2.7021 -2.1554 10.5802
v  2.7063 -2.1554 10.5969
v  2.7063 -2.2986 10.5969
v  2.7021 -2.2986 10.5802
v  2.7021 -2.3143 10.5802
v  2.7063 -2.3143 10.5969
v  2.7013 -2.3256 10.5969
v  2.6958 -2.3291 10.5865
v  2.7021 -2.3143 10.6136
v  2.6958 -2.3291 10.6073
v  2.6854 -2.3380 10.5969
v  2.4814 -2.2986 10.8343
v  2.4925 -2.2986 10.8232
v  2.4925 -2.1554 10.8232
v  2.4814 -2.1554 10.8343
v  2.4647 -2.3380 10.7954
v  2.6632 -2.3380 10.5969
v  2.6743 -2.3380 10.6080
v  2.4758 -2.3380 10.8065
v  2.4480 -2.2986 10.8343
v  2.4647 -2.2986 10.8385
v  2.4647 -2.1554 10.8385
v  2.4480 -2.1554 10.8343
v  2.4862 -2.3291 10.8169
v  2.6847 -2.3291 10.6184
v  2.6910 -2.3143 10.6247
v  2.4925 -2.3143 10.8232
v  2.4480 -2.3143 10.8343
v  2.4543 -2.3291 10.8281
v  2.4647 -2.3256 10.8335
v  2.4647 -2.3143 10.8385
v  2.4814 -2.3143 10.8343
v  2.4751 -2.3291 10.8281
v  2.4647 -2.3380 10.8176
v  2.6847 -2.3291 10.5754
v  2.6743 -2.3380 10.5858
v  2.4679 -2.3380 10.3794
v  2.4783 -2.3291 10.3690
v  2.4846 -2.3143 10.3627
v  2.6910 -2.3143 10.5691
v  2.4536 -2.3380 10.8065
v  2.4431 -2.3291 10.8169
v  2.2367 -2.3291 10.6105
v  2.2472 -2.3380 10.6001
v  2.4368 -2.3143 10.8232
v  2.2305 -2.3143 10.6168
v  2.4846 -2.2986 10.3627
v  2.6910 -2.2986 10.5691
v  2.4401 -2.2986 10.3516
v  2.4289 -2.2986 10.3627
v  2.4289 -2.1554 10.3627
v  2.4401 -2.1554 10.3516
v  2.4568 -2.3380 10.3905
v  2.2583 -2.3380 10.5890
v  2.2472 -2.3380 10.5779
v  2.4457 -2.3380 10.3794
v  2.4735 -2.2986 10.3516
v  2.4568 -2.2986 10.3474
v  2.4568 -2.1554 10.3474
v  2.4735 -2.1554 10.3516
v  2.4735 -2.3143 10.3516
v  2.4672 -2.3291 10.3578
v  2.4568 -2.3256 10.3524
v  2.4568 -2.3143 10.3474
v  2.4401 -2.3143 10.3516
v  2.4464 -2.3291 10.3578
v  2.4568 -2.3380 10.3683
v  2.4368 -2.2986 10.8232
v  2.2305 -2.2986 10.6168
v  2.2193 -2.1554 10.5723
v  2.2305 -2.1554 10.5612
v  2.2305 -2.2986 10.5612
v  2.2193 -2.2986 10.5723
v  2.2193 -2.1554 10.6057
v  2.2152 -2.1554 10.5890
v  2.2152 -2.2986 10.5890
v  2.2193 -2.2986 10.6057
v  2.4352 -2.3291 10.3690
v  2.2367 -2.3291 10.5674
v  2.2305 -2.3143 10.5612
v  2.4289 -2.3143 10.3627
v  2.2193 -2.3143 10.6057
v  2.2152 -2.3143 10.5890
v  2.2202 -2.3256 10.5890
v  2.2256 -2.3291 10.5994
v  2.2193 -2.3143 10.5723
v  2.2256 -2.3291 10.5786
v  2.2360 -2.3380 10.5890
v  2.6910 -2.1554 10.5691
v  2.2305 -2.1554 10.6168
v  2.4647 -2.1432 10.7954
v  2.6632 -2.1432 10.5969
v  2.4568 -2.1432 10.3905
v  2.2583 -2.1432 10.5890
v  2.4758 -2.1432 10.8065
v  2.6743 -2.1432 10.6080
v  2.4373 -2.1432 10.3710
v  2.2388 -2.1432 10.5695
v  2.2472 -2.1432 10.5779
v  2.4456 -2.1432 10.3794
v  2.6743 -2.1432 10.5858
v  2.4679 -2.1432 10.3794
v  2.2388 -2.1432 10.6085
v  2.4452 -2.1432 10.8149
v  2.4536 -2.1432 10.8065
v  2.2472 -2.1432 10.6001
v  2.6854 -2.1432 10.5969
v  2.4647 -2.1432 10.8176
v  2.4540 -2.1432 10.8237
v  2.2274 -2.1432 10.5890
v  2.2300 -2.1432 10.5997
v  2.2360 -2.1432 10.5890
v  2.2300 -2.1432 10.5783
v  2.4568 -2.1432 10.3683
v  2.4461 -2.1432 10.3622
v  2.4647 -2.1432 10.8263
v  2.4754 -2.1432 10.8237
v  2.4842 -2.1432 10.8149
v  2.6826 -2.1432 10.6164
v  2.6914 -2.1432 10.6076
v  2.6941 -2.1432 10.5969
v  2.6914 -2.1432 10.5862
v  2.6826 -2.1432 10.5774
v  2.4763 -2.1432 10.3710
v  2.4675 -2.1432 10.3622
v  2.4568 -2.1432 10.3596
v  2.6910 -2.1432 10.6247
v  2.7021 -2.1432 10.6136
v  2.7063 -2.1432 10.5969
v  2.7021 -2.1432 10.5802
v  2.6910 -2.1432 10.5691
v  2.4846 -2.1432 10.3627
v  2.4735 -2.1432 10.3516
v  2.4568 -2.1432 10.3474
v  2.4401 -2.1432 10.3516
v  2.4289 -2.1432 10.3627
v  2.2305 -2.1432 10.5612
v  2.2193 -2.1432 10.5723
v  2.2152 -2.1432 10.5890
v  2.2193 -2.1432 10.6057
v  2.2305 -2.1432 10.6168
v  2.4368 -2.1432 10.8232
v  2.4480 -2.1432 10.8343
v  2.4647 -2.1432 10.8385
v  2.4814 -2.1432 10.8343
v  2.4925 -2.1432 10.8232
v  2.4368 -2.1554 10.8232
v  2.4846 -2.1554 10.3627
v  2.7021 -2.1554 14.8009
v  2.6910 -2.1554 14.8120
v  2.6910 -2.2986 14.8120
v  2.7021 -2.2986 14.8009
v  2.7021 -2.1554 14.7675
v  2.7063 -2.1554 14.7842
v  2.7063 -2.2986 14.7842
v  2.7021 -2.2986 14.7675
v  2.7021 -2.3143 14.7675
v  2.7063 -2.3143 14.7842
v  2.7013 -2.3256 14.7842
v  2.6958 -2.3291 14.7738
v  2.7021 -2.3143 14.8009
v  2.6958 -2.3291 14.7946
v  2.6854 -2.3380 14.7842
v  2.4814 -2.2986 15.0216
v  2.4925 -2.2986 15.0105
v  2.4925 -2.1554 15.0105
v  2.4814 -2.1554 15.0216
v  2.4647 -2.3380 14.9827
v  2.6632 -2.3380 14.7842
v  2.6743 -2.3380 14.7953
v  2.4758 -2.3380 14.9938
v  2.4480 -2.2986 15.0216
v  2.4647 -2.2986 15.0258
v  2.4647 -2.1554 15.0258
v  2.4480 -2.1554 15.0216
v  2.4862 -2.3291 15.0042
v  2.6847 -2.3291 14.8057
v  2.6910 -2.3143 14.8120
v  2.4925 -2.3143 15.0105
v  2.4480 -2.3143 15.0216
v  2.4543 -2.3291 15.0153
v  2.4647 -2.3256 15.0208
v  2.4647 -2.3143 15.0258
v  2.4814 -2.3143 15.0216
v  2.4751 -2.3291 15.0153
v  2.4647 -2.3380 15.0049
v  2.6847 -2.3291 14.7626
v  2.6743 -2.3380 14.7731
v  2.4679 -2.3380 14.5667
v  2.4783 -2.3291 14.5562
v  2.4846 -2.3143 14.5500
v  2.6910 -2.3143 14.7563
v  2.4536 -2.3380 14.9938
v  2.4431 -2.3291 15.0042
v  2.2367 -2.3291 14.7978
v  2.2472 -2.3380 14.7874
v  2.4368 -2.3143 15.0105
v  2.2305 -2.3143 14.8041
v  2.4846 -2.2986 14.5500
v  2.6910 -2.2986 14.7563
v  2.4401 -2.2986 14.5388
v  2.4289 -2.2986 14.5500
v  2.4289 -2.1554 14.5500
v  2.4401 -2.1554 14.5388
v  2.4568 -2.3380 14.5778
v  2.2583 -2.3380 14.7763
v  2.2472 -2.3380 14.7652
v  2.4457 -2.3380 14.5667
v  2.4735 -2.2986 14.5388
v  2.4568 -2.2986 14.5347
v  2.4568 -2.1554 14.5347
v  2.4735 -2.1554 14.5388
v  2.4735 -2.3143 14.5388
v  2.4672 -2.3291 14.5451
v  2.4568 -2.3256 14.5397
v  2.4568 -2.3143 14.5347
v  2.4401 -2.3143 14.5388
v  2.4464 -2.3291 14.5451
v  2.4568 -2.3380 14.5555
v  2.4368 -2.2986 15.0105
v  2.2305 -2.2986 14.8041
v  2.2193 -2.1554 14.7596
v  2.2305 -2.1554 14.7484
v  2.2305 -2.2986 14.7484
v  2.2193 -2.2986 14.7596
v  2.2193 -2.1554 14.7930
v  2.2152 -2.1554 14.7763
v  2.2152 -2.2986 14.7763
v  2.2193 -2.2986 14.7930
v  2.4352 -2.3291 14.5562
v  2.2367 -2.3291 14.7547
v  2.2305 -2.3143 14.7484
v  2.4289 -2.3143 14.5500
v  2.2193 -2.3143 14.7930
v  2.2152 -2.3143 14.7763
v  2.2202 -2.3256 14.7763
v  2.2256 -2.3291 14.7867
v  2.2193 -2.3143 14.7596
v  2.2256 -2.3291 14.7659
v  2.2360 -2.3380 14.7763
v  2.6910 -2.1554 14.7563
v  2.2305 -2.1554 14.8041
v  2.4647 -2.1432 14.9827
v  2.6632 -2.1432 14.7842
v  2.4568 -2.1432 14.5778
v  2.2583 -2.1432 14.7763
v  2.4758 -2.1432 14.9938
v  2.6743 -2.1432 14.7953
v  2.4373 -2.1432 14.5583
v  2.2388 -2.1432 14.7568
v  2.2472 -2.1432 14.7651
v  2.4456 -2.1432 14.5667
v  2.6743 -2.1432 14.7731
v  2.4679 -2.1432 14.5667
v  2.2388 -2.1432 14.7958
v  2.4452 -2.1432 15.0021
v  2.4536 -2.1432 14.9938
v  2.2472 -2.1432 14.7874
v  2.6854 -2.1432 14.7842
v  2.4647 -2.1432 15.0049
v  2.4540 -2.1432 15.0109
v  2.2274 -2.1432 14.7763
v  2.2300 -2.1432 14.7870
v  2.2360 -2.1432 14.7763
v  2.2300 -2.1432 14.7656
v  2.4568 -2.1432 14.5555
v  2.4461 -2.1432 14.5495
v  2.4647 -2.1432 15.0136
v  2.4754 -2.1432 15.0109
v  2.4842 -2.1432 15.0021
v  2.6826 -2.1432 14.8037
v  2.6914 -2.1432 14.7949
v  2.6941 -2.1432 14.7842
v  2.6914 -2.1432 14.7735
v  2.6826 -2.1432 14.7647
v  2.4763 -2.1432 14.5583
v  2.4675 -2.1432 14.5495
v  2.4568 -2.1432 14.5469
v  2.6910 -2.1432 14.8120
v  2.7021 -2.1432 14.8009
v  2.7063 -2.1432 14.7842
v  2.7021 -2.1432 14.7675
v  2.6910 -2.1432 14.7563
v  2.4846 -2.1432 14.5500
v  2.4735 -2.1432 14.5388
v  2.4568 -2.1432 14.5347
v  2.4401 -2.1432 14.5388
v  2.4289 -2.1432 14.5500
v  2.2305 -2.1432 14.7484
v  2.2193 -2.1432 14.7596
v  2.2152 -2.1432 14.7763
v  2.2193 -2.1432 14.7930
v  2.2305 -2.1432 14.8041
v  2.4368 -2.1432 15.0105
v  2.4480 -2.1432 15.0216
v  2.4647 -2.1432 15.0258
v  2.4814 -2.1432 15.0216
v  2.4925 -2.1432 15.0105
v  2.4368 -2.1554 15.0105
v  2.4846 -2.1554 14.5500
v  -4.3048 2.2643 1.6495
v  -4.3048 2.2354 1.3803
v  -4.3048 2.2534 1.3912
v  -4.3048 2.2354 1.6785
v  -4.3048 2.2161 1.6785
v  -4.3048 -2.2161 1.3803
v  -4.3048 2.2161 1.3803
v  -3.6612 1.4749 1.3940
v  -3.6612 1.4749 0.5455
v  -3.6612 1.4935 0.5455
v  -3.6612 1.4935 1.3940
v  -3.6612 1.3308 1.3940
v  -3.6612 1.3308 0.5778
v  -3.6612 1.1812 1.3940
v  -3.6612 1.1812 0.6098
v  -3.6612 1.0314 1.3940
v  -3.6612 1.0314 0.6404
v  -3.6612 0.8812 1.3940
v  -3.6612 0.8812 0.6697
v  -3.6612 0.7308 1.3940
v  -3.6612 0.7308 0.6975
v  -3.6612 0.5802 1.3940
v  -3.6612 0.5802 0.7239
v  -3.6612 0.4293 1.3940
v  -3.6612 0.4293 0.7490
v  -3.6612 0.2783 1.3940
v  -3.6612 0.2783 0.7726
v  -3.6612 0.1373 1.3940
v  -3.6612 0.1375 0.7889
v  -3.6612 0.0000 0.7961
v  -3.6612 0.0000 1.3940
v  -4.1148 1.4935 0.5455
v  -4.1148 1.4749 0.5455
v  -4.1148 1.4749 1.3940
v  -4.1148 1.4935 1.3940
v  -4.1148 1.3308 0.5778
v  -4.1148 1.3308 1.3940
v  -4.1148 1.1812 0.6098
v  -4.1148 1.1812 1.3940
v  -4.1148 1.0314 0.6404
v  -4.1148 1.0314 1.3940
v  -4.1148 0.8812 0.6697
v  -4.1148 0.8812 1.3940
v  -4.1148 0.7308 0.6975
v  -4.1148 0.7308 1.3940
v  -4.1148 0.5802 0.7239
v  -4.1148 0.5802 1.3940
v  -4.1148 0.4293 0.7490
v  -4.1148 0.4293 1.3940
v  -4.1148 0.2783 0.7726
v  -4.1148 0.2783 1.3940
v  -4.1148 0.1375 0.7889
v  -4.1148 0.1373 1.3940
v  -4.0967 1.4935 0.5274
v  -3.6794 1.4935 0.5274
v  -3.6794 1.4749 0.5274
v  -4.0967 1.4749 0.5274
v  -4.0967 1.4749 1.4122
v  -3.6794 1.4749 1.4122
v  -3.6794 1.4935 1.4122
v  -4.0967 1.4935 1.4122
v  -4.0967 1.5116 1.3940
v  -3.6794 1.5116 1.3940
v  -3.6794 1.5116 0.5455
v  -4.0967 1.5116 0.5455
v  -3.6794 1.3308 0.5596
v  -4.0967 1.3308 0.5596
v  -4.0967 1.3308 1.4122
v  -3.6794 1.3308 1.4122
v  -3.6794 1.1812 0.5917
v  -4.0967 1.1812 0.5917
v  -4.0967 1.1812 1.4122
v  -3.6794 1.1812 1.4122
v  -3.6794 1.0314 0.6223
v  -4.0967 1.0314 0.6223
v  -4.0967 1.0314 1.4122
v  -3.6794 1.0314 1.4122
v  -3.6794 0.8812 0.6515
v  -4.0967 0.8812 0.6515
v  -4.0967 0.8812 1.4122
v  -3.6794 0.8812 1.4122
v  -3.6794 0.7308 0.6794
v  -4.0967 0.7308 0.6794
v  -4.0967 0.7308 1.4122
v  -3.6794 0.7308 1.4122
v  -3.6794 0.5802 0.7058
v  -4.0967 0.5802 0.7058
v  -4.0967 0.5802 1.4122
v  -3.6794 0.5802 1.4122
v  -3.6794 0.4293 0.7308
v  -4.0967 0.4293 0.7308
v  -4.0967 0.4293 1.4122
v  -3.6794 0.4293 1.4122
v  -3.6794 0.2783 0.7544
v  -4.0967 0.2783 0.7544
v  -4.0967 0.2783 1.4122
v  -3.6794 0.2783 1.4122
v  -3.6794 0.1373 0.7708
v  -4.0967 0.1373 0.7708
v  -4.0967 0.1373 1.4122
v  -3.6794 0.1377 1.4122
v  -3.6794 0.0000 1.4122
v  -4.0967 0.0000 1.4122
v  -3.6612 1.4935 0.5274
v  -3.6612 1.4749 0.5274
v  -3.6612 1.4749 1.4122
v  -3.6612 1.4935 1.4122
v  -3.6612 1.5116 1.3940
v  -3.6612 1.5116 0.5455
v  -3.6612 1.3308 0.5596
v  -3.6612 1.3308 1.4122
v  -3.6612 1.1812 0.5917
v  -3.6612 1.1812 1.4122
v  -3.6612 1.0314 0.6223
v  -3.6612 1.0314 1.4122
v  -3.6612 0.8812 0.6515
v  -3.6612 0.8812 1.4122
v  -3.6612 0.7308 0.6794
v  -3.6612 0.7308 1.4122
v  -3.6612 0.5802 0.7058
v  -3.6612 0.5802 1.4122
v  -3.6612 0.4293 0.7308
v  -3.6612 0.4293 1.4122
v  -3.6612 0.2783 0.7544
v  -3.6612 0.2783 1.4122
v  -3.6612 0.1373 0.7708
v  -3.6612 0.1373 1.4122
v  -3.6612 0.0000 0.7776
v  -4.1148 1.4749 0.5274
v  -4.1148 1.4935 0.5274
v  -4.1148 1.5116 0.5455
v  -4.1148 1.5116 1.3940
v  -4.1148 1.4935 1.4122
v  -4.1148 1.4749 1.4122
v  -4.1148 1.3308 0.5596
v  -4.1148 1.3308 1.4122
v  -4.1148 1.1812 0.5917
v  -4.1148 1.1812 1.4122
v  -4.1148 1.0314 0.6223
v  -4.1148 1.0314 1.4122
v  -4.1148 0.8812 0.6515
v  -4.1148 0.8812 1.4122
v  -4.1148 0.7308 0.6794
v  -4.1148 0.7308 1.4122
v  -4.1148 0.5802 0.7058
v  -4.1148 0.5802 1.4122
v  -4.1148 0.4293 0.7308
v  -4.1148 0.4293 1.4122
v  -4.1148 0.2783 0.7544
v  -4.1148 0.2783 1.4122
v  -4.1148 0.1373 0.7708
v  -4.1148 0.1373 1.4122
v  -4.1148 0.0000 0.7776
v  -4.1148 0.0000 0.7961
v  -4.1148 0.0000 1.3940
v  -4.1148 0.0000 1.4122
v  -3.6794 1.5116 0.5274
v  -4.0967 1.5116 0.5274
v  -4.0967 1.5116 1.4122
v  -3.6794 1.5116 1.4122
v  -3.6794 0.0000 0.7776
v  -3.6612 1.5116 0.5274
v  -3.6612 1.5116 1.4122
v  -4.1148 1.5116 0.5274
v  -4.1148 1.5116 1.4122
v  -4.0967 0.0000 0.7776
v  -3.6612 0.0000 1.4122
v  -3.6612 -1.4749 1.3940
v  -3.6612 -1.4935 1.3940
v  -3.6612 -1.4935 0.5455
v  -3.6612 -1.4749 0.5455
v  -3.6612 -1.3308 1.3940
v  -3.6612 -1.3308 0.5778
v  -3.6612 -1.1812 1.3940
v  -3.6612 -1.1812 0.6098
v  -3.6612 -1.0314 1.3940
v  -3.6612 -1.0314 0.6404
v  -3.6612 -0.8812 1.3940
v  -3.6612 -0.8812 0.6697
v  -3.6612 -0.7308 1.3940
v  -3.6612 -0.7308 0.6975
v  -3.6612 -0.5802 1.3940
v  -3.6612 -0.5802 0.7239
v  -3.6612 -0.4293 1.3940
v  -3.6612 -0.4293 0.7490
v  -3.6612 -0.2783 1.3940
v  -3.6612 -0.2783 0.7726
v  -3.6612 -0.1373 1.3940
v  -3.6612 -0.1375 0.7889
v  -4.1148 -1.4935 0.5455
v  -4.1148 -1.4935 1.3940
v  -4.1148 -1.4749 1.3940
v  -4.1148 -1.4749 0.5455
v  -4.1148 -1.3308 1.3940
v  -4.1148 -1.3308 0.5778
v  -4.1148 -1.1812 1.3940
v  -4.1148 -1.1812 0.6098
v  -4.1148 -1.0314 1.3940
v  -4.1148 -1.0314 0.6404
v  -4.1148 -0.8812 1.3940
v  -4.1148 -0.8812 0.6697
v  -4.1148 -0.7308 1.3940
v  -4.1148 -0.7308 0.6975
v  -4.1148 -0.5802 1.3940
v  -4.1148 -0.5802 0.7239
v  -4.1148 -0.4293 1.3940
v  -4.1148 -0.4293 0.7490
v  -4.1148 -0.2783 1.3940
v  -4.1148 -0.2783 0.7726
v  -4.1148 -0.1373 1.3940
v  -4.1148 -0.1375 0.7889
v  -4.0967 -1.4935 0.5274
v  -4.0967 -1.4749 0.5274
v  -3.6794 -1.4749 0.5274
v  -3.6794 -1.4935 0.5274
v  -4.0967 -1.4749 1.4122
v  -4.0967 -1.4935 1.4122
v  -3.6794 -1.4935 1.4122
v  -3.6794 -1.4749 1.4122
v  -4.0967 -1.5116 1.3940
v  -4.0967 -1.5116 0.5455
v  -3.6794 -1.5116 0.5455
v  -3.6794 -1.5116 1.3940
v  -4.0967 -1.3308 0.5596
v  -3.6794 -1.3308 0.5596
v  -4.0967 -1.3308 1.4122
v  -3.6794 -1.3308 1.4122
v  -4.0967 -1.1812 0.5917
v  -3.6794 -1.1812 0.5917
v  -4.0967 -1.1812 1.4122
v  -3.6794 -1.1812 1.4122
v  -4.0967 -1.0314 0.6223
v  -3.6794 -1.0314 0.6223
v  -4.0967 -1.0314 1.4122
v  -3.6794 -1.0314 1.4122
v  -4.0967 -0.8812 0.6515
v  -3.6794 -0.8812 0.6515
v  -4.0967 -0.8812 1.4122
v  -3.6794 -0.8812 1.4122
v  -4.0967 -0.7308 0.6794
v  -3.6794 -0.7308 0.6794
v  -4.0967 -0.7308 1.4122
v  -3.6794 -0.7308 1.4122
v  -4.0967 -0.5802 0.7058
v  -3.6794 -0.5802 0.7058
v  -4.0967 -0.5802 1.4122
v  -3.6794 -0.5802 1.4122
v  -4.0967 -0.4293 0.7308
v  -3.6794 -0.4293 0.7308
v  -4.0967 -0.4293 1.4122
v  -3.6794 -0.4293 1.4122
v  -4.0967 -0.2783 0.7544
v  -3.6794 -0.2783 0.7544
v  -4.0967 -0.2783 1.4122
v  -3.6794 -0.2783 1.4122
v  -4.0967 -0.1373 0.7708
v  -3.6794 -0.1373 0.7708
v  -4.0967 -0.1373 1.4122
v  -3.6794 -0.1377 1.4122
v  -3.6612 -1.4935 0.5274
v  -3.6612 -1.4749 0.5274
v  -3.6612 -1.4749 1.4122
v  -3.6612 -1.4935 1.4122
v  -3.6612 -1.5116 1.3940
v  -3.6612 -1.5116 0.5455
v  -3.6612 -1.3308 0.5596
v  -3.6612 -1.3308 1.4122
v  -3.6612 -1.1812 0.5917
v  -3.6612 -1.1812 1.4122
v  -3.6612 -1.0314 0.6223
v  -3.6612 -1.0314 1.4122
v  -3.6612 -0.8812 0.6515
v  -3.6612 -0.8812 1.4122
v  -3.6612 -0.7308 0.6794
v  -3.6612 -0.7308 1.4122
v  -3.6612 -0.5802 0.7058
v  -3.6612 -0.5802 1.4122
v  -3.6612 -0.4293 0.7308
v  -3.6612 -0.4293 1.4122
v  -3.6612 -0.2783 0.7544
v  -3.6612 -0.2783 1.4122
v  -3.6612 -0.1373 0.7708
v  -3.6612 -0.1373 1.4122
v  -4.1148 -1.4749 0.5274
v  -4.1148 -1.4935 0.5274
v  -4.1148 -1.5116 0.5455
v  -4.1148 -1.5116 1.3940
v  -4.1148 -1.4935 1.4122
v  -4.1148 -1.4749 1.4122
v  -4.1148 -1.3308 0.5596
v  -4.1148 -1.3308 1.4122
v  -4.1148 -1.1812 0.5917
v  -4.1148 -1.1812 1.4122
v  -4.1148 -1.0314 0.6223
v  -4.1148 -1.0314 1.4122
v  -4.1148 -0.8812 0.6515
v  -4.1148 -0.8812 1.4122
v  -4.1148 -0.7308 0.6794
v  -4.1148 -0.7308 1.4122
v  -4.1148 -0.5802 0.7058
v  -4.1148 -0.5802 1.4122
v  -4.1148 -0.4293 0.7308
v  -4.1148 -0.4293 1.4122
v  -4.1148 -0.2783 0.7544
v  -4.1148 -0.2783 1.4122
v  -4.1148 -0.1373 0.7708
v  -4.1148 -0.1373 1.4122
v  -3.6794 -1.5116 0.5274
v  -4.0967 -1.5116 0.5274
v  -4.0967 -1.5116 1.4122
v  -3.6794 -1.5116 1.4122
v  -3.6612 -1.5116 0.5274
v  -3.6612 -1.5116 1.4122
v  -4.1148 -1.5116 0.5274
v  -4.1148 -1.5116 1.4122
v  -3.6353 -1.5278 1.3940
v  -3.6353 -1.5278 0.5455
v  -3.6539 -1.5278 0.5455
v  -3.6539 -1.5278 1.3940
v  -3.4912 -1.5278 1.3940
v  -3.4912 -1.5278 0.5778
v  -3.3416 -1.5278 1.3940
v  -3.3416 -1.5278 0.6098
v  -3.1917 -1.5278 1.3940
v  -3.1917 -1.5278 0.6404
v  -3.0416 -1.5278 1.3940
v  -3.0416 -1.5278 0.6697
v  -2.8912 -1.5278 1.3940
v  -2.8912 -1.5278 0.6975
v  -2.7406 -1.5278 1.3940
v  -2.7406 -1.5278 0.7239
v  -2.5897 -1.5278 1.3940
v  -2.5897 -1.5278 0.7490
v  -2.4386 -1.5278 1.3940
v  -2.4386 -1.5278 0.7726
v  -2.2873 -1.5278 1.3940
v  -2.2873 -1.5278 0.7948
v  -2.1358 -1.5278 1.3940
v  -2.1358 -1.5278 0.8156
v  -1.9841 -1.5278 1.3940
v  -1.9841 -1.5278 0.8350
v  -1.8322 -1.5278 1.3940
v  -1.8322 -1.5278 0.8530
v  -1.6802 -1.5278 1.3940
v  -1.6802 -1.5278 0.8695
v  -1.5280 -1.5278 1.3940
v  -1.5280 -1.5278 0.8847
v  -1.3756 -1.5278 1.3940
v  -1.3756 -1.5278 0.8984
v  -1.2231 -1.5278 1.3940
v  -1.2231 -1.5278 0.9108
v  -1.0704 -1.5278 1.3940
v  -1.0704 -1.5278 0.9216
v  -0.9177 -1.5278 1.3940
v  -0.9177 -1.5278 0.9311
v  -0.7650 -1.5278 1.3940
v  -0.7650 -1.5278 0.9392
v  -0.6122 -1.5278 1.3940
v  -0.6122 -1.5278 0.9458
v  -0.4593 -1.5278 1.3940
v  -0.4593 -1.5278 0.9510
v  -0.3064 -1.5278 1.3940
v  -0.3064 -1.5278 0.9548
v  -0.1535 -1.5278 1.3940
v  -0.1535 -1.5278 0.9571
v  -3.6539 -1.9814 0.5455
v  -3.6353 -1.9814 0.5455
v  -3.6353 -1.9814 1.3940
v  -3.6539 -1.9814 1.3940
v  -3.4912 -1.9814 0.5778
v  -3.4912 -1.9814 1.3940
v  -3.3416 -1.9814 0.6098
v  -3.3416 -1.9814 1.3940
v  -3.1917 -1.9814 0.6404
v  -3.1917 -1.9814 1.3940
v  -3.0416 -1.9814 0.6697
v  -3.0416 -1.9814 1.3940
v  -2.8912 -1.9814 0.6975
v  -2.8912 -1.9814 1.3940
v  -2.7406 -1.9814 0.7239
v  -2.7406 -1.9814 1.3940
v  -2.5897 -1.9814 0.7490
v  -2.5897 -1.9814 1.3940
v  -2.4386 -1.9814 0.7726
v  -2.4386 -1.9814 1.3940
v  -2.2873 -1.9814 0.7948
v  -2.2873 -1.9814 1.3940
v  -2.1358 -1.9814 0.8156
v  -2.1358 -1.9814 1.3940
v  -1.9841 -1.9814 0.8350
v  -1.9841 -1.9814 1.3940
v  -1.8322 -1.9814 0.8530
v  -1.8322 -1.9814 1.3940
v  -1.6802 -1.9814 0.8695
v  -1.6802 -1.9814 1.3940
v  -1.5280 -1.9814 0.8847
v  -1.5280 -1.9814 1.3940
v  -1.3756 -1.9814 0.8984
v  -1.3756 -1.9814 1.3940
v  -1.2231 -1.9814 0.9108
v  -1.2231 -1.9814 1.3940
v  -1.0704 -1.9814 0.9216
v  -1.0704 -1.9814 1.3940
v  -0.9177 -1.9814 0.9311
v  -0.9177 -1.9814 1.3940
v  -0.7650 -1.9814 0.9392
v  -0.7650 -1.9814 1.3940
v  -0.6122 -1.9814 0.9458
v  -0.6122 -1.9814 1.3940
v  -0.4593 -1.9814 0.9510
v  -0.4593 -1.9814 1.3940
v  -0.3064 -1.9814 0.9548
v  -0.3064 -1.9814 1.3940
v  -0.1535 -1.9814 0.9571
v  -0.1535 -1.9814 1.3940
v  -3.6539 -1.9633 0.5274
v  -3.6539 -1.5460 0.5274
v  -3.6353 -1.5460 0.5274
v  -3.6353 -1.9633 0.5274
v  -3.6353 -1.9633 1.4122
v  -3.6353 -1.5460 1.4122
v  -3.6539 -1.5460 1.4122
v  -3.6539 -1.9633 1.4122
v  -3.6720 -1.9633 1.3940
v  -3.6720 -1.5460 1.3940
v  -3.6720 -1.5460 0.5455
v  -3.6720 -1.9633 0.5455
v  -3.4912 -1.5460 0.5596
v  -3.4912 -1.9633 0.5596
v  -3.4912 -1.9633 1.4122
v  -3.4912 -1.5460 1.4122
v  -3.3416 -1.5460 0.5916
v  -3.3416 -1.9633 0.5916
v  -3.3416 -1.9633 1.4122
v  -3.3416 -1.5460 1.4122
v  -3.1917 -1.5460 0.6223
v  -3.1917 -1.9633 0.6223
v  -3.1917 -1.9633 1.4122
v  -3.1917 -1.5460 1.4122
v  -3.0416 -1.5460 0.6515
v  -3.0416 -1.9633 0.6515
v  -3.0416 -1.9633 1.4122
v  -3.0416 -1.5460 1.4122
v  -2.8912 -1.5460 0.6794
v  -2.8912 -1.9633 0.6794
v  -2.8912 -1.9633 1.4122
v  -2.8912 -1.5460 1.4122
v  -2.7406 -1.5460 0.7058
v  -2.7406 -1.9633 0.7058
v  -2.7406 -1.9633 1.4122
v  -2.7406 -1.5460 1.4122
v  -2.5897 -1.5460 0.7308
v  -2.5897 -1.9633 0.7308
v  -2.5897 -1.9633 1.4122
v  -2.5897 -1.5460 1.4122
v  -2.4386 -1.5460 0.7544
v  -2.4386 -1.9633 0.7544
v  -2.4386 -1.9633 1.4122
v  -2.4386 -1.5460 1.4122
v  -2.2873 -1.5460 0.7767
v  -2.2873 -1.9633 0.7767
v  -2.2873 -1.9633 1.4122
v  -2.2873 -1.5460 1.4122
v  -2.1358 -1.5460 0.7975
v  -2.1358 -1.9633 0.7975
v  -2.1358 -1.9633 1.4122
v  -2.1358 -1.5460 1.4122
v  -1.9841 -1.5460 0.8169
v  -1.9841 -1.9633 0.8169
v  -1.9841 -1.9633 1.4122
v  -1.9841 -1.5460 1.4122
v  -1.8322 -1.5460 0.8348
v  -1.8322 -1.9633 0.8348
v  -1.8322 -1.9633 1.4122
v  -1.8322 -1.5460 1.4122
v  -1.6802 -1.5460 0.8514
v  -1.6802 -1.9633 0.8514
v  -1.6802 -1.9633 1.4122
v  -1.6802 -1.5460 1.4122
v  -1.5280 -1.5460 0.8666
v  -1.5280 -1.9633 0.8666
v  -1.5280 -1.9633 1.4122
v  -1.5280 -1.5460 1.4122
v  -1.3756 -1.5460 0.8803
v  -1.3756 -1.9633 0.8803
v  -1.3756 -1.9633 1.4122
v  -1.3756 -1.5460 1.4122
v  -1.2231 -1.5460 0.8926
v  -1.2231 -1.9633 0.8926
v  -1.2231 -1.9633 1.4122
v  -1.2231 -1.5460 1.4122
v  -1.0704 -1.5460 0.9035
v  -1.0704 -1.9633 0.9035
v  -1.0704 -1.9633 1.4122
v  -1.0704 -1.5460 1.4122
v  -0.9177 -1.5460 0.9130
v  -0.9177 -1.9633 0.9130
v  -0.9177 -1.9633 1.4122
v  -0.9177 -1.5460 1.4122
v  -0.7650 -1.5460 0.9210
v  -0.7650 -1.9633 0.9210
v  -0.7650 -1.9633 1.4122
v  -0.7650 -1.5460 1.4122
v  -0.6122 -1.5460 0.9277
v  -0.6122 -1.9633 0.9277
v  -0.6122 -1.9633 1.4122
v  -0.6122 -1.5460 1.4122
v  -0.4593 -1.5460 0.9329
v  -0.4593 -1.9633 0.9329
v  -0.4593 -1.9633 1.4122
v  -0.4593 -1.5460 1.4122
v  -0.3064 -1.5460 0.9366
v  -0.3064 -1.9633 0.9366
v  -0.3064 -1.9633 1.4122
v  -0.3064 -1.5460 1.4122
v  -0.1535 -1.5460 0.9390
v  -0.1535 -1.9633 0.9390
v  -0.1535 -1.9633 1.4122
v  -0.1535 -1.5460 1.4122
v  -3.6539 -1.5278 0.5274
v  -3.6353 -1.5278 0.5274
v  -3.6353 -1.5278 1.4122
v  -3.6539 -1.5278 1.4122
v  -3.6720 -1.5278 1.3940
v  -3.6720 -1.5278 0.5455
v  -3.4912 -1.5278 0.5596
v  -3.4912 -1.5278 1.4122
v  -3.3416 -1.5278 0.5916
v  -3.3416 -1.5278 1.4122
v  -3.1917 -1.5278 0.6223
v  -3.1917 -1.5278 1.4122
v  -3.0416 -1.5278 0.6515
v  -3.0416 -1.5278 1.4122
v  -2.8912 -1.5278 0.6794
v  -2.8912 -1.5278 1.4122
v  -2.7406 -1.5278 0.7058
v  -2.7406 -1.5278 1.4122
v  -2.5897 -1.5278 0.7308
v  -2.5897 -1.5278 1.4122
v  -2.4386 -1.5278 0.7544
v  -2.4386 -1.5278 1.4122
v  -2.2873 -1.5278 0.7767
v  -2.2873 -1.5278 1.4122
v  -2.1358 -1.5278 0.7975
v  -2.1358 -1.5278 1.4122
v  -1.9841 -1.5278 0.8169
v  -1.9841 -1.5278 1.4122
v  -1.8322 -1.5278 0.8348
v  -1.8322 -1.5278 1.4122
v  -1.6802 -1.5278 0.8514
v  -1.6802 -1.5278 1.4122
v  -1.5280 -1.5278 0.8666
v  -1.5280 -1.5278 1.4122
v  -1.3756 -1.5278 0.8803
v  -1.3756 -1.5278 1.4122
v  -1.2231 -1.5278 0.8926
v  -1.2231 -1.5278 1.4122
v  -1.0704 -1.5278 0.9035
v  -1.0704 -1.5278 1.4122
v  -0.9177 -1.5278 0.9130
v  -0.9177 -1.5278 1.4122
v  -0.7650 -1.5278 0.9210
v  -0.7650 -1.5278 1.4122
v  -0.6122 -1.5278 0.9277
v  -0.6122 -1.5278 1.4122
v  -0.4593 -1.5278 0.9329
v  -0.4593 -1.5278 1.4122
v  -0.3064 -1.5278 0.9366
v  -0.3064 -1.5278 1.4122
v  -0.1535 -1.5278 0.9390
v  -0.1535 -1.5278 1.4122
v  -3.6353 -1.9814 0.5274
v  -3.6539 -1.9814 0.5274
v  -3.6720 -1.9814 0.5455
v  -3.6720 -1.9814 1.3940
v  -3.6539 -1.9814 1.4122
v  -3.6353 -1.9814 1.4122
v  -3.4912 -1.9814 0.5596
v  -3.4912 -1.9814 1.4122
v  -3.3416 -1.9814 0.5916
v  -3.3416 -1.9814 1.4122
v  -3.1917 -1.9814 0.6223
v  -3.1917 -1.9814 1.4122
v  -3.0416 -1.9814 0.6515
v  -3.0416 -1.9814 1.4122
v  -2.8912 -1.9814 0.6794
v  -2.8912 -1.9814 1.4122
v  -2.7406 -1.9814 0.7058
v  -2.7406 -1.9814 1.4122
v  -2.5897 -1.9814 0.7308
v  -2.5897 -1.9814 1.4122
v  -2.4386 -1.9814 0.7544
v  -2.4386 -1.9814 1.4122
v  -2.2873 -1.9814 0.7767
v  -2.2873 -1.9814 1.4122
v  -2.1358 -1.9814 0.7975
v  -2.1358 -1.9814 1.4122
v  -1.9841 -1.9814 0.8169
v  -1.9841 -1.9814 1.4122
v  -1.8322 -1.9814 0.8348
v  -1.8322 -1.9814 1.4122
v  -1.6802 -1.9814 0.8514
v  -1.6802 -1.9814 1.4122
v  -1.5280 -1.9814 0.8666
v  -1.5280 -1.9814 1.4122
v  -1.3756 -1.9814 0.8803
v  -1.3756 -1.9814 1.4122
v  -1.2231 -1.9814 0.8926
v  -1.2231 -1.9814 1.4122
v  -1.0704 -1.9814 0.9035
v  -1.0704 -1.9814 1.4122
v  -0.9177 -1.9814 0.9130
v  -0.9177 -1.9814 1.4122
v  -0.7650 -1.9814 0.9210
v  -0.7650 -1.9814 1.4122
v  -0.6122 -1.9814 0.9277
v  -0.6122 -1.9814 1.4122
v  -0.4593 -1.9814 0.9329
v  -0.4593 -1.9814 1.4122
v  -0.3064 -1.9814 0.9366
v  -0.3064 -1.9814 1.4122
v  -0.1535 -1.9814 0.9390
v  -0.1535 -1.9814 1.4122
v  -3.6720 -1.5460 0.5274
v  -3.6720 -1.9633 0.5274
v  -3.6720 -1.9633 1.4122
v  -3.6720 -1.5460 1.4122
v  -3.6720 -1.5278 0.5274
v  -3.6720 -1.5278 1.4122
v  -3.6720 -1.9814 0.5274
v  -3.6720 -1.9814 1.4122
v  -3.6353 1.5278 1.3940
v  -3.6539 1.5278 1.3940
v  -3.6539 1.5278 0.5455
v  -3.6353 1.5278 0.5455
v  -3.4912 1.5278 1.3940
v  -3.4912 1.5278 0.5778
v  -3.3416 1.5278 1.3940
v  -3.3416 1.5278 0.6098
v  -3.1917 1.5278 1.3940
v  -3.1917 1.5278 0.6404
v  -3.0416 1.5278 1.3940
v  -3.0416 1.5278 0.6697
v  -2.8912 1.5278 1.3940
v  -2.8912 1.5278 0.6975
v  -2.7406 1.5278 1.3940
v  -2.7406 1.5278 0.7239
v  -2.5897 1.5278 1.3940
v  -2.5897 1.5278 0.7490
v  -2.4386 1.5278 1.3940
v  -2.4386 1.5278 0.7726
v  -2.2873 1.5278 1.3940
v  -2.2873 1.5278 0.7948
v  -2.1358 1.5278 1.3940
v  -2.1358 1.5278 0.8156
v  -1.9841 1.5278 1.3940
v  -1.9841 1.5278 0.8350
v  -1.8322 1.5278 1.3940
v  -1.8322 1.5278 0.8530
v  -1.6802 1.5278 1.3940
v  -1.6802 1.5278 0.8695
v  -1.5280 1.5278 1.3940
v  -1.5280 1.5278 0.8847
v  -1.3756 1.5278 1.3940
v  -1.3756 1.5278 0.8984
v  -1.2231 1.5278 1.3940
v  -1.2231 1.5278 0.9108
v  -1.0704 1.5278 1.3940
v  -1.0704 1.5278 0.9216
v  -0.9177 1.5278 1.3940
v  -0.9177 1.5278 0.9311
v  -0.7650 1.5278 1.3940
v  -0.7650 1.5278 0.9392
v  -0.6122 1.5278 1.3940
v  -0.6122 1.5278 0.9458
v  -0.4593 1.5278 1.3940
v  -0.4593 1.5278 0.9510
v  -0.3064 1.5278 1.3940
v  -0.3064 1.5278 0.9548
v  -0.1535 1.5278 1.3940
v  -0.1535 1.5278 0.9571
v  -3.6539 1.9814 0.5455
v  -3.6539 1.9814 1.3940
v  -3.6353 1.9814 1.3940
v  -3.6353 1.9814 0.5455
v  -3.4912 1.9814 1.3940
v  -3.4912 1.9814 0.5778
v  -3.3416 1.9814 1.3940
v  -3.3416 1.9814 0.6098
v  -3.1917 1.9814 1.3940
v  -3.1917 1.9814 0.6404
v  -3.0416 1.9814 1.3940
v  -3.0416 1.9814 0.6697
v  -2.8912 1.9814 1.3940
v  -2.8912 1.9814 0.6975
v  -2.7406 1.9814 1.3940
v  -2.7406 1.9814 0.7239
v  -2.5897 1.9814 1.3940
v  -2.5897 1.9814 0.7490
v  -2.4386 1.9814 1.3940
v  -2.4386 1.9814 0.7726
v  -2.2873 1.9814 1.3940
v  -2.2873 1.9814 0.7948
v  -2.1358 1.9814 1.3940
v  -2.1358 1.9814 0.8156
v  -1.9841 1.9814 1.3940
v  -1.9841 1.9814 0.8350
v  -1.8322 1.9814 1.3940
v  -1.8322 1.9814 0.8530
v  -1.6802 1.9814 1.3940
v  -1.6802 1.9814 0.8695
v  -1.5280 1.9814 1.3940
v  -1.5280 1.9814 0.8847
v  -1.3756 1.9814 1.3940
v  -1.3756 1.9814 0.8984
v  -1.2231 1.9814 1.3940
v  -1.2231 1.9814 0.9108
v  -1.0704 1.9814 1.3940
v  -1.0704 1.9814 0.9216
v  -0.9177 1.9814 1.3940
v  -0.9177 1.9814 0.9311
v  -0.7650 1.9814 1.3940
v  -0.7650 1.9814 0.9392
v  -0.6122 1.9814 1.3940
v  -0.6122 1.9814 0.9458
v  -0.4593 1.9814 1.3940
v  -0.4593 1.9814 0.9510
v  -0.3064 1.9814 1.3940
v  -0.3064 1.9814 0.9548
v  -0.1535 1.9814 1.3940
v  -0.1535 1.9814 0.9571
v  -3.6539 1.9633 0.5274
v  -3.6353 1.9633 0.5274
v  -3.6353 1.5460 0.5274
v  -3.6539 1.5460 0.5274
v  -3.6353 1.9633 1.4122
v  -3.6539 1.9633 1.4122
v  -3.6539 1.5460 1.4122
v  -3.6353 1.5460 1.4122
v  -3.6720 1.9633 1.3940
v  -3.6720 1.9633 0.5455
v  -3.6720 1.5460 0.5455
v  -3.6720 1.5460 1.3940
v  -3.4912 1.9633 0.5596
v  -3.4912 1.5460 0.5596
v  -3.4912 1.9633 1.4122
v  -3.4912 1.5460 1.4122
v  -3.3416 1.9633 0.5916
v  -3.3416 1.5460 0.5916
v  -3.3416 1.9633 1.4122
v  -3.3416 1.5460 1.4122
v  -3.1917 1.9633 0.6223
v  -3.1917 1.5460 0.6223
v  -3.1917 1.9633 1.4122
v  -3.1917 1.5460 1.4122
v  -3.0416 1.9633 0.6515
v  -3.0416 1.5460 0.6515
v  -3.0416 1.9633 1.4122
v  -3.0416 1.5460 1.4122
v  -2.8912 1.9633 0.6794
v  -2.8912 1.5460 0.6794
v  -2.8912 1.9633 1.4122
v  -2.8912 1.5460 1.4122
v  -2.7406 1.9633 0.7058
v  -2.7406 1.5460 0.7058
v  -2.7406 1.9633 1.4122
v  -2.7406 1.5460 1.4122
v  -2.5897 1.9633 0.7308
v  -2.5897 1.5460 0.7308
v  -2.5897 1.9633 1.4122
v  -2.5897 1.5460 1.4122
v  -2.4386 1.9633 0.7544
v  -2.4386 1.5460 0.7544
v  -2.4386 1.9633 1.4122
v  -2.4386 1.5460 1.4122
v  -2.2873 1.9633 0.7767
v  -2.2873 1.5460 0.7767
v  -2.2873 1.9633 1.4122
v  -2.2873 1.5460 1.4122
v  -2.1358 1.9633 0.7975
v  -2.1358 1.5460 0.7975
v  -2.1358 1.9633 1.4122
v  -2.1358 1.5460 1.4122
v  -1.9841 1.9633 0.8169
v  -1.9841 1.5460 0.8169
v  -1.9841 1.9633 1.4122
v  -1.9841 1.5460 1.4122
v  -1.8322 1.9633 0.8348
v  -1.8322 1.5460 0.8348
v  -1.8322 1.9633 1.4122
v  -1.8322 1.5460 1.4122
v  -1.6802 1.9633 0.8514
v  -1.6802 1.5460 0.8514
v  -1.6802 1.9633 1.4122
v  -1.6802 1.5460 1.4122
v  -1.5280 1.9633 0.8666
v  -1.5280 1.5460 0.8666
v  -1.5280 1.9633 1.4122
v  -1.5280 1.5460 1.4122
v  -1.3756 1.9633 0.8803
v  -1.3756 1.5460 0.8803
v  -1.3756 1.9633 1.4122
v  -1.3756 1.5460 1.4122
v  -1.2231 1.9633 0.8926
v  -1.2231 1.5460 0.8926
v  -1.2231 1.9633 1.4122
v  -1.2231 1.5460 1.4122
v  -1.0704 1.9633 0.9035
v  -1.0704 1.5460 0.9035
v  -1.0704 1.9633 1.4122
v  -1.0704 1.5460 1.4122
v  -0.9177 1.9633 0.9130
v  -0.9177 1.5460 0.9130
v  -0.9177 1.9633 1.4122
v  -0.9177 1.5460 1.4122
v  -0.7650 1.9633 0.9210
v  -0.7650 1.5460 0.9210
v  -0.7650 1.9633 1.4122
v  -0.7650 1.5460 1.4122
v  -0.6122 1.9633 0.9277
v  -0.6122 1.5460 0.9277
v  -0.6122 1.9633 1.4122
v  -0.6122 1.5460 1.4122
v  -0.4593 1.9633 0.9329
v  -0.4593 1.5460 0.9329
v  -0.4593 1.9633 1.4122
v  -0.4593 1.5460 1.4122
v  -0.3064 1.9633 0.9366
v  -0.3064 1.5460 0.9366
v  -0.3064 1.9633 1.4122
v  -0.3064 1.5460 1.4122
v  -0.1535 1.9633 0.9390
v  -0.1535 1.5460 0.9390
v  -0.1535 1.9633 1.4122
v  -0.1535 1.5460 1.4122
v  -3.6539 1.5278 0.5274
v  -3.6353 1.5278 0.5274
v  -3.6353 1.5278 1.4122
v  -3.6539 1.5278 1.4122
v  -3.6720 1.5278 1.3940
v  -3.6720 1.5278 0.5455
v  -3.4912 1.5278 0.5596
v  -3.4912 1.5278 1.4122
v  -3.3416 1.5278 0.5916
v  -3.3416 1.5278 1.4122
v  -3.1917 1.5278 0.6223
v  -3.1917 1.5278 1.4122
v  -3.0416 1.5278 0.6515
v  -3.0416 1.5278 1.4122
v  -2.8912 1.5278 0.6794
v  -2.8912 1.5278 1.4122
v  -2.7406 1.5278 0.7058
v  -2.7406 1.5278 1.4122
v  -2.5897 1.5278 0.7308
v  -2.5897 1.5278 1.4122
v  -2.4386 1.5278 0.7544
v  -2.4386 1.5278 1.4122
v  -2.2873 1.5278 0.7767
v  -2.2873 1.5278 1.4122
v  -2.1358 1.5278 0.7975
v  -2.1358 1.5278 1.4122
v  -1.9841 1.5278 0.8169
v  -1.9841 1.5278 1.4122
v  -1.8322 1.5278 0.8348
v  -1.8322 1.5278 1.4122
v  -1.6802 1.5278 0.8514
v  -1.6802 1.5278 1.4122
v  -1.5280 1.5278 0.8666
v  -1.5280 1.5278 1.4122
v  -1.3756 1.5278 0.8803
v  -1.3756 1.5278 1.4122
v  -1.2231 1.5278 0.8926
v  -1.2231 1.5278 1.4122
v  -1.0704 1.5278 0.9035
v  -1.0704 1.5278 1.4122
v  -0.9177 1.5278 0.9130
v  -0.9177 1.5278 1.4122
v  -0.7650 1.5278 0.9210
v  -0.7650 1.5278 1.4122
v  -0.6122 1.5278 0.9277
v  -0.6122 1.5278 1.4122
v  -0.4593 1.5278 0.9329
v  -0.4593 1.5278 1.4122
v  -0.3064 1.5278 0.9366
v  -0.3064 1.5278 1.4122
v  -0.1535 1.5278 0.9390
v  -0.1535 1.5278 1.4122
v  -3.6353 1.9814 0.5274
v  -3.6539 1.9814 0.5274
v  -3.6720 1.9814 0.5455
v  -3.6720 1.9814 1.3940
v  -3.6539 1.9814 1.4122
v  -3.6353 1.9814 1.4122
v  -3.4912 1.9814 0.5596
v  -3.4912 1.9814 1.4122
v  -3.3416 1.9814 0.5916
v  -3.3416 1.9814 1.4122
v  -3.1917 1.9814 0.6223
v  -3.1917 1.9814 1.4122
v  -3.0416 1.9814 0.6515
v  -3.0416 1.9814 1.4122
v  -2.8912 1.9814 0.6794
v  -2.8912 1.9814 1.4122
v  -2.7406 1.9814 0.7058
v  -2.7406 1.9814 1.4122
v  -2.5897 1.9814 0.7308
v  -2.5897 1.9814 1.4122
v  -2.4386 1.9814 0.7544
v  -2.4386 1.9814 1.4122
v  -2.2873 1.9814 0.7767
v  -2.2873 1.9814 1.4122
v  -2.1358 1.9814 0.7975
v  -2.1358 1.9814 1.4122
v  -1.9841 1.9814 0.8169
v  -1.9841 1.9814 1.4122
v  -1.8322 1.9814 0.8348
v  -1.8322 1.9814 1.4122
v  -1.6802 1.9814 0.8514
v  -1.6802 1.9814 1.4122
v  -1.5280 1.9814 0.8666
v  -1.5280 1.9814 1.4122
v  -1.3756 1.9814 0.8803
v  -1.3756 1.9814 1.4122
v  -1.2231 1.9814 0.8926
v  -1.2231 1.9814 1.4122
v  -1.0704 1.9814 0.9035
v  -1.0704 1.9814 1.4122
v  -0.9177 1.9814 0.9130
v  -0.9177 1.9814 1.4122
v  -0.7650 1.9814 0.9210
v  -0.7650 1.9814 1.4122
v  -0.6122 1.9814 0.9277
v  -0.6122 1.9814 1.4122
v  -0.4593 1.9814 0.9329
v  -0.4593 1.9814 1.4122
v  -0.3064 1.9814 0.9366
v  -0.3064 1.9814 1.4122
v  -0.1535 1.9814 0.9390
v  -0.1535 1.9814 1.4122
v  -3.6720 1.5460 0.5274
v  -3.6720 1.9633 0.5274
v  -3.6720 1.9633 1.4122
v  -3.6720 1.5460 1.4122
v  -3.6720 1.5278 0.5274
v  -3.6720 1.5278 1.4122
v  -3.6720 1.9814 0.5274
v  -3.6720 1.9814 1.4122
v  -4.3530 -2.2354 1.4092
v  -4.3421 -2.2354 1.3912
v  -4.3378 -2.2491 1.3955
v  -4.3421 -2.2534 1.4092
v  -4.3241 -2.2643 1.4092
v  -4.3241 -2.2534 1.3912
v  -4.3241 -2.2354 1.3803
v  -4.3421 -2.2161 1.3912
v  -4.3241 -2.2161 1.3803
v  -4.3530 -2.2161 1.4092
v  -4.3241 -2.2643 1.4285
v  -4.3421 -2.2534 1.4285
v  -4.3530 -2.2354 1.4285
v  -4.3530 -2.2161 1.4285
v  -4.3048 -2.2643 1.6303
v  -4.3241 -2.2643 1.6303
v  -4.3530 -2.2354 1.6495
v  -4.3421 -2.2534 1.6495
v  -4.3378 -2.2491 1.6633
v  -4.3421 -2.2354 1.6676
v  -4.3241 -2.2643 1.6495
v  -4.3241 -2.2534 1.6676
v  -4.3241 -2.2354 1.6785
v  -4.3421 2.2161 1.6676
v  -4.3421 -2.2161 1.6676
v  -4.3241 -2.2161 1.6785
v  -4.3241 2.2161 1.6785
v  -4.3530 2.2161 1.6495
v  -4.3530 -2.2161 1.6495
v  -4.3530 -2.2354 1.6303
v  -4.3421 -2.2534 1.6303
v  -4.3530 -2.2161 1.6303
v  -4.3530 2.2161 1.4285
v  -4.3530 2.2161 1.4092
v  -4.3241 2.2161 1.3803
v  -4.3530 2.2161 1.6303
v  -4.3530 2.2354 1.4092
v  -4.3421 2.2534 1.4092
v  -4.3378 2.2491 1.3955
v  -4.3421 2.2354 1.3912
v  -4.3241 2.2643 1.4092
v  -4.3241 2.2534 1.3912
v  -4.3241 2.2354 1.3803
v  -4.3421 2.2161 1.3912
v  -4.3048 2.2643 1.4092
v  -4.3241 2.2643 1.4285
v  -4.3530 2.2354 1.4285
v  -4.3421 2.2534 1.4285
v  -4.3241 2.2643 1.6303
v  -4.3530 2.2354 1.6495
v  -4.3421 2.2354 1.6676
v  -4.3378 2.2491 1.6633
v  -4.3421 2.2534 1.6495
v  -4.3241 2.2643 1.6495
v  -4.3241 2.2534 1.6676
v  -4.3241 2.2354 1.6785
v  -4.3048 2.2534 1.6676
v  -4.3421 2.2534 1.6303
v  -4.3530 2.2354 1.6303
v  -4.0917 -2.0363 1.4943
v  -4.0917 -2.0363 0.0731
v  -4.0678 -2.0363 0.0731
v  -4.0678 -2.0363 1.4943
v  -4.1277 -2.0003 1.4943
v  -4.1277 -2.0003 0.0731
v  -4.1142 -2.0228 0.0731
v  -4.1142 -2.0228 1.4943
v  -4.1277 -2.0003 0.0491
v  -4.1142 -2.0003 0.0267
v  -4.1088 -2.0174 0.0320
v  -4.1142 -2.0228 0.0491
v  -4.0917 -2.0363 0.0491
v  -4.0917 -2.0228 0.0267
v  -4.0917 -2.0003 0.0131
v  -3.6713 -2.0363 0.0731
v  -3.6713 -2.0363 1.4943
v  -3.6953 -2.0363 1.4943
v  -3.6953 -2.0363 0.0731
v  -3.6953 -1.9764 0.0131
v  -3.6953 -2.0003 0.0131
v  -4.0678 -2.0003 0.0131
v  -4.0678 -1.9764 0.0131
v  -3.6353 -2.0003 0.0731
v  -3.6353 -2.0003 1.4943
v  -3.6489 -2.0228 1.4943
v  -3.6489 -2.0228 0.0731
v  -3.6953 -2.0228 0.0267
v  -3.6953 -2.0363 0.0491
v  -4.0678 -2.0363 0.0491
v  -4.0678 -2.0228 0.0267
v  -3.6353 -2.0003 0.0491
v  -3.6489 -2.0228 0.0491
v  -3.6542 -2.0174 0.0320
v  -3.6489 -2.0003 0.0267
v  -3.6713 -2.0363 0.0491
v  -3.6713 -2.0228 0.0267
v  -3.6713 -2.0003 0.0131
v  -4.1142 -1.9764 0.0267
v  -4.1142 -1.5320 0.0267
v  -4.0917 -1.5320 0.0131
v  -4.0917 -1.9764 0.0131
v  -4.1277 -1.9764 0.0491
v  -4.1277 -1.5320 0.0491
v  -3.6713 -1.9764 0.0131
v  -3.6713 -1.5320 0.0131
v  -3.6489 -1.5320 0.0267
v  -3.6489 -1.9764 0.0267
v  -3.6353 -1.9764 0.0491
v  -3.6353 -1.5320 0.0491
v  -4.1277 -1.5320 0.0731
v  -4.1277 -1.9764 0.0731
v  -4.0917 -1.4721 0.0731
v  -4.0917 -1.4721 1.4943
v  -4.0678 -1.4721 1.4943
v  -4.0678 -1.4721 0.0731
v  -4.0678 -1.5320 0.0131
v  -4.0678 -1.5081 0.0131
v  -3.6953 -1.5081 0.0131
v  -3.6953 -1.5320 0.0131
v  -4.1277 -1.5081 0.0731
v  -4.1277 -1.5081 1.4943
v  -4.1142 -1.4856 1.4943
v  -4.1142 -1.4856 0.0731
v  -4.1277 -1.5081 0.0491
v  -4.1142 -1.4856 0.0491
v  -4.1088 -1.4910 0.0320
v  -4.1142 -1.5081 0.0267
v  -4.0917 -1.4721 0.0491
v  -4.0917 -1.4856 0.0267
v  -4.0917 -1.5081 0.0131
v  -3.6353 -1.9764 0.0731
v  -3.6353 -1.5320 0.0731
v  -3.6713 -1.4721 1.4943
v  -3.6713 -1.4721 0.0731
v  -3.6953 -1.4721 0.0731
v  -3.6953 -1.4721 1.4943
v  -3.6353 -1.5081 1.4943
v  -3.6353 -1.5081 0.0731
v  -3.6489 -1.4856 0.0731
v  -3.6489 -1.4856 1.4943
v  -4.0678 -1.4856 0.0267
v  -4.0678 -1.4721 0.0491
v  -3.6953 -1.4721 0.0491
v  -3.6953 -1.4856 0.0267
v  -3.6353 -1.5081 0.0491
v  -3.6489 -1.5081 0.0267
v  -3.6542 -1.4910 0.0320
v  -3.6489 -1.4856 0.0491
v  -3.6713 -1.4721 0.0491
v  -3.6713 -1.4856 0.0267
v  -3.6713 -1.5081 0.0131
v  -4.1277 -1.9764 1.4943
v  -3.6353 -1.5320 1.4943
v  -3.6953 -1.9764 1.5130
v  -3.6953 -1.5320 1.5130
v  -4.0678 -1.5320 1.5130
v  -4.0678 -1.9764 1.5130
v  -3.6953 -2.0003 1.5130
v  -4.0678 -2.0003 1.5130
v  -4.0678 -1.4901 1.5130
v  -4.0678 -1.5081 1.5130
v  -3.6953 -1.5081 1.5130
v  -3.6953 -1.4901 1.5130
v  -4.0917 -1.5320 1.5130
v  -4.0917 -1.9764 1.5130
v  -3.6533 -1.5320 1.5130
v  -3.6713 -1.5320 1.5130
v  -3.6713 -1.9764 1.5130
v  -3.6533 -1.9764 1.5130
v  -4.0917 -2.0003 1.5130
v  -3.6713 -2.0003 1.5130
v  -3.6533 -1.9953 1.5130
v  -3.6620 -1.4987 1.5130
v  -3.6763 -1.4901 1.5130
v  -3.6713 -1.5081 1.5130
v  -3.6533 -1.5131 1.5130
v  -4.0867 -1.4901 1.5130
v  -4.0917 -1.5081 1.5130
v  -3.6620 -2.0097 1.5130
v  -3.6763 -2.0183 1.5130
v  -3.6953 -2.0183 1.5130
v  -4.0678 -2.0183 1.5130
v  -4.0867 -2.0183 1.5130
v  -4.1011 -2.0097 1.5130
v  -4.1097 -1.9953 1.5130
v  -4.1097 -1.9764 1.5130
v  -4.1097 -1.5320 1.5130
v  -4.1097 -1.5131 1.5130
v  -4.1011 -1.4987 1.5130
v  -4.0678 -2.0363 1.5130
v  -4.0917 -2.0363 1.5130
v  -4.1142 -2.0228 1.5130
v  -4.1277 -2.0003 1.5130
v  -4.1277 -1.9764 1.5130
v  -4.1277 -1.5320 1.5130
v  -4.1277 -1.5081 1.5130
v  -4.1142 -1.4856 1.5130
v  -4.0917 -1.4721 1.5130
v  -4.0678 -1.4721 1.5130
v  -3.6953 -1.4721 1.5130
v  -3.6713 -1.4721 1.5130
v  -3.6489 -1.4856 1.5130
v  -3.6353 -1.5081 1.5130
v  -3.6353 -1.5320 1.5130
v  -3.6353 -1.9764 1.5130
v  -3.6353 -2.0003 1.5130
v  -3.6489 -2.0228 1.5130
v  -3.6713 -2.0363 1.5130
v  -3.6953 -2.0363 1.5130
v  -3.6353 -1.9764 1.4943
v  -4.1277 -1.5320 1.4943
v  -4.0917 2.0363 1.4943
v  -4.0678 2.0363 1.4943
v  -4.0678 2.0363 0.0731
v  -4.0917 2.0363 0.0731
v  -4.1277 2.0003 1.4943
v  -4.1142 2.0228 1.4943
v  -4.1142 2.0228 0.0731
v  -4.1277 2.0003 0.0731
v  -4.1277 2.0003 0.0491
v  -4.1142 2.0228 0.0491
v  -4.1088 2.0175 0.0320
v  -4.1142 2.0003 0.0267
v  -4.0917 2.0363 0.0491
v  -4.0917 2.0228 0.0267
v  -4.0917 2.0003 0.0131
v  -3.6713 2.0363 0.0731
v  -3.6953 2.0363 0.0731
v  -3.6953 2.0363 1.4943
v  -3.6713 2.0363 1.4943
v  -3.6953 1.9764 0.0131
v  -4.0678 1.9764 0.0131
v  -4.0678 2.0003 0.0131
v  -3.6953 2.0003 0.0131
v  -3.6353 2.0003 0.0731
v  -3.6489 2.0228 0.0731
v  -3.6489 2.0228 1.4943
v  -3.6353 2.0003 1.4943
v  -3.6953 2.0228 0.0267
v  -4.0678 2.0228 0.0267
v  -4.0678 2.0363 0.0491
v  -3.6953 2.0363 0.0491
v  -3.6353 2.0003 0.0491
v  -3.6489 2.0003 0.0267
v  -3.6542 2.0175 0.0320
v  -3.6489 2.0228 0.0491
v  -3.6713 2.0363 0.0491
v  -3.6713 2.0228 0.0267
v  -3.6713 2.0003 0.0131
v  -4.1142 1.9764 0.0267
v  -4.0917 1.9764 0.0131
v  -4.0917 1.5320 0.0131
v  -4.1142 1.5320 0.0267
v  -4.1277 1.5320 0.0491
v  -4.1277 1.9764 0.0491
v  -3.6713 1.9764 0.0131
v  -3.6489 1.9764 0.0267
v  -3.6489 1.5320 0.0267
v  -3.6713 1.5320 0.0131
v  -3.6353 1.9764 0.0491
v  -3.6353 1.5320 0.0491
v  -4.1277 1.5320 0.0731
v  -4.1277 1.9764 0.0731
v  -4.0917 1.4721 0.0731
v  -4.0678 1.4721 0.0731
v  -4.0678 1.4721 1.4943
v  -4.0917 1.4721 1.4943
v  -4.0678 1.5320 0.0131
v  -3.6953 1.5320 0.0131
v  -3.6953 1.5081 0.0131
v  -4.0678 1.5081 0.0131
v  -4.1277 1.5081 0.0731
v  -4.1142 1.4856 0.0731
v  -4.1142 1.4856 1.4943
v  -4.1277 1.5081 1.4943
v  -4.1277 1.5081 0.0491
v  -4.1142 1.5081 0.0267
v  -4.1088 1.4910 0.0320
v  -4.1142 1.4856 0.0491
v  -4.0917 1.4721 0.0491
v  -4.0917 1.4856 0.0267
v  -4.0917 1.5081 0.0131
v  -3.6353 1.9764 0.0731
v  -3.6353 1.5320 0.0731
v  -3.6713 1.4721 1.4943
v  -3.6953 1.4721 1.4943
v  -3.6953 1.4721 0.0731
v  -3.6713 1.4721 0.0731
v  -3.6353 1.5081 1.4943
v  -3.6489 1.4856 1.4943
v  -3.6489 1.4856 0.0731
v  -3.6353 1.5081 0.0731
v  -4.0678 1.4856 0.0267
v  -3.6953 1.4856 0.0267
v  -3.6953 1.4721 0.0491
v  -4.0678 1.4721 0.0491
v  -3.6353 1.5081 0.0491
v  -3.6489 1.4856 0.0491
v  -3.6542 1.4910 0.0320
v  -3.6489 1.5081 0.0267
v  -3.6713 1.4721 0.0491
v  -3.6713 1.4856 0.0267
v  -3.6713 1.5081 0.0131
v  -4.1277 1.9764 1.4943
v  -3.6353 1.5320 1.4943
v  -3.6953 1.9764 1.5130
v  -4.0678 1.9764 1.5130
v  -4.0678 1.5320 1.5130
v  -3.6953 1.5320 1.5130
v  -3.6953 2.0003 1.5130
v  -4.0678 2.0003 1.5130
v  -4.0678 1.4901 1.5130
v  -3.6953 1.4901 1.5130
v  -3.6953 1.5081 1.5130
v  -4.0678 1.5081 1.5130
v  -4.0917 1.9764 1.5130
v  -4.0917 1.5320 1.5130
v  -3.6533 1.5320 1.5130
v  -3.6533 1.9764 1.5130
v  -3.6713 1.9764 1.5130
v  -3.6713 1.5320 1.5130
v  -4.0917 2.0003 1.5130
v  -3.6713 2.0003 1.5130
v  -3.6533 1.9953 1.5130
v  -3.6620 1.4987 1.5130
v  -3.6533 1.5131 1.5130
v  -3.6713 1.5081 1.5130
v  -3.6763 1.4901 1.5130
v  -4.0917 1.5081 1.5130
v  -4.0867 1.4901 1.5130
v  -3.6620 2.0097 1.5130
v  -3.6763 2.0183 1.5130
v  -3.6953 2.0183 1.5130
v  -4.0678 2.0183 1.5130
v  -4.0867 2.0183 1.5130
v  -4.1011 2.0097 1.5130
v  -4.1097 1.9953 1.5130
v  -4.1097 1.9764 1.5130
v  -4.1097 1.5320 1.5130
v  -4.1097 1.5131 1.5130
v  -4.1011 1.4987 1.5130
v  -4.0678 2.0363 1.5130
v  -4.0917 2.0363 1.5130
v  -4.1142 2.0228 1.5130
v  -4.1277 2.0003 1.5130
v  -4.1277 1.9764 1.5130
v  -4.1277 1.5320 1.5130
v  -4.1277 1.5081 1.5130
v  -4.1142 1.4856 1.5130
v  -4.0917 1.4721 1.5130
v  -4.0678 1.4721 1.5130
v  -3.6953 1.4721 1.5130
v  -3.6713 1.4721 1.5130
v  -3.6489 1.4856 1.5130
v  -3.6353 1.5081 1.5130
v  -3.6353 1.5320 1.5130
v  -3.6353 1.9764 1.5130
v  -3.6353 2.0003 1.5130
v  -3.6489 2.0228 1.5130
v  -3.6713 2.0363 1.5130
v  -3.6953 2.0363 1.5130
v  -3.6353 1.9764 1.4943
v  -4.1277 1.5320 1.4943
v  -2.7021 -2.1554 2.2339
v  -2.7021 -2.2986 2.2339
v  -2.6910 -2.2986 2.2451
v  -2.6910 -2.1554 2.2451
v  -2.7021 -2.1554 2.2005
v  -2.7021 -2.2986 2.2005
v  -2.7063 -2.2986 2.2172
v  -2.7063 -2.1554 2.2172
v  -2.7021 -2.3143 2.2005
v  -2.6958 -2.3291 2.2068
v  -2.7013 -2.3256 2.2172
v  -2.7063 -2.3143 2.2172
v  -2.7021 -2.3143 2.2339
v  -2.6958 -2.3291 2.2277
v  -2.6854 -2.3380 2.2172
v  -2.4814 -2.2986 2.4547
v  -2.4814 -2.1554 2.4547
v  -2.4925 -2.1554 2.4436
v  -2.4925 -2.2986 2.4436
v  -2.4647 -2.3380 2.4157
v  -2.4758 -2.3380 2.4268
v  -2.6743 -2.3380 2.2284
v  -2.6632 -2.3380 2.2172
v  -2.4480 -2.2986 2.4547
v  -2.4480 -2.1554 2.4547
v  -2.4647 -2.1554 2.4588
v  -2.4647 -2.2986 2.4588
v  -2.4862 -2.3291 2.4373
v  -2.4925 -2.3143 2.4436
v  -2.6910 -2.3143 2.2451
v  -2.6847 -2.3291 2.2388
v  -2.4480 -2.3143 2.4547
v  -2.4647 -2.3143 2.4588
v  -2.4647 -2.3256 2.4539
v  -2.4543 -2.3291 2.4484
v  -2.4814 -2.3143 2.4547
v  -2.4751 -2.3291 2.4484
v  -2.4647 -2.3380 2.4380
v  -2.6847 -2.3291 2.1957
v  -2.4783 -2.3291 1.9893
v  -2.4679 -2.3380 1.9997
v  -2.6743 -2.3380 2.2061
v  -2.6910 -2.3143 2.1894
v  -2.4846 -2.3143 1.9830
v  -2.4536 -2.3380 2.4268
v  -2.2472 -2.3380 2.2205
v  -2.2367 -2.3291 2.2309
v  -2.4431 -2.3291 2.4373
v  -2.4368 -2.3143 2.4436
v  -2.2305 -2.3143 2.2372
v  -2.4846 -2.2986 1.9830
v  -2.6910 -2.2986 2.1894
v  -2.4401 -2.2986 1.9719
v  -2.4401 -2.1554 1.9719
v  -2.4289 -2.1554 1.9830
v  -2.4289 -2.2986 1.9830
v  -2.4568 -2.3380 2.0108
v  -2.4457 -2.3380 1.9997
v  -2.2472 -2.3380 2.1982
v  -2.2583 -2.3380 2.2093
v  -2.4735 -2.2986 1.9719
v  -2.4735 -2.1554 1.9719
v  -2.4568 -2.1554 1.9678
v  -2.4568 -2.2986 1.9678
v  -2.4735 -2.3143 1.9719
v  -2.4568 -2.3143 1.9678
v  -2.4568 -2.3256 1.9727
v  -2.4672 -2.3291 1.9782
v  -2.4401 -2.3143 1.9719
v  -2.4464 -2.3291 1.9782
v  -2.4568 -2.3380 1.9886
v  -2.4368 -2.2986 2.4436
v  -2.2305 -2.2986 2.2372
v  -2.2193 -2.1554 2.1926
v  -2.2193 -2.2986 2.1926
v  -2.2305 -2.2986 2.1815
v  -2.2305 -2.1554 2.1815
v  -2.2193 -2.1554 2.2260
v  -2.2193 -2.2986 2.2260
v  -2.2152 -2.2986 2.2093
v  -2.2152 -2.1554 2.2093
v  -2.4352 -2.3291 1.9893
v  -2.4289 -2.3143 1.9830
v  -2.2305 -2.3143 2.1815
v  -2.2367 -2.3291 2.1878
v  -2.2193 -2.3143 2.2260
v  -2.2256 -2.3291 2.2198
v  -2.2202 -2.3256 2.2093
v  -2.2152 -2.3143 2.2093
v  -2.2193 -2.3143 2.1926
v  -2.2256 -2.3291 2.1989
v  -2.2360 -2.3380 2.2093
v  -2.6910 -2.1554 2.1894
v  -2.2305 -2.1554 2.2372
v  -2.4647 -2.1432 2.4157
v  -2.2583 -2.1432 2.2093
v  -2.4568 -2.1432 2.0109
v  -2.6632 -2.1432 2.2173
v  -2.4758 -2.1432 2.4268
v  -2.6743 -2.1432 2.2284
v  -2.4373 -2.1432 1.9914
v  -2.4456 -2.1432 1.9997
v  -2.2472 -2.1432 2.1982
v  -2.2388 -2.1432 2.1899
v  -2.4679 -2.1432 1.9997
v  -2.6743 -2.1432 2.2061
v  -2.2388 -2.1432 2.2288
v  -2.2472 -2.1432 2.2205
v  -2.4536 -2.1432 2.4268
v  -2.4452 -2.1432 2.4352
v  -2.6854 -2.1432 2.2172
v  -2.4647 -2.1432 2.4380
v  -2.4540 -2.1432 2.4440
v  -2.2274 -2.1432 2.2093
v  -2.2300 -2.1432 2.1987
v  -2.2360 -2.1432 2.2093
v  -2.2300 -2.1432 2.2200
v  -2.4461 -2.1432 1.9826
v  -2.4568 -2.1432 1.9886
v  -2.4647 -2.1432 2.4466
v  -2.4754 -2.1432 2.4440
v  -2.4842 -2.1432 2.4352
v  -2.6826 -2.1432 2.2367
v  -2.6914 -2.1432 2.2279
v  -2.6941 -2.1432 2.2172
v  -2.6914 -2.1432 2.2066
v  -2.6826 -2.1432 2.1978
v  -2.4763 -2.1432 1.9914
v  -2.4675 -2.1432 1.9826
v  -2.4568 -2.1432 1.9799
v  -2.6910 -2.1432 2.2451
v  -2.7021 -2.1432 2.2339
v  -2.7063 -2.1432 2.2172
v  -2.7021 -2.1432 2.2005
v  -2.6910 -2.1432 2.1894
v  -2.4846 -2.1432 1.9830
v  -2.4735 -2.1432 1.9719
v  -2.4568 -2.1432 1.9678
v  -2.4401 -2.1432 1.9719
v  -2.4289 -2.1432 1.9830
v  -2.2305 -2.1432 2.1815
v  -2.2193 -2.1432 2.1926
v  -2.2152 -2.1432 2.2093
v  -2.2193 -2.1432 2.2260
v  -2.2305 -2.1432 2.2372
v  -2.4368 -2.1432 2.4436
v  -2.4480 -2.1432 2.4547
v  -2.4647 -2.1432 2.4588
v  -2.4814 -2.1432 2.4547
v  -2.4925 -2.1432 2.4436
v  -2.4368 -2.1554 2.4436
v  -2.4846 -2.1554 1.9830
v  -2.7021 -2.1554 6.4323
v  -2.7021 -2.2986 6.4323
v  -2.6910 -2.2986 6.4434
v  -2.6910 -2.1554 6.4434
v  -2.7021 -2.1554 6.3989
v  -2.7021 -2.2986 6.3989
v  -2.7063 -2.2986 6.4156
v  -2.7063 -2.1554 6.4156
v  -2.7021 -2.3143 6.3989
v  -2.6958 -2.3291 6.4052
v  -2.7013 -2.3256 6.4156
v  -2.7063 -2.3143 6.4156
v  -2.7021 -2.3143 6.4323
v  -2.6958 -2.3291 6.4260
v  -2.6854 -2.3380 6.4156
v  -2.4814 -2.2986 6.6530
v  -2.4814 -2.1554 6.6530
v  -2.4925 -2.1554 6.6419
v  -2.4925 -2.2986 6.6419
v  -2.4647 -2.3380 6.6141
v  -2.4758 -2.3380 6.6252
v  -2.6743 -2.3380 6.4267
v  -2.6632 -2.3380 6.4156
v  -2.4480 -2.2986 6.6530
v  -2.4480 -2.1554 6.6530
v  -2.4647 -2.1554 6.6572
v  -2.4647 -2.2986 6.6572
v  -2.4862 -2.3291 6.6356
v  -2.4925 -2.3143 6.6419
v  -2.6910 -2.3143 6.4434
v  -2.6847 -2.3291 6.4372
v  -2.4480 -2.3143 6.6530
v  -2.4647 -2.3143 6.6572
v  -2.4647 -2.3256 6.6522
v  -2.4543 -2.3291 6.6468
v  -2.4814 -2.3143 6.6530
v  -2.4751 -2.3291 6.6468
v  -2.4647 -2.3380 6.6363
v  -2.6847 -2.3291 6.3941
v  -2.4783 -2.3291 6.1877
v  -2.4679 -2.3380 6.1981
v  -2.6743 -2.3380 6.4045
v  -2.6910 -2.3143 6.3878
v  -2.4846 -2.3143 6.1814
v  -2.4536 -2.3380 6.6252
v  -2.2472 -2.3380 6.4188
v  -2.2367 -2.3291 6.4292
v  -2.4431 -2.3291 6.6356
v  -2.4368 -2.3143 6.6419
v  -2.2305 -2.3143 6.4355
v  -2.4846 -2.2986 6.1814
v  -2.6910 -2.2986 6.3878
v  -2.4401 -2.2986 6.1703
v  -2.4401 -2.1554 6.1703
v  -2.4289 -2.1554 6.1814
v  -2.4289 -2.2986 6.1814
v  -2.4568 -2.3380 6.2092
v  -2.4457 -2.3380 6.1981
v  -2.2472 -2.3380 6.3966
v  -2.2583 -2.3380 6.4077
v  -2.4735 -2.2986 6.1703
v  -2.4735 -2.1554 6.1703
v  -2.4568 -2.1554 6.1661
v  -2.4568 -2.2986 6.1661
v  -2.4735 -2.3143 6.1703
v  -2.4568 -2.3143 6.1661
v  -2.4568 -2.3256 6.1711
v  -2.4672 -2.3291 6.1765
v  -2.4401 -2.3143 6.1703
v  -2.4464 -2.3291 6.1765
v  -2.4568 -2.3380 6.1870
v  -2.4368 -2.2986 6.6419
v  -2.2305 -2.2986 6.4355
v  -2.2193 -2.1554 6.3910
v  -2.2193 -2.2986 6.3910
v  -2.2305 -2.2986 6.3799
v  -2.2305 -2.1554 6.3799
v  -2.2193 -2.1554 6.4244
v  -2.2193 -2.2986 6.4244
v  -2.2152 -2.2986 6.4077
v  -2.2152 -2.1554 6.4077
v  -2.4352 -2.3291 6.1877
v  -2.4289 -2.3143 6.1814
v  -2.2305 -2.3143 6.3799
v  -2.2367 -2.3291 6.3862
v  -2.2193 -2.3143 6.4244
v  -2.2256 -2.3291 6.4181
v  -2.2202 -2.3256 6.4077
v  -2.2152 -2.3143 6.4077
v  -2.2193 -2.3143 6.3910
v  -2.2256 -2.3291 6.3973
v  -2.2360 -2.3380 6.4077
v  -2.6910 -2.1554 6.3878
v  -2.2305 -2.1554 6.4355
v  -2.4647 -2.1432 6.6141
v  -2.2583 -2.1432 6.4077
v  -2.4568 -2.1432 6.2092
v  -2.6632 -2.1432 6.4156
v  -2.4758 -2.1432 6.6252
v  -2.6743 -2.1432 6.4267
v  -2.4373 -2.1432 6.1897
v  -2.4456 -2.1432 6.1981
v  -2.2472 -2.1432 6.3966
v  -2.2388 -2.1432 6.3882
v  -2.4679 -2.1432 6.1981
v  -2.6743 -2.1432 6.4045
v  -2.2388 -2.1432 6.4272
v  -2.2472 -2.1432 6.4188
v  -2.4536 -2.1432 6.6252
v  -2.4452 -2.1432 6.6336
v  -2.6854 -2.1432 6.4156
v  -2.4647 -2.1432 6.6363
v  -2.4540 -2.1432 6.6424
v  -2.2274 -2.1432 6.4077
v  -2.2300 -2.1432 6.3970
v  -2.2360 -2.1432 6.4077
v  -2.2300 -2.1432 6.4184
v  -2.4461 -2.1432 6.1809
v  -2.4568 -2.1432 6.1870
v  -2.4647 -2.1432 6.6450
v  -2.4754 -2.1432 6.6424
v  -2.4842 -2.1432 6.6336
v  -2.6826 -2.1432 6.4351
v  -2.6914 -2.1432 6.4263
v  -2.6941 -2.1432 6.4156
v  -2.6914 -2.1432 6.4049
v  -2.6826 -2.1432 6.3961
v  -2.4763 -2.1432 6.1897
v  -2.4675 -2.1432 6.1809
v  -2.4568 -2.1432 6.1783
v  -2.6910 -2.1432 6.4434
v  -2.7021 -2.1432 6.4323
v  -2.7063 -2.1432 6.4156
v  -2.7021 -2.1432 6.3989
v  -2.6910 -2.1432 6.3878
v  -2.4846 -2.1432 6.1814
v  -2.4735 -2.1432 6.1703
v  -2.4568 -2.1432 6.1661
v  -2.4401 -2.1432 6.1703
v  -2.4289 -2.1432 6.1814
v  -2.2305 -2.1432 6.3799
v  -2.2193 -2.1432 6.3910
v  -2.2152 -2.1432 6.4077
v  -2.2193 -2.1432 6.4244
v  -2.2305 -2.1432 6.4355
v  -2.4368 -2.1432 6.6419
v  -2.4480 -2.1432 6.6530
v  -2.4647 -2.1432 6.6572
v  -2.4814 -2.1432 6.6530
v  -2.4925 -2.1432 6.6419
v  -2.4368 -2.1554 6.6419
v  -2.4846 -2.1554 6.1814
v  -2.7021 -2.1554 10.6136
v  -2.7021 -2.2986 10.6136
v  -2.6910 -2.2986 10.6247
v  -2.6910 -2.1554 10.6247
v  -2.7021 -2.1554 10.5802
v  -2.7021 -2.2986 10.5802
v  -2.7063 -2.2986 10.5969
v  -2.7063 -2.1554 10.5969
v  -2.7021 -2.3143 10.5802
v  -2.6958 -2.3291 10.5865
v  -2.7013 -2.3256 10.5969
v  -2.7063 -2.3143 10.5969
v  -2.7021 -2.3143 10.6136
v  -2.6958 -2.3291 10.6073
v  -2.6854 -2.3380 10.5969
v  -2.4814 -2.2986 10.8343
v  -2.4814 -2.1554 10.8343
v  -2.4925 -2.1554 10.8232
v  -2.4925 -2.2986 10.8232
v  -2.4647 -2.3380 10.7954
v  -2.4758 -2.3380 10.8065
v  -2.6743 -2.3380 10.6080
v  -2.6632 -2.3380 10.5969
v  -2.4480 -2.2986 10.8343
v  -2.4480 -2.1554 10.8343
v  -2.4647 -2.1554 10.8385
v  -2.4647 -2.2986 10.8385
v  -2.4862 -2.3291 10.8169
v  -2.4925 -2.3143 10.8232
v  -2.6910 -2.3143 10.6247
v  -2.6847 -2.3291 10.6184
v  -2.4480 -2.3143 10.8343
v  -2.4647 -2.3143 10.8385
v  -2.4647 -2.3256 10.8335
v  -2.4543 -2.3291 10.8281
v  -2.4814 -2.3143 10.8343
v  -2.4751 -2.3291 10.8281
v  -2.4647 -2.3380 10.8176
v  -2.6847 -2.3291 10.5754
v  -2.4783 -2.3291 10.3690
v  -2.4679 -2.3380 10.3794
v  -2.6743 -2.3380 10.5858
v  -2.6910 -2.3143 10.5691
v  -2.4846 -2.3143 10.3627
v  -2.4536 -2.3380 10.8065
v  -2.2472 -2.3380 10.6001
v  -2.2367 -2.3291 10.6105
v  -2.4431 -2.3291 10.8169
v  -2.4368 -2.3143 10.8232
v  -2.2305 -2.3143 10.6168
v  -2.4846 -2.2986 10.3627
v  -2.6910 -2.2986 10.5691
v  -2.4401 -2.2986 10.3516
v  -2.4401 -2.1554 10.3516
v  -2.4289 -2.1554 10.3627
v  -2.4289 -2.2986 10.3627
v  -2.4568 -2.3380 10.3905
v  -2.4457 -2.3380 10.3794
v  -2.2472 -2.3380 10.5779
v  -2.2583 -2.3380 10.5890
v  -2.4735 -2.2986 10.3516
v  -2.4735 -2.1554 10.3516
v  -2.4568 -2.1554 10.3474
v  -2.4568 -2.2986 10.3474
v  -2.4735 -2.3143 10.3516
v  -2.4568 -2.3143 10.3474
v  -2.4568 -2.3256 10.3524
v  -2.4672 -2.3291 10.3578
v  -2.4401 -2.3143 10.3516
v  -2.4464 -2.3291 10.3578
v  -2.4568 -2.3380 10.3683
v  -2.4368 -2.2986 10.8232
v  -2.2305 -2.2986 10.6168
v  -2.2193 -2.1554 10.5723
v  -2.2193 -2.2986 10.5723
v  -2.2305 -2.2986 10.5612
v  -2.2305 -2.1554 10.5612
v  -2.2193 -2.1554 10.6057
v  -2.2193 -2.2986 10.6057
v  -2.2152 -2.2986 10.5890
v  -2.2152 -2.1554 10.5890
v  -2.4352 -2.3291 10.3690
v  -2.4289 -2.3143 10.3627
v  -2.2305 -2.3143 10.5612
v  -2.2367 -2.3291 10.5674
v  -2.2193 -2.3143 10.6057
v  -2.2256 -2.3291 10.5994
v  -2.2202 -2.3256 10.5890
v  -2.2152 -2.3143 10.5890
v  -2.2193 -2.3143 10.5723
v  -2.2256 -2.3291 10.5786
v  -2.2360 -2.3380 10.5890
v  -2.6910 -2.1554 10.5691
v  -2.2305 -2.1554 10.6168
v  -2.4647 -2.1432 10.7954
v  -2.2583 -2.1432 10.5890
v  -2.4568 -2.1432 10.3905
v  -2.6632 -2.1432 10.5969
v  -2.4758 -2.1432 10.8065
v  -2.6743 -2.1432 10.6080
v  -2.4373 -2.1432 10.3710
v  -2.4456 -2.1432 10.3794
v  -2.2472 -2.1432 10.5779
v  -2.2388 -2.1432 10.5695
v  -2.4679 -2.1432 10.3794
v  -2.6743 -2.1432 10.5858
v  -2.2388 -2.1432 10.6085
v  -2.2472 -2.1432 10.6001
v  -2.4536 -2.1432 10.8065
v  -2.4452 -2.1432 10.8149
v  -2.6854 -2.1432 10.5969
v  -2.4647 -2.1432 10.8176
v  -2.4540 -2.1432 10.8237
v  -2.2274 -2.1432 10.5890
v  -2.2300 -2.1432 10.5783
v  -2.2360 -2.1432 10.5890
v  -2.2300 -2.1432 10.5997
v  -2.4461 -2.1432 10.3622
v  -2.4568 -2.1432 10.3683
v  -2.4647 -2.1432 10.8263
v  -2.4754 -2.1432 10.8237
v  -2.4842 -2.1432 10.8149
v  -2.6826 -2.1432 10.6164
v  -2.6914 -2.1432 10.6076
v  -2.6941 -2.1432 10.5969
v  -2.6914 -2.1432 10.5862
v  -2.6826 -2.1432 10.5774
v  -2.4763 -2.1432 10.3710
v  -2.4675 -2.1432 10.3622
v  -2.4568 -2.1432 10.3596
v  -2.6910 -2.1432 10.6247
v  -2.7021 -2.1432 10.6136
v  -2.7063 -2.1432 10.5969
v  -2.7021 -2.1432 10.5802
v  -2.6910 -2.1432 10.5691
v  -2.4846 -2.1432 10.3627
v  -2.4735 -2.1432 10.3516
v  -2.4568 -2.1432 10.3474
v  -2.4401 -2.1432 10.3516
v  -2.4289 -2.1432 10.3627
v  -2.2305 -2.1432 10.5612
v  -2.2193 -2.1432 10.5723
v  -2.2152 -2.1432 10.5890
v  -2.2193 -2.1432 10.6057
v  -2.2305 -2.1432 10.6168
v  -2.4368 -2.1432 10.8232
v  -2.4480 -2.1432 10.8343
v  -2.4647 -2.1432 10.8385
v  -2.4814 -2.1432 10.8343
v  -2.4925 -2.1432 10.8232
v  -2.4368 -2.1554 10.8232
v  -2.4846 -2.1554 10.3627
v  -2.7021 -2.1554 14.8009
v  -2.7021 -2.2986 14.8009
v  -2.6910 -2.2986 14.8120
v  -2.6910 -2.1554 14.8120
v  -2.7021 -2.1554 14.7675
v  -2.7021 -2.2986 14.7675
v  -2.7063 -2.2986 14.7842
v  -2.7063 -2.1554 14.7842
v  -2.7021 -2.3143 14.7675
v  -2.6958 -2.3291 14.7738
v  -2.7013 -2.3256 14.7842
v  -2.7063 -2.3143 14.7842
v  -2.7021 -2.3143 14.8009
v  -2.6958 -2.3291 14.7946
v  -2.6854 -2.3380 14.7842
v  -2.4814 -2.2986 15.0216
v  -2.4814 -2.1554 15.0216
v  -2.4925 -2.1554 15.0105
v  -2.4925 -2.2986 15.0105
v  -2.4647 -2.3380 14.9827
v  -2.4758 -2.3380 14.9938
v  -2.6743 -2.3380 14.7953
v  -2.6632 -2.3380 14.7842
v  -2.4480 -2.2986 15.0216
v  -2.4480 -2.1554 15.0216
v  -2.4647 -2.1554 15.0258
v  -2.4647 -2.2986 15.0258
v  -2.4862 -2.3291 15.0042
v  -2.4925 -2.3143 15.0105
v  -2.6910 -2.3143 14.8120
v  -2.6847 -2.3291 14.8057
v  -2.4480 -2.3143 15.0216
v  -2.4647 -2.3143 15.0258
v  -2.4647 -2.3256 15.0208
v  -2.4543 -2.3291 15.0153
v  -2.4814 -2.3143 15.0216
v  -2.4751 -2.3291 15.0153
v  -2.4647 -2.3380 15.0049
v  -2.6847 -2.3291 14.7626
v  -2.4783 -2.3291 14.5562
v  -2.4679 -2.3380 14.5667
v  -2.6743 -2.3380 14.7731
v  -2.6910 -2.3143 14.7563
v  -2.4846 -2.3143 14.5500
v  -2.4536 -2.3380 14.9938
v  -2.2472 -2.3380 14.7874
v  -2.2367 -2.3291 14.7978
v  -2.4431 -2.3291 15.0042
v  -2.4368 -2.3143 15.0105
v  -2.2305 -2.3143 14.8041
v  -2.4846 -2.2986 14.5500
v  -2.6910 -2.2986 14.7563
v  -2.4401 -2.2986 14.5388
v  -2.4401 -2.1554 14.5388
v  -2.4289 -2.1554 14.5500
v  -2.4289 -2.2986 14.5500
v  -2.4568 -2.3380 14.5778
v  -2.4457 -2.3380 14.5667
v  -2.2472 -2.3380 14.7652
v  -2.2583 -2.3380 14.7763
v  -2.4735 -2.2986 14.5388
v  -2.4735 -2.1554 14.5388
v  -2.4568 -2.1554 14.5347
v  -2.4568 -2.2986 14.5347
v  -2.4735 -2.3143 14.5388
v  -2.4568 -2.3143 14.5347
v  -2.4568 -2.3256 14.5397
v  -2.4672 -2.3291 14.5451
v  -2.4401 -2.3143 14.5388
v  -2.4464 -2.3291 14.5451
v  -2.4568 -2.3380 14.5555
v  -2.4368 -2.2986 15.0105
v  -2.2305 -2.2986 14.8041
v  -2.2193 -2.1554 14.7596
v  -2.2193 -2.2986 14.7596
v  -2.2305 -2.2986 14.7484
v  -2.2305 -2.1554 14.7484
v  -2.2193 -2.1554 14.7930
v  -2.2193 -2.2986 14.7930
v  -2.2152 -2.2986 14.7763
v  -2.2152 -2.1554 14.7763
v  -2.4352 -2.3291 14.5562
v  -2.4289 -2.3143 14.5500
v  -2.2305 -2.3143 14.7484
v  -2.2367 -2.3291 14.7547
v  -2.2193 -2.3143 14.7930
v  -2.2256 -2.3291 14.7867
v  -2.2202 -2.3256 14.7763
v  -2.2152 -2.3143 14.7763
v  -2.2193 -2.3143 14.7596
v  -2.2256 -2.3291 14.7659
v  -2.2360 -2.3380 14.7763
v  -2.6910 -2.1554 14.7563
v  -2.2305 -2.1554 14.8041
v  -2.4647 -2.1432 14.9827
v  -2.2583 -2.1432 14.7763
v  -2.4568 -2.1432 14.5778
v  -2.6632 -2.1432 14.7842
v  -2.4758 -2.1432 14.9938
v  -2.6743 -2.1432 14.7953
v  -2.4373 -2.1432 14.5583
v  -2.4456 -2.1432 14.5667
v  -2.2472 -2.1432 14.7651
v  -2.2388 -2.1432 14.7568
v  -2.4679 -2.1432 14.5667
v  -2.6743 -2.1432 14.7731
v  -2.2388 -2.1432 14.7958
v  -2.2472 -2.1432 14.7874
v  -2.4536 -2.1432 14.9938
v  -2.4452 -2.1432 15.0021
v  -2.6854 -2.1432 14.7842
v  -2.4647 -2.1432 15.0049
v  -2.4540 -2.1432 15.0109
v  -2.2274 -2.1432 14.7763
v  -2.2300 -2.1432 14.7656
v  -2.2360 -2.1432 14.7763
v  -2.2300 -2.1432 14.7870
v  -2.4461 -2.1432 14.5495
v  -2.4568 -2.1432 14.5555
v  -2.4647 -2.1432 15.0136
v  -2.4754 -2.1432 15.0109
v  -2.4842 -2.1432 15.0021
v  -2.6826 -2.1432 14.8037
v  -2.6914 -2.1432 14.7949
v  -2.6941 -2.1432 14.7842
v  -2.6914 -2.1432 14.7735
v  -2.6826 -2.1432 14.7647
v  -2.4763 -2.1432 14.5583
v  -2.4675 -2.1432 14.5495
v  -2.4568 -2.1432 14.5469
v  -2.6910 -2.1432 14.8120
v  -2.7021 -2.1432 14.8009
v  -2.7063 -2.1432 14.7842
v  -2.7021 -2.1432 14.7675
v  -2.6910 -2.1432 14.7563
v  -2.4846 -2.1432 14.5500
v  -2.4735 -2.1432 14.5388
v  -2.4568 -2.1432 14.5347
v  -2.4401 -2.1432 14.5388
v  -2.4289 -2.1432 14.5500
v  -2.2305 -2.1432 14.7484
v  -2.2193 -2.1432 14.7596
v  -2.2152 -2.1432 14.7763
v  -2.2193 -2.1432 14.7930
v  -2.2305 -2.1432 14.8041
v  -2.4368 -2.1432 15.0105
v  -2.4480 -2.1432 15.0216
v  -2.4647 -2.1432 15.0258
v  -2.4814 -2.1432 15.0216
v  -2.4925 -2.1432 15.0105
v  -2.4368 -2.1554 15.0105
v  -2.4846 -2.1554 14.5500
# 5924 vertices

vn 1.0000 0.0000 -0.0000
vn 1.0000 0.0000 0.0000
vn 1.0000 -0.0000 -0.0000
vn 1.0000 -0.0000 0.0000
vn -0.0000 -1.0000 -0.0000
vn 0.0000 -1.0000 0.0000
vn -0.0000 -1.0000 0.0000
vn -0.0000 1.0000 -0.0000
vn 0.0000 1.0000 0.0000
vn -1.0000 0.0000 0.0000
vn -1.0000 0.0000 -0.0000
vn 0.0000 1.0000 -0.0000
vn -0.0000 1.0000 0.0000
vn 0.2681 -0.9634 0.0000
vn 0.2681 -0.9634 -0.0000
vn 0.9634 0.2681 -0.0000
vn 0.9634 0.2681 0.0000
vn 0.9634 -0.2681 -0.0000
vn 0.9634 -0.2681 0.0000
vn 0.2681 0.9634 0.0000
vn 0.2681 0.9634 -0.0000
vn 0.7071 -0.7071 0.0000
vn 0.7071 -0.7071 -0.0000
vn 0.7071 0.7071 -0.0000
vn 0.7071 0.7071 0.0000
vn -0.7071 -0.7071 -0.0000
vn 0.0000 -1.0000 -0.0000
vn -0.7071 0.7071 0.0000
vn 0.0000 -0.7071 0.7071
vn -0.5774 -0.5774 0.5774
vn -0.7071 -0.7071 0.0000
vn -0.7071 0.0000 -0.7071
vn -0.5774 -0.5774 -0.5774
vn -0.3015 -0.9045 -0.3015
vn -0.3015 0.9045 -0.3015
vn 0.0000 -0.7071 -0.7071
vn 0.0000 0.0000 -1.0000
vn 0.0000 0.7071 -0.7071
vn -0.7071 0.0000 0.7071
vn -0.3015 -0.9045 0.3015
vn -0.3015 0.9045 0.3015
vn 0.0000 0.0000 1.0000
vn 0.0000 0.7071 0.7071
vn -0.7071 0.7071 -0.0000
vn -0.5774 0.5774 -0.5774
vn -0.5774 0.5774 0.5774
vn -0.0000 1.0000 0.0018
vn 0.0000 1.0000 0.0018
vn 0.9633 0.2684 0.0005
vn 0.2680 0.9634 0.0017
vn -0.5847 -0.8112 0.0001
vn -0.5847 -0.8112 -0.0000
vn -0.2078 -0.9560 -0.2073
vn -0.5835 -0.8121 0.0002
vn -0.5843 -0.8115 -0.0001
vn 0.0002 -0.8112 0.5847
vn 0.0001 -0.8112 0.5848
vn 0.5847 -0.8112 0.0000
vn 0.5847 -0.8112 -0.0000
vn 0.0000 -0.8113 -0.5847
vn 0.0000 -0.8112 -0.5847
vn 0.4767 -0.7385 -0.4769
vn -0.0002 -0.8113 -0.5847
vn 0.4768 -0.7385 0.4768
vn 0.0000 -0.8113 0.5847
vn -0.9487 -0.3163 0.0001
vn -0.9487 -0.3162 -0.0000
vn -0.6387 -0.4282 -0.6393
vn -0.9477 -0.3190 0.0002
vn -0.9484 -0.3171 -0.0001
vn -0.6392 -0.4270 0.6396
vn 0.0003 -0.3161 0.9487
vn -0.2078 -0.9558 0.2078
vn 0.9487 -0.3162 0.0000
vn 0.9487 -0.3162 -0.0000
vn 0.0000 -0.3162 -0.9487
vn -0.0000 -1.0000 0.0001
vn -0.2696 -0.9242 0.2706
vn 0.6395 -0.4265 -0.6397
vn -0.0003 -0.3162 -0.9487
vn 0.0005 -1.0000 -0.0000
vn 0.0015 -1.0000 0.0002
vn -0.2685 -0.9244 -0.2708
vn 0.6396 -0.4264 0.6396
vn 0.0000 -0.3162 0.9487
vn -0.0001 -0.8113 -0.5847
vn -0.0001 -0.3162 -0.9487
vn -0.0000 -1.0000 -0.0001
vn 0.0001 -0.3162 0.9487
vn 0.0001 -0.8113 -0.5847
vn 0.0001 -0.3162 -0.9487
vn -0.2077 -0.9560 -0.2073
vn 0.0002 -0.8112 0.5848
vn -0.0000 -0.8112 0.5847
vn 0.0000 -0.8112 0.5847
vn -0.6387 -0.4283 -0.6392
vn 0.0002 -0.3161 0.9487
vn -0.2079 -0.9558 0.2078
vn 0.0000 -0.3163 -0.9487
vn -0.2697 -0.9242 0.2705
vn 0.6395 -0.4264 -0.6397
vn -0.0000 -0.3162 0.9487
vn 0.0000 -1.0000 0.0001
vn -0.5774 0.5773 0.5774
vn -0.0002 -0.8112 -0.5847
vn -0.6387 -0.4282 -0.6392
vn -0.2697 -0.9242 0.2706
vn 0.0000 -1.0000 -0.0001
vn 0.2681 0.0000 -0.9634
vn 0.0000 -0.2681 -0.9634
vn 0.0000 0.2681 -0.9634
vn 0.2681 -0.0000 -0.9634
vn -0.0000 -0.9634 -0.2681
vn 0.0000 -0.9634 -0.2681
vn 0.9634 0.0000 -0.2681
vn 0.9634 -0.0000 -0.2681
vn -0.0000 0.9634 -0.2681
vn 0.0000 0.9634 -0.2681
vn 0.9383 -0.2445 -0.2445
vn 0.2445 -0.9383 -0.2445
vn 0.2445 -0.2445 -0.9383
vn 0.9383 0.2445 -0.2445
vn 0.2445 0.2445 -0.9383
vn 0.2445 0.9383 -0.2445
vn -0.0000 -0.7071 -0.7071
vn 0.7071 0.0000 -0.7071
vn 0.7071 -0.0000 -0.7071
vn 0.6928 -0.2004 -0.6928
vn 0.6928 -0.6928 -0.2004
vn 0.2004 -0.6928 -0.6928
vn 0.6928 0.6928 -0.2004
vn 0.6928 0.2004 -0.6928
vn 0.2004 0.6928 -0.6928
vn 0.5773 -0.5773 -0.5774
vn 0.5773 0.5774 -0.5774
vn 0.7070 0.7072 0.0012
vn -0.0000 -0.2681 -0.9634
vn 0.0000 -0.9623 -0.2718
vn -0.0000 -0.9623 -0.2719
vn 0.9222 0.0009 -0.3866
vn 0.9224 0.0000 -0.3862
vn 0.9222 -0.0009 -0.3866
vn 0.0000 0.9632 -0.2689
vn -0.0000 0.9632 -0.2689
vn 0.8660 -0.2194 -0.4493
vn 0.2025 -0.9143 -0.3509
vn 0.8663 0.2194 -0.4487
vn 0.2027 0.9153 -0.3480
vn 0.6176 -0.6421 -0.4541
vn 0.6183 0.6427 -0.4523
vn -0.0001 -0.8112 0.5848
vn -0.0001 -0.3162 0.9487
vn -0.0000 0.7071 -0.7071
vn -1.0000 -0.0000 -0.0000
vn -1.0000 -0.0000 0.0000
vn -0.2681 -0.9634 0.0000
vn -0.2681 -0.9634 -0.0000
vn -0.9634 0.2681 -0.0000
vn -0.9634 0.2681 0.0000
vn -0.9634 -0.2681 0.0000
vn -0.9634 -0.2681 -0.0000
vn -0.2681 0.9634 -0.0000
vn -0.2681 0.9634 0.0000
vn 0.5774 -0.5774 0.5774
vn 0.5774 -0.5774 -0.5774
vn 0.3015 -0.9045 -0.3015
vn 0.3015 0.9045 -0.3015
vn 0.7071 0.0000 0.7071
vn 0.3015 -0.9045 0.3015
vn 0.3015 0.9045 0.3015
vn 0.5774 0.5774 -0.5774
vn 0.5774 0.5774 0.5774
vn -0.9633 0.2684 0.0005
vn -0.2680 0.9634 0.0017
vn 0.5847 -0.8112 0.0001
vn 0.5835 -0.8121 0.0002
vn 0.2078 -0.9560 -0.2073
vn 0.5843 -0.8115 -0.0001
vn -0.0002 -0.8112 0.5847
vn -0.5847 -0.8112 0.0000
vn -0.0000 -0.8112 -0.5847
vn -0.4767 -0.7385 -0.4769
vn 0.0002 -0.8113 -0.5847
vn -0.4768 -0.7385 0.4768
vn 0.9487 -0.3163 0.0001
vn 0.6387 -0.4282 -0.6393
vn 0.9477 -0.3190 0.0002
vn 0.9484 -0.3171 -0.0001
vn 0.6392 -0.4270 0.6396
vn 0.2078 -0.9558 0.2078
vn -0.0003 -0.3161 0.9487
vn -0.9487 -0.3162 0.0000
vn -0.0000 -0.3162 -0.9487
vn 0.0003 -0.3162 -0.9487
vn -0.6395 -0.4265 -0.6397
vn 0.2696 -0.9242 0.2706
vn -0.0005 -1.0000 -0.0000
vn -0.0015 -1.0000 0.0002
vn -0.6396 -0.4264 0.6396
vn 0.2685 -0.9244 -0.2708
vn 0.2077 -0.9560 -0.2073
vn -0.0002 -0.8112 0.5848
vn 0.6387 -0.4283 -0.6392
vn 0.2079 -0.9558 0.2078
vn -0.0002 -0.3161 0.9487
vn -0.6395 -0.4264 -0.6397
vn 0.2697 -0.9242 0.2705
vn 0.5774 0.5773 0.5774
vn 0.0002 -0.8112 -0.5847
vn 0.6387 -0.4282 -0.6392
vn 0.2697 -0.9242 0.2706
vn -0.2681 0.0000 -0.9634
vn -0.0000 0.2681 -0.9634
vn -0.2681 -0.0000 -0.9634
vn -0.9634 0.0000 -0.2681
vn -0.9634 -0.0000 -0.2681
vn -0.9383 -0.2445 -0.2445
vn -0.2445 -0.9383 -0.2445
vn -0.2445 -0.2445 -0.9383
vn -0.9383 0.2445 -0.2445
vn -0.2445 0.2445 -0.9383
vn -0.2445 0.9383 -0.2445
vn -0.7071 -0.0000 -0.7071
vn -0.6928 -0.2004 -0.6928
vn -0.6928 -0.6928 -0.2004
vn -0.2004 -0.6928 -0.6928
vn -0.6928 0.6928 -0.2004
vn -0.6928 0.2004 -0.6928
vn -0.2004 0.6928 -0.6928
vn -0.5773 -0.5773 -0.5774
vn -0.5773 0.5774 -0.5774
vn -0.7070 0.7072 0.0012
vn 0.0000 -0.9623 -0.2719
vn -0.9222 0.0009 -0.3866
vn -0.9224 0.0000 -0.3862
vn -0.9222 -0.0009 -0.3866
vn -0.8660 -0.2194 -0.4493
vn -0.0000 -0.9623 -0.2718
vn -0.2025 -0.9143 -0.3509
vn -0.8663 0.2194 -0.4487
vn -0.2027 0.9153 -0.3480
vn -0.6176 -0.6421 -0.4541
vn -0.6183 0.6427 -0.4523
vn 0.3211 -0.0000 0.9470
vn 0.3211 0.0000 0.9470
vn -0.0000 -0.3120 0.9501
vn 0.0000 -0.3120 0.9501
vn 0.2890 -0.2798 0.9155
vn -0.0000 -0.7664 0.6423
vn 0.0000 -0.7664 0.6423
vn 0.7775 -0.0000 0.6289
vn 0.7775 0.0000 0.6289
vn 0.7559 -0.2130 0.6191
vn 0.9635 -0.2593 -0.0670
vn 0.9999 -0.0013 -0.0155
vn 0.2243 -0.7436 0.6299
vn -0.0000 -0.9990 0.0446
vn 0.0000 -0.9990 0.0446
vn 0.0018 -0.9991 0.0428
vn 0.2858 -0.9576 -0.0372
vn 0.9999 -0.0000 -0.0143
vn 0.6230 -0.6014 0.5002
vn 0.7157 -0.6876 -0.1220
vn 0.7017 0.0000 -0.7125
vn 0.7053 0.0209 -0.7086
vn 0.7027 0.0031 -0.7115
vn 0.6416 -0.1205 -0.7575
vn 0.6301 -0.1568 -0.7605
vn 0.3783 -0.5199 -0.7659
vn 0.4321 -0.4684 -0.7707
vn 0.0937 -0.7759 -0.6239
vn 0.1635 -0.7347 -0.6584
vn -0.0009 -0.8314 -0.5557
vn -0.0039 -0.8400 -0.5426
vn 0.0000 -0.8299 -0.5579
vn 0.0000 -0.8403 -0.5421
vn 0.8907 0.0000 -0.4545
vn 0.8887 -0.0046 -0.4585
vn 0.8885 -0.0139 -0.4587
vn 0.8208 -0.2205 -0.5269
vn 0.8125 -0.2483 -0.5274
vn 0.5954 -0.5733 -0.5629
vn 0.6105 -0.5610 -0.5592
vn 0.2451 -0.8447 -0.4759
vn 0.2944 -0.8240 -0.4841
vn 0.0063 -0.9298 -0.3679
vn 0.0207 -0.9286 -0.3706
vn -0.0000 -0.9324 -0.3613
vn 0.0000 -0.9325 -0.3613
vn 0.0000 -0.9324 -0.3613
vn -0.0000 -0.9325 -0.3613
vn 0.9477 0.0000 -0.3192
vn 0.9510 0.0092 -0.3092
vn 0.9503 0.0290 -0.3100
vn 0.9094 -0.2660 -0.3198
vn 0.9241 -0.1966 -0.3276
vn 0.5777 -0.7635 -0.2887
vn 0.5813 -0.7567 -0.2992
vn 0.1463 -0.9718 -0.1848
vn 0.1106 -0.9781 -0.1761
vn -0.0009 -0.9916 -0.1290
vn -0.0002 -0.9916 -0.1292
vn -0.0008 -0.9917 -0.1282
vn -0.0003 -0.9917 -0.1283
vn -0.0002 -0.9921 -0.1255
vn -0.0000 -0.9921 -0.1256
vn 0.5232 0.0000 -0.8522
vn 0.5482 0.0000 -0.8364
vn 0.5527 -0.0136 -0.8333
vn 0.5279 0.0036 -0.8493
vn 0.5527 0.0136 -0.8333
vn 0.5279 -0.0036 -0.8493
vn 0.4521 -0.1292 -0.8826
vn 0.4636 -0.1398 -0.8750
vn 0.2768 -0.3440 -0.8972
vn 0.3353 -0.3095 -0.8898
vn 0.1462 -0.4470 -0.8825
vn 0.0868 -0.4813 -0.8722
vn 0.0091 -0.5216 -0.8531
vn 0.0010 -0.5245 -0.8514
vn -0.0001 -0.5234 -0.8521
vn -0.0004 -0.5236 -0.8520
vn -0.0002 -0.5214 -0.8533
vn -0.0003 -0.5215 -0.8532
vn 0.8524 0.0282 -0.5221
vn 0.8478 0.0000 -0.5303
vn 0.8254 -0.1680 -0.5390
vn 0.5211 -0.6767 -0.5201
vn 0.1053 -0.9069 -0.4080
vn -0.0001 -0.9362 -0.3514
vn -0.0001 -0.9364 -0.3510
vn 0.0000 -0.9369 -0.3496
vn 0.7366 0.0000 -0.6763
vn 0.7346 -0.0120 -0.6784
vn 0.6761 -0.2065 -0.7072
vn 0.4973 -0.4546 -0.7389
vn 0.2380 -0.6874 -0.6862
vn 0.0165 -0.7656 -0.6431
vn -0.0000 -0.7682 -0.6402
vn -0.0000 -0.7674 -0.6412
vn 0.8005 0.0043 -0.5993
vn 0.8023 0.0000 -0.5970
vn 0.6852 -0.2040 -0.6992
vn 0.4395 -0.5711 -0.6933
vn 0.1358 -0.7837 -0.6062
vn -0.0009 -0.8398 -0.5429
vn -0.0008 -0.8398 -0.5429
vn -0.0004 -0.8398 -0.5428
vn 0.7027 -0.0031 -0.7115
vn 0.0000 -0.9921 -0.1256
vn 0.0000 -0.7674 -0.6412
vn -0.3211 -0.0000 0.9470
vn -0.3211 0.0000 0.9470
vn -0.2890 -0.2798 0.9155
vn -0.7775 -0.0000 0.6289
vn -0.7775 0.0000 0.6289
vn -0.9999 -0.0013 -0.0155
vn -0.9635 -0.2593 -0.0670
vn -0.7559 -0.2130 0.6191
vn -0.2243 -0.7436 0.6299
vn -0.0018 -0.9991 0.0428
vn -0.2858 -0.9576 -0.0372
vn -0.9999 0.0000 -0.0143
vn -0.9999 0.0013 -0.0155
vn -0.6230 -0.6014 0.5002
vn -0.7157 -0.6876 -0.1220
vn -0.7017 0.0000 -0.7125
vn -0.7027 0.0031 -0.7115
vn -0.7053 0.0209 -0.7086
vn -0.6301 -0.1568 -0.7605
vn -0.6416 -0.1205 -0.7575
vn -0.4321 -0.4684 -0.7707
vn -0.3783 -0.5199 -0.7659
vn -0.1635 -0.7347 -0.6584
vn -0.0937 -0.7759 -0.6239
vn 0.0039 -0.8400 -0.5426
vn 0.0009 -0.8314 -0.5557
vn -0.0000 -0.8403 -0.5421
vn -0.0000 -0.8299 -0.5579
vn -0.8907 0.0000 -0.4545
vn -0.8885 -0.0139 -0.4587
vn -0.8887 -0.0046 -0.4585
vn -0.8125 -0.2483 -0.5274
vn -0.8208 -0.2205 -0.5269
vn -0.6105 -0.5610 -0.5592
vn -0.5954 -0.5733 -0.5629
vn -0.2944 -0.8240 -0.4841
vn -0.2451 -0.8447 -0.4759
vn -0.0207 -0.9286 -0.3706
vn -0.0063 -0.9298 -0.3679
vn -0.9477 0.0000 -0.3192
vn -0.9503 0.0290 -0.3100
vn -0.9510 0.0092 -0.3092
vn -0.9241 -0.1966 -0.3276
vn -0.9094 -0.2660 -0.3199
vn -0.5813 -0.7567 -0.2992
vn -0.5777 -0.7635 -0.2887
vn -0.1106 -0.9781 -0.1761
vn -0.1463 -0.9718 -0.1848
vn 0.0002 -0.9916 -0.1292
vn 0.0009 -0.9916 -0.1290
vn 0.0003 -0.9917 -0.1283
vn 0.0008 -0.9917 -0.1282
vn 0.0002 -0.9921 -0.1255
vn -0.5527 0.0136 -0.8333
vn -0.5279 -0.0036 -0.8493
vn -0.5232 0.0000 -0.8522
vn -0.5482 0.0000 -0.8364
vn -0.4521 -0.1292 -0.8826
vn -0.4636 -0.1398 -0.8750
vn -0.2768 -0.3440 -0.8972
vn -0.3353 -0.3095 -0.8898
vn -0.1462 -0.4470 -0.8825
vn -0.0868 -0.4813 -0.8722
vn -0.0091 -0.5216 -0.8531
vn -0.0010 -0.5245 -0.8514
vn 0.0001 -0.5234 -0.8521
vn 0.0004 -0.5236 -0.8520
vn 0.0002 -0.5214 -0.8533
vn 0.0003 -0.5215 -0.8532
vn 0.0004 -0.8398 -0.5428
vn -0.8524 0.0282 -0.5221
vn -0.8478 0.0000 -0.5303
vn -0.8254 -0.1680 -0.5390
vn -0.5211 -0.6767 -0.5201
vn -0.1053 -0.9069 -0.4080
vn 0.0001 -0.9362 -0.3514
vn 0.0001 -0.9364 -0.3510
vn -0.8885 0.0139 -0.4587
vn -0.7346 0.0120 -0.6784
vn -0.7366 0.0000 -0.6763
vn -0.7346 -0.0120 -0.6784
vn -0.6761 -0.2065 -0.7072
vn -0.4973 -0.4546 -0.7389
vn -0.2380 -0.6874 -0.6862
vn -0.0165 -0.7656 -0.6431
vn 0.0000 -0.7682 -0.6402
vn -0.9503 -0.0290 -0.3100
vn -0.8524 -0.0282 -0.5221
vn -0.8005 0.0043 -0.5993
vn -0.8023 0.0000 -0.5970
vn -0.6852 -0.2040 -0.6992
vn -0.4395 -0.5711 -0.6933
vn -0.1358 -0.7837 -0.6062
vn 0.0009 -0.8398 -0.5429
vn 0.0008 -0.8398 -0.5429
vn 0.9503 -0.0290 -0.3100
vn 0.9510 -0.0092 -0.3092
vn 0.7053 -0.0209 -0.7086
vn 0.8524 -0.0282 -0.5221
vn 0.8005 -0.0043 -0.5993
vn 0.7346 0.0120 -0.6784
vn -0.8887 0.0046 -0.4585
vn -0.5279 0.0036 -0.8493
vn -0.0000 0.3120 0.9501
vn 0.0000 0.3120 0.9501
vn 0.2890 0.2798 0.9155
vn -0.0000 0.7664 0.6423
vn 0.0000 0.7664 0.6423
vn 0.9999 0.0013 -0.0155
vn 0.9635 0.2593 -0.0670
vn 0.7559 0.2130 0.6191
vn 0.2243 0.7436 0.6299
vn -0.0000 0.9990 0.0446
vn 0.0000 0.9990 0.0446
vn 0.0018 0.9991 0.0428
vn 0.2858 0.9576 -0.0372
vn 0.6230 0.6014 0.5002
vn 0.7157 0.6876 -0.1220
vn 0.6303 0.1568 -0.7603
vn 0.6416 0.1205 -0.7575
vn 0.4325 0.4686 -0.7703
vn 0.3783 0.5199 -0.7659
vn 0.1638 0.7352 -0.6578
vn 0.0937 0.7759 -0.6239
vn -0.0039 0.8407 -0.5415
vn -0.0009 0.8314 -0.5557
vn 0.0000 0.8410 -0.5410
vn 0.0000 0.8299 -0.5579
vn 0.8887 0.0046 -0.4585
vn 0.8885 0.0139 -0.4587
vn 0.8125 0.2483 -0.5274
vn 0.8208 0.2205 -0.5269
vn 0.6105 0.5610 -0.5592
vn 0.5953 0.5733 -0.5629
vn 0.2944 0.8240 -0.4841
vn 0.2451 0.8447 -0.4759
vn 0.0207 0.9286 -0.3706
vn 0.0063 0.9298 -0.3679
vn -0.0000 0.9325 -0.3613
vn -0.0000 0.9324 -0.3613
vn 0.0000 0.9324 -0.3613
vn 0.9241 0.1966 -0.3276
vn 0.9094 0.2660 -0.3198
vn 0.5813 0.7567 -0.2992
vn 0.5777 0.7635 -0.2886
vn 0.1106 0.9781 -0.1761
vn 0.1463 0.9718 -0.1848
vn -0.0002 0.9916 -0.1292
vn -0.0009 0.9916 -0.1290
vn -0.0003 0.9917 -0.1283
vn -0.0008 0.9917 -0.1282
vn -0.0000 0.9921 -0.1256
vn -0.0002 0.9921 -0.1255
vn 0.4521 0.1292 -0.8826
vn 0.4636 0.1398 -0.8750
vn 0.2768 0.3440 -0.8972
vn 0.3353 0.3095 -0.8898
vn 0.1462 0.4470 -0.8825
vn 0.0868 0.4813 -0.8722
vn 0.0091 0.5216 -0.8531
vn 0.0010 0.5245 -0.8514
vn -0.0001 0.5234 -0.8521
vn -0.0004 0.5236 -0.8520
vn -0.0002 0.5214 -0.8533
vn -0.0003 0.5215 -0.8532
vn 0.8254 0.1680 -0.5390
vn 0.5211 0.6767 -0.5201
vn 0.1053 0.9069 -0.4080
vn -0.0001 0.9362 -0.3514
vn -0.0001 0.9364 -0.3510
vn 0.0000 0.9369 -0.3496
vn 0.6761 0.2065 -0.7072
vn 0.4973 0.4546 -0.7389
vn 0.2380 0.6874 -0.6862
vn 0.0165 0.7656 -0.6431
vn -0.0000 0.7682 -0.6402
vn -0.0000 0.7674 -0.6412
vn 0.6852 0.2040 -0.6992
vn 0.4395 0.5711 -0.6933
vn 0.1358 0.7837 -0.6062
vn -0.0009 0.8398 -0.5429
vn -0.0008 0.8398 -0.5429
vn -0.0004 0.8398 -0.5428
vn 0.0000 0.9921 -0.1255
vn 0.0000 0.9325 -0.3613
vn 0.0000 0.7674 -0.6412
vn -0.2890 0.2798 0.9155
vn -0.7559 0.2130 0.6191
vn -0.9635 0.2593 -0.0670
vn -0.2243 0.7436 0.6299
vn -0.0018 0.9991 0.0428
vn -0.2858 0.9576 -0.0372
vn -0.6230 0.6014 0.5002
vn -0.7157 0.6876 -0.1220
vn -0.7053 -0.0209 -0.7086
vn -0.6416 0.1205 -0.7575
vn -0.6303 0.1568 -0.7603
vn -0.7027 -0.0031 -0.7115
vn -0.3783 0.5199 -0.7659
vn -0.4325 0.4686 -0.7703
vn -0.0937 0.7759 -0.6239
vn -0.1638 0.7352 -0.6578
vn 0.0009 0.8314 -0.5557
vn 0.0039 0.8407 -0.5415
vn -0.0000 0.8299 -0.5579
vn -0.0000 0.8410 -0.5410
vn -0.8208 0.2205 -0.5269
vn -0.8125 0.2483 -0.5274
vn -0.5953 0.5733 -0.5629
vn -0.6105 0.5610 -0.5592
vn -0.2451 0.8447 -0.4759
vn -0.2944 0.8240 -0.4841
vn -0.0063 0.9298 -0.3679
vn -0.0207 0.9286 -0.3706
vn -0.9510 -0.0092 -0.3092
vn -0.9094 0.2660 -0.3198
vn -0.9241 0.1966 -0.3276
vn -0.5777 0.7635 -0.2886
vn -0.5813 0.7567 -0.2992
vn -0.1463 0.9718 -0.1848
vn -0.1106 0.9781 -0.1761
vn 0.0009 0.9916 -0.1290
vn 0.0002 0.9916 -0.1292
vn 0.0008 0.9917 -0.1282
vn 0.0003 0.9917 -0.1283
vn 0.0002 0.9921 -0.1255
vn -0.5527 -0.0136 -0.8333
vn -0.4521 0.1292 -0.8826
vn -0.4636 0.1398 -0.8750
vn -0.2768 0.3440 -0.8972
vn -0.3353 0.3095 -0.8898
vn -0.1462 0.4470 -0.8825
vn -0.0868 0.4813 -0.8722
vn -0.0091 0.5216 -0.8531
vn -0.0010 0.5245 -0.8514
vn 0.0001 0.5234 -0.8521
vn 0.0004 0.5236 -0.8520
vn 0.0002 0.5214 -0.8533
vn 0.0003 0.5215 -0.8532
vn 0.0004 0.8398 -0.5428
vn -0.8254 0.1680 -0.5390
vn -0.5211 0.6767 -0.5201
vn -0.1053 0.9069 -0.4080
vn 0.0001 0.9362 -0.3514
vn 0.0001 0.9364 -0.3510
vn -0.6761 0.2065 -0.7072
vn -0.4973 0.4546 -0.7389
vn -0.2380 0.6874 -0.6862
vn -0.0165 0.7656 -0.6431
vn 0.0000 0.7682 -0.6402
vn -0.6852 0.2040 -0.6992
vn -0.8005 -0.0043 -0.5993
vn -0.4395 0.5711 -0.6933
vn -0.1358 0.7837 -0.6062
vn 0.0009 0.8398 -0.5429
vn 0.0008 0.8398 -0.5429
vn 0.0000 -0.1099 -0.9939
vn -0.0000 0.0000 -1.0000
vn -0.0000 -0.0000 1.0000
vn 0.0000 -0.0000 1.0000
vn 0.0000 -0.2140 -0.9768
vn 0.0000 -0.2048 -0.9788
vn 0.0000 -0.1957 -0.9807
vn 0.0000 -0.1866 -0.9824
vn 0.0000 -0.1774 -0.9841
vn 0.0000 -0.1682 -0.9857
vn 0.0000 -0.1591 -0.9873
vn 0.0000 -0.1349 -0.9909
vn 0.0000 -0.0823 -0.9966
vn -0.0000 -0.0823 -0.9966
vn -0.0000 0.0000 1.0000
vn -0.6832 -0.0803 -0.7258
vn -0.7071 -0.0000 0.7071
vn -0.7082 -0.1511 -0.6897
vn -0.7082 -0.1446 -0.6911
vn -0.7082 -0.1382 -0.6924
vn -0.7082 -0.1317 -0.6937
vn -0.7082 -0.1253 -0.6949
vn -0.7082 -0.1188 -0.6960
vn -0.7082 -0.1123 -0.6971
vn -0.7116 -0.0948 -0.6962
vn -0.7146 -0.0576 -0.6971
vn -0.7184 -0.0000 -0.6957
vn 0.6832 -0.0803 -0.7258
vn 0.7071 -0.0000 0.7071
vn 0.7082 -0.1511 -0.6897
vn 0.7082 -0.1446 -0.6911
vn 0.7082 -0.1382 -0.6924
vn 0.7082 -0.1317 -0.6937
vn 0.7082 -0.1253 -0.6949
vn 0.7082 -0.1188 -0.6960
vn 0.7082 -0.1123 -0.6971
vn 0.7116 -0.0948 -0.6962
vn 0.7146 -0.0576 -0.6971
vn 0.7184 0.0000 -0.6957
vn -0.0000 0.7071 0.7071
vn -0.5774 0.5774 -0.5773
vn -0.5773 0.5773 0.5774
vn 0.5774 0.5774 -0.5773
vn 0.5773 0.5773 0.5774
vn 0.0000 -0.0000 -1.0000
vn -0.0000 -0.0000 -1.0000
vn 0.0000 0.1099 -0.9939
vn 0.0000 0.2140 -0.9768
vn 0.0000 0.2048 -0.9788
vn 0.0000 0.1957 -0.9807
vn 0.0000 0.1866 -0.9824
vn 0.0000 0.1774 -0.9841
vn 0.0000 0.1682 -0.9857
vn 0.0000 0.1591 -0.9873
vn 0.0000 0.1349 -0.9909
vn -0.0000 0.0823 -0.9966
vn 0.0000 0.0823 -0.9966
vn -0.6832 0.0803 -0.7258
vn -0.7082 0.1511 -0.6897
vn -0.7082 0.1446 -0.6911
vn -0.7082 0.1382 -0.6924
vn -0.7082 0.1317 -0.6937
vn -0.7082 0.1253 -0.6949
vn -0.7082 0.1188 -0.6960
vn -0.7082 0.1123 -0.6971
vn -0.7116 0.0948 -0.6962
vn -0.7146 0.0576 -0.6971
vn 0.6832 0.0803 -0.7258
vn 0.7082 0.1511 -0.6897
vn 0.7082 0.1446 -0.6911
vn 0.7082 0.1382 -0.6924
vn 0.7082 0.1317 -0.6937
vn 0.7082 0.1253 -0.6949
vn 0.7082 0.1188 -0.6960
vn 0.7082 0.1123 -0.6971
vn 0.7116 0.0948 -0.6962
vn 0.7146 0.0576 -0.6971
vn -0.0000 -0.7071 0.7071
vn -0.5774 -0.5774 -0.5773
vn -0.5773 -0.5773 0.5774
vn 0.5774 -0.5774 -0.5773
vn 0.5773 -0.5773 0.5774
vn -0.1099 0.0000 -0.9939
vn -0.2140 0.0000 -0.9768
vn -0.2048 0.0000 -0.9788
vn -0.1957 0.0000 -0.9807
vn -0.1866 0.0000 -0.9824
vn -0.1774 0.0000 -0.9841
vn -0.1682 0.0000 -0.9857
vn -0.1591 0.0000 -0.9873
vn -0.1499 0.0000 -0.9887
vn -0.1407 0.0000 -0.9901
vn -0.1314 0.0000 -0.9913
vn -0.1222 0.0000 -0.9925
vn -0.1129 0.0000 -0.9936
vn -0.1037 0.0000 -0.9946
vn -0.0944 0.0000 -0.9955
vn -0.0851 0.0000 -0.9964
vn -0.0759 0.0000 -0.9971
vn -0.0666 0.0000 -0.9978
vn -0.0573 0.0000 -0.9984
vn -0.0480 0.0000 -0.9988
vn -0.0387 0.0000 -0.9993
vn -0.0294 0.0000 -0.9996
vn -0.0201 0.0000 -0.9998
vn -0.0107 0.0000 -0.9999
vn -0.0107 -0.0000 -0.9999
vn -0.0803 0.6832 -0.7258
vn -0.1511 0.7082 -0.6897
vn -0.1446 0.7082 -0.6911
vn -0.1382 0.7082 -0.6924
vn -0.1317 0.7082 -0.6937
vn -0.1253 0.7082 -0.6949
vn -0.1188 0.7082 -0.6960
vn -0.1123 0.7082 -0.6971
vn -0.1058 0.7082 -0.6981
vn -0.0993 0.7082 -0.6990
vn -0.0928 0.7082 -0.6999
vn -0.0863 0.7082 -0.7008
vn -0.0797 0.7082 -0.7015
vn -0.0732 0.7082 -0.7022
vn -0.0667 0.7082 -0.7029
vn -0.0601 0.7082 -0.7035
vn -0.0536 0.7082 -0.7040
vn -0.0470 0.7082 -0.7045
vn -0.0404 0.7082 -0.7049
vn -0.0339 0.7082 -0.7052
vn -0.0273 0.7082 -0.7055
vn -0.0207 0.7082 -0.7058
vn -0.0142 0.7082 -0.7059
vn -0.0076 0.7082 -0.7060
vn -0.0000 0.7084 -0.7058
vn -0.0803 -0.6832 -0.7258
vn -0.1511 -0.7082 -0.6897
vn -0.1446 -0.7082 -0.6911
vn -0.1382 -0.7082 -0.6924
vn -0.1317 -0.7082 -0.6937
vn -0.1253 -0.7082 -0.6949
vn -0.1188 -0.7082 -0.6960
vn -0.1123 -0.7082 -0.6971
vn -0.1058 -0.7082 -0.6981
vn -0.0993 -0.7082 -0.6990
vn -0.0928 -0.7082 -0.6999
vn -0.0863 -0.7082 -0.7008
vn -0.0797 -0.7082 -0.7015
vn -0.0732 -0.7082 -0.7022
vn -0.0667 -0.7082 -0.7029
vn -0.0601 -0.7082 -0.7035
vn -0.0536 -0.7082 -0.7040
vn -0.0470 -0.7082 -0.7045
vn -0.0404 -0.7082 -0.7049
vn -0.0339 -0.7082 -0.7052
vn -0.0273 -0.7082 -0.7055
vn -0.0207 -0.7082 -0.7058
vn -0.0142 -0.7082 -0.7059
vn -0.0076 -0.7082 -0.7060
vn 0.0000 -0.7085 -0.7057
vn 0.0000 -0.7084 -0.7058
vn 0.0000 0.7085 -0.7057
vn 0.6928 -0.6928 -0.2005
vn 0.9383 -0.2445 0.2445
vn 0.6928 -0.2004 0.6928
vn 0.5774 -0.5773 0.5774
vn 0.6928 -0.6928 0.2004
vn 0.2445 -0.9383 0.2445
vn 0.2004 -0.6928 0.6928
vn 0.2445 -0.2445 0.9383
vn 0.2681 0.0000 0.9634
vn 0.2681 -0.0000 0.9634
vn 0.9634 0.0000 0.2681
vn -0.0000 -0.2681 0.9634
vn 0.0000 -0.9634 0.2681
vn 0.0000 -0.2681 0.9634
vn 0.6927 0.2004 -0.6928
vn 0.5774 0.5773 -0.5774
vn 0.2004 0.6927 -0.6928
vn 0.9383 0.2445 0.2445
vn 0.6928 0.6928 0.2004
vn 0.6928 0.2004 0.6928
vn 0.2445 0.9383 0.2445
vn 0.2004 0.6928 0.6928
vn 0.2445 0.2445 0.9383
vn 0.0000 0.2681 0.9634
vn 0.0000 0.9634 0.2681
vn 0.5773 0.5773 -0.5774
vn -0.5773 0.5773 -0.5774
vn 0.2034 -0.7309 0.6515
vn 0.5332 -0.5332 0.6568
vn 0.7309 -0.2034 0.6515
vn 0.7309 0.2034 0.6515
vn 0.5332 0.5332 0.6568
vn 0.2034 0.7309 0.6514
vn -0.2034 0.7309 0.6514
vn -0.5332 0.5332 0.6568
vn -0.7309 0.2034 0.6515
vn -0.7309 -0.2034 0.6515
vn -0.5332 -0.5332 0.6568
vn -0.2034 -0.7309 0.6515
vn 0.2034 0.7309 0.6515
vn -0.2034 0.7309 0.6515
vn 0.8708 0.0000 0.4917
vn 0.8708 0.0000 -0.4917
vn 0.8708 -0.0000 -0.4917
vn 0.8364 -0.2445 -0.4906
vn 0.9797 -0.2005 -0.0000
vn 0.8165 -0.5774 0.0000
vn 0.6316 -0.6928 -0.3481
vn 0.8364 -0.2445 0.4906
vn 0.6316 -0.6928 0.3481
vn 0.3458 -0.9383 0.0000
vn 0.4917 -0.0000 0.8708
vn 0.4917 0.0000 0.8708
vn 0.1896 -0.9634 0.1896
vn -0.4917 0.0000 0.8708
vn 0.5000 -0.7071 0.5000
vn 0.6812 -0.2681 0.6812
vn -0.4906 -0.2445 0.8364
vn -0.3481 -0.6928 0.6316
vn 0.0000 -0.5774 0.8165
vn 0.0000 -0.2004 0.9797
vn 0.4906 -0.2445 0.8364
vn 0.3482 -0.6928 0.6316
vn 0.0000 -0.9383 0.3458
vn 0.5000 -0.7071 -0.5000
vn 0.1896 -0.9634 -0.1896
vn 0.6812 -0.2681 -0.6812
vn -0.1896 -0.9634 0.1896
vn -0.5000 -0.7071 0.5000
vn -0.6812 -0.2681 0.6812
vn -0.4917 -0.0000 -0.8708
vn -0.4917 0.0000 -0.8708
vn -0.1896 -0.9634 -0.1896
vn 0.4917 0.0000 -0.8708
vn 0.4906 -0.2445 -0.8364
vn 0.3481 -0.6928 -0.6316
vn -0.0000 -0.5774 -0.8165
vn -0.0000 -0.2004 -0.9797
vn -0.4906 -0.2445 -0.8364
vn -0.3481 -0.6928 -0.6316
vn -0.0000 -0.9383 -0.3458
vn -0.8708 -0.0000 -0.4917
vn -0.8708 -0.0000 0.4917
vn -0.5000 -0.7071 -0.5000
vn -0.6812 -0.2681 -0.6812
vn -0.8364 -0.2445 0.4906
vn -0.9797 -0.2004 -0.0000
vn -0.8165 -0.5774 0.0000
vn -0.6316 -0.6928 0.3481
vn -0.8364 -0.2445 -0.4906
vn -0.6316 -0.6928 -0.3481
vn -0.3458 -0.9383 -0.0000
vn 0.5000 0.7071 0.5000
vn 0.6607 0.6515 0.3730
vn 0.7540 0.6568 0.0000
vn 0.6607 0.6514 -0.3730
vn 0.5000 0.7071 -0.5000
vn 0.3730 0.6515 -0.6607
vn -0.0000 0.6568 -0.7540
vn -0.3730 0.6514 -0.6607
vn -0.5000 0.7071 -0.5000
vn -0.6607 0.6514 -0.3730
vn -0.7540 0.6568 -0.0000
vn -0.6606 0.6515 0.3730
vn -0.5000 0.7071 0.5000
vn -0.3730 0.6515 0.6607
vn -0.0000 0.6568 0.7540
vn 0.3730 0.6515 0.6607
vn 0.9797 -0.2004 -0.0000
vn 0.8165 -0.5774 -0.0000
vn 0.4916 0.0000 0.8708
vn 0.1895 -0.9634 0.1896
vn -0.4917 -0.0000 0.8708
vn 0.0000 -0.5773 0.8165
vn 0.3481 -0.6928 0.6316
vn -0.0000 -0.9383 0.3458
vn 0.0000 -0.5773 -0.8165
vn 0.0000 -0.2004 -0.9797
vn -0.3481 -0.6927 -0.6316
vn 0.0000 -0.9383 -0.3458
vn 0.6607 0.6514 0.3730
vn 0.7540 0.6568 -0.0000
vn 0.6607 0.6515 -0.3730
vn 0.0000 0.6568 -0.7540
vn -0.6607 0.6514 0.3730
vn -0.3730 0.6514 0.6607
vn 0.0000 0.6568 0.7540
vn 0.8708 0.0000 -0.4916
vn 0.3458 -0.9383 -0.0000
vn -0.0000 -0.5774 0.8165
vn -0.0000 -0.2005 0.9797
vn 0.3481 -0.6927 0.6316
vn -0.4916 -0.0000 -0.8708
vn -0.8708 0.0000 -0.4917
vn -0.8708 0.0000 0.4917
vn -0.9797 -0.2004 0.0000
vn -0.8165 -0.5774 -0.0000
vn -0.7540 0.6568 0.0000
vn -0.6607 0.6515 0.3730
vn 0.8708 -0.0000 0.4916
vn 0.9797 -0.2005 0.0000
vn 0.8364 -0.2445 0.4905
vn -0.1895 -0.9634 -0.1895
vn 0.3481 -0.6928 -0.6315
vn 0.0000 -0.5774 -0.8165
vn -0.3458 -0.9383 0.0000
vn 0.3730 0.6514 -0.6607
vn -0.6607 0.6514 -0.3731
vn -0.6606 0.6514 0.3730
vn 0.3730 0.6514 0.6607
vn 0.1099 0.0000 -0.9939
vn 0.2140 0.0000 -0.9768
vn 0.2048 0.0000 -0.9788
vn 0.1957 0.0000 -0.9807
vn 0.1866 0.0000 -0.9824
vn 0.1774 0.0000 -0.9841
vn 0.1682 0.0000 -0.9857
vn 0.1591 0.0000 -0.9873
vn 0.1499 0.0000 -0.9887
vn 0.1407 0.0000 -0.9901
vn 0.1314 0.0000 -0.9913
vn 0.1222 0.0000 -0.9925
vn 0.1129 0.0000 -0.9936
vn 0.1037 0.0000 -0.9946
vn 0.0944 0.0000 -0.9955
vn 0.0851 0.0000 -0.9964
vn 0.0759 0.0000 -0.9971
vn 0.0666 0.0000 -0.9978
vn 0.0573 0.0000 -0.9984
vn 0.0480 0.0000 -0.9988
vn 0.0387 0.0000 -0.9993
vn 0.0294 0.0000 -0.9996
vn 0.0201 0.0000 -0.9998
vn 0.0107 -0.0000 -0.9999
vn 0.0107 0.0000 -0.9999
vn 0.0803 0.6832 -0.7258
vn 0.1511 0.7082 -0.6897
vn 0.1446 0.7082 -0.6911
vn 0.1382 0.7082 -0.6924
vn 0.1317 0.7082 -0.6937
vn 0.1253 0.7082 -0.6949
vn 0.1188 0.7082 -0.6960
vn 0.1123 0.7082 -0.6971
vn 0.1058 0.7082 -0.6981
vn 0.0993 0.7082 -0.6990
vn 0.0928 0.7082 -0.6999
vn 0.0863 0.7082 -0.7008
vn 0.0797 0.7082 -0.7015
vn 0.0732 0.7082 -0.7022
vn 0.0667 0.7082 -0.7029
vn 0.0601 0.7082 -0.7035
vn 0.0536 0.7082 -0.7040
vn 0.0470 0.7082 -0.7045
vn 0.0404 0.7082 -0.7049
vn 0.0339 0.7082 -0.7052
vn 0.0273 0.7082 -0.7055
vn 0.0207 0.7082 -0.7058
vn 0.0142 0.7082 -0.7059
vn 0.0076 0.7082 -0.7060
vn 0.0803 -0.6832 -0.7258
vn 0.1511 -0.7082 -0.6897
vn 0.1446 -0.7082 -0.6911
vn 0.1382 -0.7082 -0.6924
vn 0.1317 -0.7082 -0.6937
vn 0.1253 -0.7082 -0.6949
vn 0.1188 -0.7082 -0.6960
vn 0.1123 -0.7082 -0.6971
vn 0.1058 -0.7082 -0.6981
vn 0.0993 -0.7082 -0.6990
vn 0.0928 -0.7082 -0.6999
vn 0.0863 -0.7082 -0.7008
vn 0.0797 -0.7082 -0.7015
vn 0.0732 -0.7082 -0.7022
vn 0.0667 -0.7082 -0.7029
vn 0.0601 -0.7082 -0.7035
vn 0.0536 -0.7082 -0.7040
vn 0.0470 -0.7082 -0.7045
vn 0.0404 -0.7082 -0.7049
vn 0.0339 -0.7082 -0.7052
vn 0.0273 -0.7082 -0.7055
vn 0.0207 -0.7082 -0.7058
vn 0.0142 -0.7082 -0.7059
vn 0.0076 -0.7082 -0.7060
vn -0.6928 -0.6928 -0.2005
vn -0.9383 -0.2445 0.2445
vn -0.6928 -0.6928 0.2004
vn -0.5774 -0.5773 0.5774
vn -0.6928 -0.2004 0.6928
vn -0.2445 -0.9383 0.2445
vn -0.2004 -0.6928 0.6928
vn -0.2445 -0.2445 0.9383
vn -0.2681 -0.0000 0.9634
vn -0.2681 0.0000 0.9634
vn -0.9634 0.0000 0.2681
vn -0.5774 0.5773 -0.5774
vn -0.6927 0.2004 -0.6928
vn -0.2004 0.6927 -0.6928
vn -0.9383 0.2445 0.2445
vn -0.6928 0.2004 0.6928
vn -0.6928 0.6928 0.2004
vn -0.2445 0.9383 0.2445
vn -0.2004 0.6928 0.6928
vn -0.2445 0.2445 0.9383
vn -0.9797 -0.2005 -0.0000
vn -0.0000 -0.2004 0.9797
vn -0.3482 -0.6928 0.6316
vn 0.4917 -0.0000 -0.8708
vn 0.8708 -0.0000 0.4917
vn -0.3730 0.6515 -0.6607
vn 0.6606 0.6515 0.3730
vn -0.4916 0.0000 0.8708
vn -0.1895 -0.9634 0.1896
vn -0.0000 -0.5773 0.8165
vn -0.0000 -0.5773 -0.8165
vn 0.3481 -0.6927 -0.6316
vn -0.6607 0.6515 -0.3730
vn -0.8708 0.0000 -0.4916
vn 0.0000 -0.2005 0.9797
vn -0.3481 -0.6927 0.6316
vn 0.4916 -0.0000 -0.8708
vn 0.9797 -0.2004 0.0000
vn -0.8708 -0.0000 0.4916
vn -0.9797 -0.2005 0.0000
vn -0.8364 -0.2445 0.4905
vn 0.1895 -0.9634 -0.1895
vn -0.3481 -0.6928 -0.6315
vn 0.6607 0.6514 -0.3731
vn 0.6606 0.6514 0.3730
# 1034 vertex normals

vt 0.1243 0.4835 0.0000
vt 0.1243 0.4695 0.0000
vt 0.1327 0.4695 0.0000
vt 0.1327 0.4835 0.0000
vt 0.2209 0.5530 0.0000
vt 0.1327 0.5530 0.0000
vt 0.2209 0.4835 0.0000
vt 0.0285 0.0642 0.0000
vt 0.0285 0.0612 0.0000
vt 0.0979 0.0612 0.0000
vt 0.0979 0.0642 0.0000
vt 0.8021 0.9011 0.0000
vt 0.8021 0.9697 0.0000
vt 0.7915 0.9697 0.0000
vt 0.7914 0.9005 0.0000
vt 0.2209 0.5646 0.0000
vt 0.1327 0.5646 0.0000
vt 0.0169 0.0642 0.0000
vt 0.0168 0.0612 0.0000
vt 0.8021 0.9813 0.0000
vt 0.7915 0.9813 0.0000
vt 0.4840 0.1185 0.0000
vt 0.4840 0.1282 0.0000
vt 0.4181 0.1282 0.0000
vt 0.4181 0.1185 0.0000
vt 0.1243 0.5530 0.0000
vt 0.1243 0.5682 0.0000
vt 0.1243 0.5646 0.0000
vt 0.1327 0.5682 0.0000
vt 0.6454 0.4749 0.0000
vt 0.6454 0.3958 0.0000
vt 0.7243 0.3956 0.0000
vt 0.7243 0.4750 0.0000
vt 0.5413 0.2312 0.0000
vt 0.5413 0.2984 0.0000
vt 0.5363 0.3034 0.0000
vt 0.5363 0.2260 0.0000
vt 0.0979 0.0659 0.0000
vt 0.0285 0.0659 0.0000
vt 0.0169 0.0659 0.0000
vt 0.2226 0.4835 0.0000
vt 0.2226 0.5530 0.0000
vt 0.2226 0.5646 0.0000
vt 0.1226 0.5530 0.0000
vt 0.1226 0.4835 0.0000
vt 0.1226 0.5646 0.0000
vt 0.7884 0.9003 0.0000
vt 0.7885 0.9697 0.0000
vt 0.7868 0.9697 0.0000
vt 0.7867 0.9003 0.0000
vt 0.7885 0.9813 0.0000
vt 0.7868 0.9813 0.0000
vt 0.0979 0.0669 0.0000
vt 0.0285 0.0669 0.0000
vt 0.0169 0.0669 0.0000
vt 0.2236 0.4835 0.0000
vt 0.2236 0.5530 0.0000
vt 0.2236 0.5646 0.0000
vt 0.1216 0.5530 0.0000
vt 0.1216 0.4835 0.0000
vt 0.1216 0.5646 0.0000
vt 0.7858 0.9697 0.0000
vt 0.7858 0.9003 0.0000
vt 0.7858 0.9813 0.0000
vt 0.1886 0.9791 0.0000
vt 0.1886 0.9131 0.0000
vt 0.1895 0.9114 0.0000
vt 0.1896 0.9809 0.0000
vt 0.4840 0.1176 0.0000
vt 0.4181 0.1176 0.0000
vt 0.4181 0.1290 0.0000
vt 0.4840 0.1290 0.0000
vt 0.5422 0.2977 0.0000
vt 0.5422 0.2319 0.0000
vt 0.7260 0.4759 0.0000
vt 0.7251 0.4759 0.0000
vt 0.7251 0.4750 0.0000
vt 0.7260 0.4750 0.0000
vt 0.4172 0.1185 0.0000
vt 0.4172 0.1282 0.0000
vt 0.7251 0.3947 0.0000
vt 0.7251 0.3956 0.0000
vt 0.7243 0.3947 0.0000
vt 0.5413 0.2994 0.0000
vt 0.5363 0.3044 0.0000
vt 0.1886 0.9800 0.0000
vt 0.4172 0.1176 0.0000
vt 0.4172 0.1290 0.0000
vt 0.4163 0.1290 0.0000
vt 0.4163 0.1282 0.0000
vt 0.5422 0.2986 0.0000
vt 0.4163 0.1185 0.0000
vt 0.7260 0.3947 0.0000
vt 0.7251 0.3939 0.0000
vt 0.7260 0.3939 0.0000
vt 0.5424 0.2994 0.0000
vt 0.5374 0.3044 0.0000
vt 0.1877 0.9800 0.0000
vt 0.4163 0.1176 0.0000
vt 0.5430 0.2986 0.0000
vt 0.7260 0.3956 0.0000
vt 0.4849 0.1282 0.0000
vt 0.4849 0.1185 0.0000
vt 0.6454 0.4759 0.0000
vt 0.7243 0.4759 0.0000
vt 0.5413 0.2300 0.0000
vt 0.5363 0.2250 0.0000
vt 0.1886 0.9123 0.0000
vt 0.4849 0.1176 0.0000
vt 0.4849 0.1290 0.0000
vt 0.5422 0.2308 0.0000
vt 0.0149 0.1282 0.0000
vt 0.0158 0.1282 0.0000
vt 0.0158 0.1290 0.0000
vt 0.0149 0.1290 0.0000
vt 0.5425 0.2300 0.0000
vt 0.5432 0.2308 0.0000
vt 0.0149 0.1176 0.0000
vt 0.0158 0.1176 0.0000
vt 0.0158 0.1185 0.0000
vt 0.0149 0.1185 0.0000
vt 0.7251 0.4768 0.0000
vt 0.7260 0.4768 0.0000
vt 0.7262 0.5556 0.0000
vt 0.7251 0.5556 0.0000
vt 0.5374 0.2250 0.0000
vt 0.1877 0.9123 0.0000
vt 0.6454 0.3947 0.0000
vt 0.7251 0.3150 0.0000
vt 0.7262 0.3150 0.0000
vt 0.6445 0.3958 0.0000
vt 0.6445 0.4749 0.0000
vt 0.5355 0.2251 0.0000
vt 0.5355 0.3043 0.0000
vt 0.5355 0.3053 0.0000
vt 0.5365 0.3053 0.0000
vt 0.6445 0.4759 0.0000
vt 0.5355 0.2241 0.0000
vt 0.7251 0.5565 0.0000
vt 0.7262 0.5565 0.0000
vt 0.5365 0.2241 0.0000
vt 0.6445 0.3947 0.0000
vt 0.7262 0.3141 0.0000
vt 0.7251 0.3141 0.0000
vt 0.1120 0.0612 0.0000
vt 0.1120 0.0642 0.0000
vt 0.8021 0.8867 0.0000
vt 0.7914 0.8864 0.0000
vt 0.2209 0.4695 0.0000
vt 0.2226 0.4695 0.0000
vt 0.1226 0.4695 0.0000
vt 0.7867 0.8862 0.0000
vt 0.7884 0.8862 0.0000
vt 0.1120 0.0659 0.0000
vt 0.1120 0.0669 0.0000
vt 0.1216 0.4695 0.0000
vt 0.2236 0.4695 0.0000
vt 0.7858 0.8862 0.0000
vt 0.1981 0.9114 0.0000
vt 0.1981 0.9809 0.0000
vt 0.7885 0.9850 0.0000
vt 0.7915 0.9850 0.0000
vt 0.1895 0.8996 0.0000
vt 0.1981 0.8996 0.0000
vt 0.0132 0.0642 0.0000
vt 0.0132 0.0612 0.0000
vt 0.8021 0.9850 0.0000
vt 0.0132 0.0659 0.0000
vt 0.2226 0.5682 0.0000
vt 0.2209 0.5682 0.0000
vt 0.7868 0.9850 0.0000
vt 0.1981 0.9904 0.0000
vt 0.1896 0.9904 0.0000
vt 0.0285 0.0606 0.0000
vt 0.0979 0.0606 0.0000
vt 0.0175 0.0606 0.0000
vt 0.0182 0.0606 0.0000
vt 0.1106 0.0606 0.0000
vt 0.2021 0.1062 0.0000
vt 0.1926 0.1062 0.0000
vt 0.1926 0.1055 0.0000
vt 0.2033 0.1055 0.0000
vt 0.1987 0.9114 0.0000
vt 0.1987 0.9809 0.0000
vt 0.1920 0.0811 0.0000
vt 0.1920 0.0805 0.0000
vt 0.2013 0.0805 0.0000
vt 0.2027 0.0811 0.0000
vt 0.1987 0.8989 0.0000
vt 0.1987 0.8995 0.0000
vt 0.1981 0.8989 0.0000
vt 0.1987 0.9910 0.0000
vt 0.1981 0.9910 0.0000
vt 0.1987 0.9904 0.0000
vt 0.1896 0.9910 0.0000
vt 0.0285 0.0599 0.0000
vt 0.0979 0.0599 0.0000
vt 0.0177 0.0599 0.0000
vt 0.0184 0.0599 0.0000
vt 0.1104 0.0599 0.0000
vt 0.2025 0.1069 0.0000
vt 0.2019 0.1069 0.0000
vt 0.2027 0.1062 0.0000
vt 0.1994 0.9114 0.0000
vt 0.1994 0.9809 0.0000
vt 0.1920 0.0798 0.0000
vt 0.2011 0.0798 0.0000
vt 0.1986 0.8975 0.0000
vt 0.1992 0.8975 0.0000
vt 0.1990 0.8982 0.0000
vt 0.1983 0.8982 0.0000
vt 0.2001 0.9114 0.0000
vt 0.1994 0.8993 0.0000
vt 0.2001 0.8992 0.0000
vt 0.2001 0.9907 0.0000
vt 0.2001 0.9914 0.0000
vt 0.1994 0.9912 0.0000
vt 0.1994 0.9906 0.0000
vt 0.1896 0.9924 0.0000
vt 0.1896 0.9917 0.0000
vt 0.1983 0.9917 0.0000
vt 0.1986 0.9924 0.0000
vt 0.1990 0.9917 0.0000
vt 0.2016 0.0791 0.0000
vt 0.2018 0.0798 0.0000
vt 0.2010 0.0791 0.0000
vt 0.2020 0.0805 0.0000
vt 0.0186 0.0592 0.0000
vt 0.0285 0.0592 0.0000
vt 0.1895 0.8989 0.0000
vt 0.1895 0.8982 0.0000
vt 0.2017 0.1076 0.0000
vt 0.1926 0.1076 0.0000
vt 0.1926 0.1069 0.0000
vt 0.1994 0.8987 0.0000
vt 0.1109 0.0592 0.0000
vt 0.1111 0.0599 0.0000
vt 0.1102 0.0592 0.0000
vt 0.1113 0.0606 0.0000
vt 0.0203 0.9917 0.0000
vt 0.0203 0.9910 0.0000
vt 0.0979 0.0592 0.0000
vt 0.0179 0.0592 0.0000
vt 0.2023 0.1076 0.0000
vt 0.2001 0.9809 0.0000
vt 0.1920 0.0791 0.0000
vt 0.1992 0.9924 0.0000
vt 0.1895 0.8975 0.0000
vt 0.2001 0.8985 0.0000
vt 0.0204 0.8989 0.0000
vt 0.0204 0.8982 0.0000
vt 0.1166 0.0612 0.0000
vt 0.1166 0.0642 0.0000
vt 0.7914 0.8816 0.0000
vt 0.8020 0.8816 0.0000
vt 0.2209 0.4649 0.0000
vt 0.2226 0.4649 0.0000
vt 0.1166 0.0659 0.0000
vt 0.1166 0.0669 0.0000
vt 0.1243 0.3838 0.0000
vt 0.1243 0.3698 0.0000
vt 0.1327 0.3698 0.0000
vt 0.1327 0.3838 0.0000
vt 0.2209 0.4533 0.0000
vt 0.1327 0.4533 0.0000
vt 0.2209 0.3838 0.0000
vt 0.1282 0.0642 0.0000
vt 0.1282 0.0612 0.0000
vt 0.1977 0.0612 0.0000
vt 0.1977 0.0642 0.0000
vt 0.8020 0.8014 0.0000
vt 0.8020 0.8700 0.0000
vt 0.7914 0.8700 0.0000
vt 0.7914 0.8007 0.0000
vt 0.1327 0.4649 0.0000
vt 0.0153 0.1481 0.0000
vt 0.0153 0.1384 0.0000
vt 0.0812 0.1384 0.0000
vt 0.0812 0.1481 0.0000
vt 0.1243 0.4533 0.0000
vt 0.1243 0.4649 0.0000
vt 0.9907 0.1359 0.0000
vt 0.9907 0.2150 0.0000
vt 0.9118 0.2152 0.0000
vt 0.9118 0.1357 0.0000
vt 0.2202 0.9178 0.0000
vt 0.2202 0.9849 0.0000
vt 0.2153 0.9900 0.0000
vt 0.2153 0.9126 0.0000
vt 0.1977 0.0659 0.0000
vt 0.1282 0.0659 0.0000
vt 0.2226 0.3838 0.0000
vt 0.2226 0.4533 0.0000
vt 0.1226 0.4533 0.0000
vt 0.1226 0.3838 0.0000
vt 0.1226 0.4649 0.0000
vt 0.7884 0.8005 0.0000
vt 0.7884 0.8700 0.0000
vt 0.7867 0.8700 0.0000
vt 0.7866 0.8005 0.0000
vt 0.7884 0.8816 0.0000
vt 0.7867 0.8816 0.0000
vt 0.1977 0.0669 0.0000
vt 0.1282 0.0669 0.0000
vt 0.2236 0.3838 0.0000
vt 0.2236 0.4533 0.0000
vt 0.2236 0.4649 0.0000
vt 0.1216 0.4533 0.0000
vt 0.1216 0.3838 0.0000
vt 0.1216 0.4649 0.0000
vt 0.7858 0.8700 0.0000
vt 0.7857 0.8005 0.0000
vt 0.7858 0.8816 0.0000
vt 0.1887 0.8743 0.0000
vt 0.1887 0.8083 0.0000
vt 0.1895 0.8066 0.0000
vt 0.1896 0.8760 0.0000
vt 0.0153 0.1489 0.0000
vt 0.0812 0.1489 0.0000
vt 0.0812 0.1375 0.0000
vt 0.0153 0.1375 0.0000
vt 0.2211 0.9843 0.0000
vt 0.2211 0.9184 0.0000
vt 0.9101 0.1349 0.0000
vt 0.9109 0.1349 0.0000
vt 0.9109 0.1357 0.0000
vt 0.9101 0.1358 0.0000
vt 0.0821 0.1481 0.0000
vt 0.0821 0.1384 0.0000
vt 0.9109 0.2160 0.0000
vt 0.9109 0.2152 0.0000
vt 0.9118 0.2160 0.0000
vt 0.2202 0.9860 0.0000
vt 0.2153 0.9910 0.0000
vt 0.1887 0.8752 0.0000
vt 0.0821 0.1489 0.0000
vt 0.0821 0.1375 0.0000
vt 0.0830 0.1375 0.0000
vt 0.0830 0.1384 0.0000
vt 0.2211 0.9851 0.0000
vt 0.0830 0.1481 0.0000
vt 0.9101 0.2160 0.0000
vt 0.9109 0.2169 0.0000
vt 0.9101 0.2169 0.0000
vt 0.2213 0.9860 0.0000
vt 0.2163 0.9910 0.0000
vt 0.1878 0.8752 0.0000
vt 0.0830 0.1489 0.0000
vt 0.2220 0.9851 0.0000
vt 0.9101 0.2152 0.0000
vt 0.0144 0.1384 0.0000
vt 0.0144 0.1481 0.0000
vt 0.9907 0.1349 0.0000
vt 0.9118 0.1349 0.0000
vt 0.2202 0.9165 0.0000
vt 0.2153 0.9116 0.0000
vt 0.1887 0.8074 0.0000
vt 0.0144 0.1489 0.0000
vt 0.0144 0.1375 0.0000
vt 0.2211 0.9174 0.0000
vt 0.4844 0.1384 0.0000
vt 0.4835 0.1384 0.0000
vt 0.4835 0.1375 0.0000
vt 0.4844 0.1375 0.0000
vt 0.2215 0.9165 0.0000
vt 0.2221 0.9174 0.0000
vt 0.4844 0.1489 0.0000
vt 0.4835 0.1489 0.0000
vt 0.4835 0.1481 0.0000
vt 0.4844 0.1481 0.0000
vt 0.9109 0.1340 0.0000
vt 0.9101 0.1340 0.0000
vt 0.9099 0.0551 0.0000
vt 0.9109 0.0551 0.0000
vt 0.2163 0.9116 0.0000
vt 0.1878 0.8074 0.0000
vt 0.9907 0.2160 0.0000
vt 0.9109 0.2958 0.0000
vt 0.9099 0.2958 0.0000
vt 0.9915 0.2150 0.0000
vt 0.9915 0.1359 0.0000
vt 0.2144 0.9117 0.0000
vt 0.2144 0.9908 0.0000
vt 0.2144 0.9919 0.0000
vt 0.2154 0.9919 0.0000
vt 0.9915 0.1349 0.0000
vt 0.2144 0.9107 0.0000
vt 0.9109 0.0543 0.0000
vt 0.9099 0.0543 0.0000
vt 0.2154 0.9107 0.0000
vt 0.9915 0.2160 0.0000
vt 0.9099 0.2966 0.0000
vt 0.9109 0.2966 0.0000
vt 0.2117 0.0612 0.0000
vt 0.2117 0.0642 0.0000
vt 0.8020 0.7869 0.0000
vt 0.7914 0.7866 0.0000
vt 0.1243 0.3651 0.0000
vt 0.1327 0.3651 0.0000
vt 0.2209 0.3698 0.0000
vt 0.2226 0.3698 0.0000
vt 0.1226 0.3698 0.0000
vt 0.7866 0.7865 0.0000
vt 0.7884 0.7865 0.0000
vt 0.2117 0.0659 0.0000
vt 0.2117 0.0669 0.0000
vt 0.1216 0.3698 0.0000
vt 0.2236 0.3698 0.0000
vt 0.7857 0.7865 0.0000
vt 0.7884 0.7819 0.0000
vt 0.7913 0.7819 0.0000
vt 0.1982 0.8066 0.0000
vt 0.1982 0.8760 0.0000
vt 0.1926 0.1009 0.0000
vt 0.2033 0.1009 0.0000
vt 0.1895 0.7947 0.0000
vt 0.1982 0.7947 0.0000
vt 0.1982 0.8855 0.0000
vt 0.1896 0.8855 0.0000
vt 0.1282 0.0606 0.0000
vt 0.1977 0.0606 0.0000
vt 0.1172 0.0606 0.0000
vt 0.1179 0.0606 0.0000
vt 0.2104 0.0606 0.0000
vt 0.4067 0.1062 0.0000
vt 0.3971 0.1062 0.0000
vt 0.3971 0.1055 0.0000
vt 0.4079 0.1056 0.0000
vt 0.1988 0.8066 0.0000
vt 0.1988 0.8760 0.0000
vt 0.1926 0.1003 0.0000
vt 0.2020 0.1003 0.0000
vt 0.1988 0.7940 0.0000
vt 0.1988 0.7947 0.0000
vt 0.1982 0.7940 0.0000
vt 0.1988 0.8862 0.0000
vt 0.1982 0.8862 0.0000
vt 0.1988 0.8855 0.0000
vt 0.1896 0.8862 0.0000
vt 0.1282 0.0599 0.0000
vt 0.1977 0.0599 0.0000
vt 0.1174 0.0599 0.0000
vt 0.1182 0.0599 0.0000
vt 0.2102 0.0599 0.0000
vt 0.4071 0.1069 0.0000
vt 0.4065 0.1069 0.0000
vt 0.4073 0.1062 0.0000
vt 0.1995 0.8066 0.0000
vt 0.1995 0.8760 0.0000
vt 0.1926 0.0996 0.0000
vt 0.2018 0.0996 0.0000
vt 0.1987 0.7927 0.0000
vt 0.1993 0.7927 0.0000
vt 0.1990 0.7934 0.0000
vt 0.1984 0.7934 0.0000
vt 0.2002 0.8066 0.0000
vt 0.1995 0.7945 0.0000
vt 0.2002 0.7943 0.0000
vt 0.2002 0.8859 0.0000
vt 0.2002 0.8866 0.0000
vt 0.1995 0.8864 0.0000
vt 0.1995 0.8857 0.0000
vt 0.1896 0.8875 0.0000
vt 0.1896 0.8868 0.0000
vt 0.1984 0.8868 0.0000
vt 0.1986 0.8875 0.0000
vt 0.1990 0.8868 0.0000
vt 0.2023 0.0989 0.0000
vt 0.2025 0.0996 0.0000
vt 0.2016 0.0989 0.0000
vt 0.2027 0.1003 0.0000
vt 0.1184 0.0592 0.0000
vt 0.1282 0.0592 0.0000
vt 0.1895 0.7940 0.0000
vt 0.1895 0.7934 0.0000
vt 0.4063 0.1076 0.0000
vt 0.3971 0.1076 0.0000
vt 0.3971 0.1069 0.0000
vt 0.1995 0.7938 0.0000
vt 0.2106 0.0592 0.0000
vt 0.2109 0.0599 0.0000
vt 0.2100 0.0592 0.0000
vt 0.2111 0.0606 0.0000
vt 0.1977 0.0592 0.0000
vt 0.1177 0.0592 0.0000
vt 0.4069 0.1076 0.0000
vt 0.2002 0.8760 0.0000
vt 0.1926 0.0989 0.0000
vt 0.1993 0.8875 0.0000
vt 0.1895 0.7927 0.0000
vt 0.2002 0.7936 0.0000
vt 0.2163 0.0612 0.0000
vt 0.2164 0.0642 0.0000
vt 0.8020 0.7818 0.0000
vt 0.1226 0.3651 0.0000
vt 0.2164 0.0659 0.0000
vt 0.2164 0.0669 0.0000
vt 0.2209 0.3651 0.0000
vt 0.1243 0.2840 0.0000
vt 0.1243 0.2700 0.0000
vt 0.1327 0.2700 0.0000
vt 0.1327 0.2840 0.0000
vt 0.2209 0.3535 0.0000
vt 0.1327 0.3535 0.0000
vt 0.2209 0.2840 0.0000
vt 0.2280 0.0642 0.0000
vt 0.2280 0.0612 0.0000
vt 0.2974 0.0612 0.0000
vt 0.2974 0.0642 0.0000
vt 0.8019 0.7016 0.0000
vt 0.8020 0.7702 0.0000
vt 0.7913 0.7702 0.0000
vt 0.7913 0.7010 0.0000
vt 0.0123 0.0183 0.0000
vt 0.0122 0.0086 0.0000
vt 0.0783 0.0085 0.0000
vt 0.0783 0.0182 0.0000
vt 0.1243 0.3535 0.0000
vt 0.5775 0.3804 0.0000
vt 0.5775 0.4595 0.0000
vt 0.4987 0.4596 0.0000
vt 0.4987 0.3802 0.0000
vt 0.2196 0.8251 0.0000
vt 0.2196 0.8923 0.0000
vt 0.2146 0.8973 0.0000
vt 0.2146 0.8199 0.0000
vt 0.2974 0.0659 0.0000
vt 0.2280 0.0659 0.0000
vt 0.2226 0.2840 0.0000
vt 0.2226 0.3535 0.0000
vt 0.2226 0.3651 0.0000
vt 0.1226 0.3535 0.0000
vt 0.1226 0.2840 0.0000
vt 0.7883 0.7008 0.0000
vt 0.7883 0.7702 0.0000
vt 0.7866 0.7702 0.0000
vt 0.7866 0.7008 0.0000
vt 0.7866 0.7819 0.0000
vt 0.2974 0.0669 0.0000
vt 0.2280 0.0669 0.0000
vt 0.2236 0.2840 0.0000
vt 0.2236 0.3535 0.0000
vt 0.2236 0.3651 0.0000
vt 0.1216 0.3535 0.0000
vt 0.1216 0.2840 0.0000
vt 0.1216 0.3651 0.0000
vt 0.7857 0.7702 0.0000
vt 0.7856 0.7008 0.0000
vt 0.7857 0.7819 0.0000
vt 0.1889 0.7688 0.0000
vt 0.1889 0.7028 0.0000
vt 0.1897 0.7011 0.0000
vt 0.1898 0.7706 0.0000
vt 0.0124 0.0191 0.0000
vt 0.0783 0.0191 0.0000
vt 0.0782 0.0077 0.0000
vt 0.0122 0.0077 0.0000
vt 0.2204 0.8916 0.0000
vt 0.2204 0.8257 0.0000
vt 0.4969 0.3793 0.0000
vt 0.4978 0.3793 0.0000
vt 0.4978 0.3802 0.0000
vt 0.4969 0.3803 0.0000
vt 0.0791 0.0182 0.0000
vt 0.0791 0.0085 0.0000
vt 0.4978 0.4605 0.0000
vt 0.4978 0.4596 0.0000
vt 0.4987 0.4605 0.0000
vt 0.2196 0.8933 0.0000
vt 0.2146 0.8983 0.0000
vt 0.1889 0.7697 0.0000
vt 0.0791 0.0191 0.0000
vt 0.0791 0.0077 0.0000
vt 0.0800 0.0077 0.0000
vt 0.0800 0.0085 0.0000
vt 0.2204 0.8925 0.0000
vt 0.0800 0.0182 0.0000
vt 0.4969 0.4605 0.0000
vt 0.4978 0.4614 0.0000
vt 0.4969 0.4614 0.0000
vt 0.2206 0.8933 0.0000
vt 0.2156 0.8983 0.0000
vt 0.1880 0.7697 0.0000
vt 0.0800 0.0191 0.0000
vt 0.2213 0.8925 0.0000
vt 0.4969 0.4596 0.0000
vt 0.0114 0.0086 0.0000
vt 0.0114 0.0183 0.0000
vt 0.5775 0.3793 0.0000
vt 0.4987 0.3793 0.0000
vt 0.2196 0.8239 0.0000
vt 0.2146 0.8189 0.0000
vt 0.1889 0.7020 0.0000
vt 0.0114 0.0191 0.0000
vt 0.0114 0.0077 0.0000
vt 0.2204 0.8247 0.0000
vt 0.4814 0.0084 0.0000
vt 0.4806 0.0084 0.0000
vt 0.4806 0.0076 0.0000
vt 0.4814 0.0076 0.0000
vt 0.2208 0.8239 0.0000
vt 0.2215 0.8247 0.0000
vt 0.4814 0.0190 0.0000
vt 0.4804 0.0190 0.0000
vt 0.4806 0.0181 0.0000
vt 0.4814 0.0181 0.0000
vt 0.4978 0.3785 0.0000
vt 0.4969 0.3784 0.0000
vt 0.4968 0.2996 0.0000
vt 0.4978 0.2996 0.0000
vt 0.2157 0.8189 0.0000
vt 0.1880 0.7020 0.0000
vt 0.5775 0.4605 0.0000
vt 0.4978 0.5403 0.0000
vt 0.4968 0.5403 0.0000
vt 0.5784 0.4595 0.0000
vt 0.5784 0.3804 0.0000
vt 0.2137 0.8190 0.0000
vt 0.2137 0.8982 0.0000
vt 0.2137 0.8992 0.0000
vt 0.2148 0.8992 0.0000
vt 0.5784 0.3793 0.0000
vt 0.2137 0.8180 0.0000
vt 0.4978 0.2987 0.0000
vt 0.4968 0.2987 0.0000
vt 0.2148 0.8180 0.0000
vt 0.5784 0.4605 0.0000
vt 0.4968 0.5411 0.0000
vt 0.4978 0.5411 0.0000
vt 0.3115 0.0612 0.0000
vt 0.3115 0.0642 0.0000
vt 0.8019 0.6872 0.0000
vt 0.7913 0.6869 0.0000
vt 0.1243 0.2654 0.0000
vt 0.1327 0.2654 0.0000
vt 0.2209 0.2700 0.0000
vt 0.2226 0.2700 0.0000
vt 0.1226 0.2700 0.0000
vt 0.7866 0.6867 0.0000
vt 0.7883 0.6867 0.0000
vt 0.3115 0.0659 0.0000
vt 0.3115 0.0669 0.0000
vt 0.1216 0.2700 0.0000
vt 0.2236 0.2700 0.0000
vt 0.7856 0.6867 0.0000
vt 0.7883 0.6821 0.0000
vt 0.7913 0.6821 0.0000
vt 0.1984 0.7011 0.0000
vt 0.1984 0.7706 0.0000
vt 0.3971 0.1009 0.0000
vt 0.4079 0.1009 0.0000
vt 0.1897 0.6892 0.0000
vt 0.1984 0.6892 0.0000
vt 0.1984 0.7801 0.0000
vt 0.1897 0.7801 0.0000
vt 0.2280 0.0606 0.0000
vt 0.2974 0.0606 0.0000
vt 0.2170 0.0606 0.0000
vt 0.2177 0.0606 0.0000
vt 0.3101 0.0606 0.0000
vt 0.4056 0.0854 0.0000
vt 0.3960 0.0854 0.0000
vt 0.3960 0.0847 0.0000
vt 0.4068 0.0847 0.0000
vt 0.1990 0.7011 0.0000
vt 0.1990 0.7706 0.0000
vt 0.3971 0.1003 0.0000
vt 0.4066 0.1003 0.0000
vt 0.1990 0.6886 0.0000
vt 0.1990 0.6892 0.0000
vt 0.1984 0.6886 0.0000
vt 0.1990 0.7807 0.0000
vt 0.1984 0.7807 0.0000
vt 0.1990 0.7801 0.0000
vt 0.1897 0.7807 0.0000
vt 0.2280 0.0599 0.0000
vt 0.2974 0.0599 0.0000
vt 0.2172 0.0599 0.0000
vt 0.2179 0.0599 0.0000
vt 0.3099 0.0599 0.0000
vt 0.4060 0.0861 0.0000
vt 0.4054 0.0861 0.0000
vt 0.4062 0.0854 0.0000
vt 0.1997 0.7011 0.0000
vt 0.1997 0.7706 0.0000
vt 0.3971 0.0996 0.0000
vt 0.4064 0.0996 0.0000
vt 0.1989 0.6872 0.0000
vt 0.1995 0.6872 0.0000
vt 0.1992 0.6879 0.0000
vt 0.1986 0.6879 0.0000
vt 0.2004 0.7011 0.0000
vt 0.1997 0.6890 0.0000
vt 0.2004 0.6888 0.0000
vt 0.2004 0.7804 0.0000
vt 0.2004 0.7811 0.0000
vt 0.1997 0.7809 0.0000
vt 0.1997 0.7803 0.0000
vt 0.1897 0.7821 0.0000
vt 0.1897 0.7814 0.0000
vt 0.1986 0.7814 0.0000
vt 0.1988 0.7821 0.0000
vt 0.3181 0.5411 0.0000
vt 0.3181 0.5403 0.0000
vt 0.1992 0.7814 0.0000
vt 0.4069 0.0989 0.0000
vt 0.4071 0.0996 0.0000
vt 0.4062 0.0989 0.0000
vt 0.4073 0.1003 0.0000
vt 0.2181 0.0592 0.0000
vt 0.2280 0.0592 0.0000
vt 0.1897 0.6886 0.0000
vt 0.1897 0.6879 0.0000
vt 0.4052 0.0868 0.0000
vt 0.3960 0.0868 0.0000
vt 0.3960 0.0861 0.0000
vt 0.1997 0.6884 0.0000
vt 0.3104 0.0592 0.0000
vt 0.3106 0.0599 0.0000
vt 0.3097 0.0592 0.0000
vt 0.3108 0.0606 0.0000
vt 0.2974 0.0592 0.0000
vt 0.2174 0.0592 0.0000
vt 0.4057 0.0868 0.0000
vt 0.2004 0.7706 0.0000
vt 0.3971 0.0989 0.0000
vt 0.1995 0.7821 0.0000
vt 0.1897 0.6872 0.0000
vt 0.2004 0.6882 0.0000
vt 0.3161 0.0612 0.0000
vt 0.3161 0.0642 0.0000
vt 0.8019 0.6821 0.0000
vt 0.2209 0.2654 0.0000
vt 0.2226 0.2654 0.0000
vt 0.7866 0.6821 0.0000
vt 0.3161 0.0659 0.0000
vt 0.3161 0.0668 0.0000
vt 0.2236 0.2654 0.0000
vt 0.7856 0.6821 0.0000
vt 0.1243 0.1843 0.0000
vt 0.1243 0.1703 0.0000
vt 0.1327 0.1703 0.0000
vt 0.1327 0.1843 0.0000
vt 0.2209 0.2538 0.0000
vt 0.1327 0.2538 0.0000
vt 0.2209 0.1843 0.0000
vt 0.3277 0.0642 0.0000
vt 0.3277 0.0612 0.0000
vt 0.3972 0.0612 0.0000
vt 0.3972 0.0642 0.0000
vt 0.8018 0.6019 0.0000
vt 0.8019 0.6705 0.0000
vt 0.7913 0.6705 0.0000
vt 0.7912 0.6013 0.0000
vt 0.0133 0.0366 0.0000
vt 0.0133 0.0269 0.0000
vt 0.0793 0.0270 0.0000
vt 0.0793 0.0367 0.0000
vt 0.1243 0.2538 0.0000
vt 0.7452 0.8234 0.0000
vt 0.7452 0.9025 0.0000
vt 0.6663 0.9027 0.0000
vt 0.6663 0.8232 0.0000
vt 0.2196 0.7318 0.0000
vt 0.2196 0.7990 0.0000
vt 0.2146 0.8040 0.0000
vt 0.2146 0.7266 0.0000
vt 0.3972 0.0659 0.0000
vt 0.3277 0.0659 0.0000
vt 0.2226 0.1843 0.0000
vt 0.2226 0.2538 0.0000
vt 0.1226 0.2538 0.0000
vt 0.1226 0.1843 0.0000
vt 0.1226 0.2654 0.0000
vt 0.7882 0.6010 0.0000
vt 0.7883 0.6705 0.0000
vt 0.7865 0.6705 0.0000
vt 0.7865 0.6010 0.0000
vt 0.3972 0.0668 0.0000
vt 0.3277 0.0668 0.0000
vt 0.2236 0.1843 0.0000
vt 0.2236 0.2538 0.0000
vt 0.1216 0.2538 0.0000
vt 0.1216 0.1843 0.0000
vt 0.1216 0.2654 0.0000
vt 0.7856 0.6705 0.0000
vt 0.7856 0.6010 0.0000
vt 0.1878 0.6634 0.0000
vt 0.1878 0.5974 0.0000
vt 0.1888 0.5957 0.0000
vt 0.1887 0.6651 0.0000
vt 0.0135 0.0375 0.0000
vt 0.0793 0.0376 0.0000
vt 0.0793 0.0262 0.0000
vt 0.0133 0.0260 0.0000
vt 0.2205 0.7983 0.0000
vt 0.2205 0.7324 0.0000
vt 0.6646 0.8224 0.0000
vt 0.6655 0.8224 0.0000
vt 0.6655 0.8232 0.0000
vt 0.6646 0.8233 0.0000
vt 0.0802 0.0367 0.0000
vt 0.0802 0.0270 0.0000
vt 0.6655 0.9035 0.0000
vt 0.6655 0.9027 0.0000
vt 0.6663 0.9035 0.0000
vt 0.2196 0.8000 0.0000
vt 0.2146 0.8050 0.0000
vt 0.1878 0.6643 0.0000
vt 0.0802 0.0376 0.0000
vt 0.0802 0.0262 0.0000
vt 0.0811 0.0262 0.0000
vt 0.0811 0.0270 0.0000
vt 0.2205 0.7992 0.0000
vt 0.0811 0.0367 0.0000
vt 0.6646 0.9035 0.0000
vt 0.6655 0.9044 0.0000
vt 0.6646 0.9044 0.0000
vt 0.2207 0.8000 0.0000
vt 0.2157 0.8050 0.0000
vt 0.1869 0.6643 0.0000
vt 0.0811 0.0376 0.0000
vt 0.2214 0.7992 0.0000
vt 0.6646 0.9027 0.0000
vt 0.0125 0.0269 0.0000
vt 0.0124 0.0366 0.0000
vt 0.7452 0.8224 0.0000
vt 0.6663 0.8224 0.0000
vt 0.2196 0.7306 0.0000
vt 0.2146 0.7256 0.0000
vt 0.1878 0.5965 0.0000
vt 0.0124 0.0375 0.0000
vt 0.0125 0.0260 0.0000
vt 0.2205 0.7314 0.0000
vt 0.4825 0.0270 0.0000
vt 0.4816 0.0270 0.0000
vt 0.4816 0.0261 0.0000
vt 0.4825 0.0261 0.0000
vt 0.2209 0.7306 0.0000
vt 0.2215 0.7314 0.0000
vt 0.4825 0.0375 0.0000
vt 0.4815 0.0375 0.0000
vt 0.4816 0.0366 0.0000
vt 0.4825 0.0366 0.0000
vt 0.6655 0.8215 0.0000
vt 0.6646 0.8215 0.0000
vt 0.6644 0.7426 0.0000
vt 0.6655 0.7426 0.0000
vt 0.2157 0.7256 0.0000
vt 0.1869 0.5965 0.0000
vt 0.7452 0.9035 0.0000
vt 0.6655 0.9833 0.0000
vt 0.6644 0.9833 0.0000
vt 0.7461 0.9025 0.0000
vt 0.7461 0.8234 0.0000
vt 0.2138 0.7257 0.0000
vt 0.2138 0.8049 0.0000
vt 0.2138 0.8059 0.0000
vt 0.2148 0.8059 0.0000
vt 0.7461 0.8224 0.0000
vt 0.2138 0.7247 0.0000
vt 0.6655 0.7418 0.0000
vt 0.6644 0.7418 0.0000
vt 0.2148 0.7247 0.0000
vt 0.7461 0.9035 0.0000
vt 0.6644 0.9842 0.0000
vt 0.6655 0.9842 0.0000
vt 0.4112 0.0612 0.0000
vt 0.4112 0.0642 0.0000
vt 0.8018 0.5874 0.0000
vt 0.7912 0.5871 0.0000
vt 0.2209 0.1703 0.0000
vt 0.2226 0.1703 0.0000
vt 0.1226 0.1703 0.0000
vt 0.7865 0.5870 0.0000
vt 0.7882 0.5870 0.0000
vt 0.4112 0.0659 0.0000
vt 0.4112 0.0668 0.0000
vt 0.1216 0.1703 0.0000
vt 0.2236 0.1703 0.0000
vt 0.7855 0.5870 0.0000
vt 0.7882 0.5808 0.0000
vt 0.7912 0.5808 0.0000
vt 0.1973 0.5957 0.0000
vt 0.1973 0.6651 0.0000
vt 0.3960 0.0801 0.0000
vt 0.4068 0.0801 0.0000
vt 0.1888 0.5838 0.0000
vt 0.1973 0.5838 0.0000
vt 0.1973 0.6746 0.0000
vt 0.1887 0.6746 0.0000
vt 0.3277 0.0606 0.0000
vt 0.3972 0.0606 0.0000
vt 0.3167 0.0606 0.0000
vt 0.3174 0.0606 0.0000
vt 0.4098 0.0606 0.0000
vt 0.5032 0.0113 0.0000
vt 0.5126 0.0113 0.0000
vt 0.5126 0.0119 0.0000
vt 0.5019 0.0119 0.0000
vt 0.1980 0.5957 0.0000
vt 0.1980 0.6651 0.0000
vt 0.3960 0.0795 0.0000
vt 0.4055 0.0795 0.0000
vt 0.1980 0.5831 0.0000
vt 0.1980 0.5838 0.0000
vt 0.1973 0.5831 0.0000
vt 0.1980 0.6752 0.0000
vt 0.1973 0.6752 0.0000
vt 0.1980 0.6746 0.0000
vt 0.1887 0.6752 0.0000
vt 0.3277 0.0599 0.0000
vt 0.3972 0.0599 0.0000
vt 0.3169 0.0599 0.0000
vt 0.3176 0.0599 0.0000
vt 0.4096 0.0599 0.0000
vt 0.5028 0.0106 0.0000
vt 0.5034 0.0106 0.0000
vt 0.5026 0.0113 0.0000
vt 0.1986 0.5957 0.0000
vt 0.1986 0.6651 0.0000
vt 0.3960 0.0788 0.0000
vt 0.4053 0.0788 0.0000
vt 0.1978 0.5818 0.0000
vt 0.1984 0.5818 0.0000
vt 0.1982 0.5824 0.0000
vt 0.1976 0.5824 0.0000
vt 0.1993 0.5957 0.0000
vt 0.1986 0.5836 0.0000
vt 0.1993 0.5834 0.0000
vt 0.1993 0.6750 0.0000
vt 0.1993 0.6757 0.0000
vt 0.1986 0.6755 0.0000
vt 0.1986 0.6748 0.0000
vt 0.1887 0.6766 0.0000
vt 0.1887 0.6759 0.0000
vt 0.1976 0.6759 0.0000
vt 0.1978 0.6766 0.0000
vt 0.1982 0.6759 0.0000
vt 0.4057 0.0781 0.0000
vt 0.4060 0.0788 0.0000
vt 0.4051 0.0781 0.0000
vt 0.4062 0.0795 0.0000
vt 0.3179 0.0592 0.0000
vt 0.3277 0.0592 0.0000
vt 0.1888 0.5831 0.0000
vt 0.1888 0.5825 0.0000
vt 0.5036 0.0099 0.0000
vt 0.5126 0.0099 0.0000
vt 0.5126 0.0106 0.0000
vt 0.1986 0.5829 0.0000
vt 0.4101 0.0592 0.0000
vt 0.4103 0.0599 0.0000
vt 0.4094 0.0592 0.0000
vt 0.4106 0.0606 0.0000
vt 0.3972 0.0592 0.0000
vt 0.3172 0.0592 0.0000
vt 0.5030 0.0099 0.0000
vt 0.1993 0.6651 0.0000
vt 0.3960 0.0781 0.0000
vt 0.1984 0.6766 0.0000
vt 0.1888 0.5818 0.0000
vt 0.1993 0.5827 0.0000
vt 0.8018 0.5808 0.0000
vt 0.2209 0.1641 0.0000
vt 0.2226 0.1641 0.0000
vt 0.2236 0.1641 0.0000
vt 0.7855 0.5808 0.0000
vt 0.7865 0.5808 0.0000
vt 0.4099 0.6132 0.0000
vt 0.4099 0.7014 0.0000
vt 0.3993 0.7014 0.0000
vt 0.3993 0.6132 0.0000
vt 0.4129 0.7098 0.0000
vt 0.4099 0.7098 0.0000
vt 0.4129 0.7014 0.0000
vt 0.4146 0.6132 0.0000
vt 0.4146 0.7014 0.0000
vt 0.4129 0.6132 0.0000
vt 0.4129 0.7115 0.0000
vt 0.4099 0.7115 0.0000
vt 0.3993 0.6114 0.0000
vt 0.4099 0.6114 0.0000
vt 0.4146 0.7098 0.0000
vt 0.4174 0.0642 0.0000
vt 0.4174 0.0612 0.0000
vt 0.4191 0.0612 0.0000
vt 0.4191 0.0642 0.0000
vt 0.1327 0.1641 0.0000
vt 0.1327 0.1623 0.0000
vt 0.2209 0.1623 0.0000
vt 0.1243 0.1641 0.0000
vt 0.1243 0.1623 0.0000
vt 0.7912 0.5791 0.0000
vt 0.8018 0.5791 0.0000
vt 0.1226 0.1641 0.0000
vt 0.1226 0.1624 0.0000
vt 0.4191 0.0659 0.0000
vt 0.4174 0.0659 0.0000
vt 0.4146 0.7115 0.0000
vt 0.2226 0.1624 0.0000
vt 0.4129 0.6114 0.0000
vt 0.4146 0.6115 0.0000
vt 0.7865 0.5791 0.0000
vt 0.7882 0.5791 0.0000
vt 0.4129 0.7125 0.0000
vt 0.4099 0.7124 0.0000
vt 0.4156 0.6132 0.0000
vt 0.4156 0.7014 0.0000
vt 0.4156 0.7098 0.0000
vt 0.3993 0.6105 0.0000
vt 0.4099 0.6105 0.0000
vt 0.4155 0.7116 0.0000
vt 0.1216 0.1640 0.0000
vt 0.1217 0.1623 0.0000
vt 0.4201 0.0642 0.0000
vt 0.4200 0.0659 0.0000
vt 0.7856 0.5790 0.0000
vt 0.2209 0.1614 0.0000
vt 0.2227 0.1614 0.0000
vt 0.4129 0.6105 0.0000
vt 0.4147 0.6105 0.0000
vt 0.4201 0.0612 0.0000
vt 0.4147 0.7124 0.0000
vt 0.1327 0.1614 0.0000
vt 0.1243 0.1614 0.0000
vt 0.1225 0.1614 0.0000
vt 0.4156 0.6114 0.0000
vt 0.4192 0.0668 0.0000
vt 0.4174 0.0668 0.0000
vt 0.7912 0.5781 0.0000
vt 0.8018 0.5781 0.0000
vt 0.7864 0.5782 0.0000
vt 0.7882 0.5781 0.0000
vt 0.2235 0.1623 0.0000
vt 0.1218 0.1616 0.0000
vt 0.4199 0.0666 0.0000
vt 0.4154 0.7122 0.0000
vt 0.7857 0.5783 0.0000
vt 0.2234 0.1616 0.0000
vt 0.4154 0.6107 0.0000
vt 0.5020 0.0181 0.0000
vt 0.5126 0.0181 0.0000
vt 0.2026 0.0847 0.0000
vt 0.1920 0.0847 0.0000
vt 0.1226 0.5682 0.0000
vt 0.0132 0.0669 0.0000
vt 0.2236 0.5682 0.0000
vt 0.1216 0.5682 0.0000
vt 0.7858 0.9850 0.0000
vt 0.3993 0.7098 0.0000
vt 0.3993 0.7115 0.0000
vt 0.5126 0.0199 0.0000
vt 0.5020 0.0199 0.0000
vt 0.3993 0.7124 0.0000
vt 0.5126 0.0208 0.0000
vt 0.5020 0.0208 0.0000
vt 0.1920 0.0854 0.0000
vt 0.2026 0.0854 0.0000
vt 0.1243 0.5689 0.0000
vt 0.1327 0.5689 0.0000
vt 0.2209 0.5689 0.0000
vt 0.7885 0.9856 0.0000
vt 0.7915 0.9856 0.0000
vt 0.1226 0.5689 0.0000
vt 0.0126 0.0642 0.0000
vt 0.0126 0.0659 0.0000
vt 0.2226 0.5689 0.0000
vt 0.7868 0.9856 0.0000
vt 0.0126 0.0669 0.0000
vt 0.2236 0.5689 0.0000
vt 0.1216 0.5689 0.0000
vt 0.7858 0.9856 0.0000
vt 0.0126 0.0612 0.0000
vt 0.8021 0.9856 0.0000
vt 0.9714 0.8865 0.0000
vt 0.9714 0.9010 0.0000
vt 0.0203 0.9904 0.0000
vt 0.0203 0.9809 0.0000
vt 0.7091 0.2297 0.0000
vt 0.7084 0.2306 0.0000
vt 0.1813 0.1176 0.0000
vt 0.1813 0.1185 0.0000
vt 0.9713 0.7817 0.0000
vt 0.9713 0.7868 0.0000
vt 0.0207 0.6886 0.0000
vt 0.0207 0.6879 0.0000
vt 0.2270 0.0847 0.0000
vt 0.2270 0.0801 0.0000
vt 0.0197 0.6746 0.0000
vt 0.0197 0.6651 0.0000
vt 0.9048 0.5556 0.0000
vt 0.9048 0.5565 0.0000
vt 0.0235 0.1062 0.0000
vt 0.0235 0.1055 0.0000
vt 0.0205 0.8760 0.0000
vt 0.0223 0.8752 0.0000
vt 0.3180 0.4614 0.0000
vt 0.4856 0.9035 0.0000
vt 0.4856 0.9027 0.0000
vt 0.4858 0.7426 0.0000
vt 0.4858 0.7418 0.0000
vt 0.4856 0.9044 0.0000
vt 0.2300 0.7014 0.0000
vt 0.2300 0.6132 0.0000
vt 0.9711 0.5789 0.0000
vt 0.9711 0.5807 0.0000
vt 0.6819 0.0181 0.0000
vt 0.6819 0.0199 0.0000
vt 0.2300 0.6114 0.0000
vt 0.3869 0.7989 0.0000
vt 0.3876 0.7998 0.0000
vt 0.2300 0.7115 0.0000
vt 0.2300 0.7098 0.0000
vt 0.9050 0.3956 0.0000
vt 0.9050 0.4750 0.0000
vt 0.7093 0.2992 0.0000
vt 0.7143 0.3042 0.0000
vt 0.2508 0.1185 0.0000
vt 0.2508 0.1176 0.0000
vt 0.9050 0.4759 0.0000
vt 0.9050 0.4768 0.0000
vt 0.7151 0.2238 0.0000
vt 0.7142 0.2247 0.0000
vt 0.0235 0.1009 0.0000
vt 0.3941 0.9105 0.0000
vt 0.3932 0.9114 0.0000
vt 0.3874 0.8237 0.0000
vt 0.3867 0.8245 0.0000
vt 0.3152 0.0190 0.0000
vt 0.3150 0.0181 0.0000
vt 0.2270 0.0861 0.0000
vt 0.2270 0.0854 0.0000
vt 0.0205 0.7947 0.0000
vt 0.0205 0.7940 0.0000
vt 0.3875 0.8932 0.0000
vt 0.3925 0.8981 0.0000
vt 0.4856 0.8233 0.0000
vt 0.4856 0.8224 0.0000
vt 0.4856 0.8215 0.0000
vt 0.6819 0.0119 0.0000
vt 0.7086 0.2983 0.0000
vt 0.7311 0.1340 0.0000
vt 0.7313 0.0551 0.0000
vt 0.3161 0.0366 0.0000
vt 0.3161 0.0270 0.0000
vt 0.0227 0.0847 0.0000
vt 0.0227 0.0811 0.0000
vt 0.3932 0.9908 0.0000
vt 0.3941 0.9917 0.0000
vt 0.9713 0.8699 0.0000
vt 0.9713 0.8815 0.0000
vt 0.3180 0.4605 0.0000
vt 0.3180 0.4596 0.0000
vt 0.9712 0.6870 0.0000
vt 0.9712 0.7015 0.0000
vt 0.2270 0.0868 0.0000
vt 0.6819 0.0113 0.0000
vt 0.3926 0.8048 0.0000
vt 0.3935 0.8057 0.0000
vt 0.2485 0.1375 0.0000
vt 0.2485 0.1384 0.0000
vt 0.3880 0.9164 0.0000
vt 0.3874 0.9172 0.0000
vt 0.3180 0.1489 0.0000
vt 0.3180 0.1481 0.0000
vt 0.0205 0.8862 0.0000
vt 0.0205 0.8855 0.0000
vt 0.0207 0.7807 0.0000
vt 0.0207 0.7801 0.0000
vt 0.3882 0.9858 0.0000
vt 0.9713 0.7701 0.0000
vt 0.2455 0.0182 0.0000
vt 0.2455 0.0191 0.0000
vt 0.3180 0.3793 0.0000
vt 0.3180 0.3784 0.0000
vt 0.3875 0.9850 0.0000
vt 0.7311 0.1349 0.0000
vt 0.2455 0.0085 0.0000
vt 0.0207 0.6872 0.0000
vt 0.0222 0.9123 0.0000
vt 0.0205 0.9114 0.0000
vt 0.0227 0.0805 0.0000
vt 0.0227 0.0798 0.0000
vt 0.2281 0.1062 0.0000
vt 0.2281 0.1055 0.0000
vt 0.0235 0.1003 0.0000
vt 0.0235 0.0996 0.0000
vt 0.3181 0.2996 0.0000
vt 0.3181 0.2987 0.0000
vt 0.0214 0.5965 0.0000
vt 0.0195 0.5957 0.0000
vt 0.9711 0.5873 0.0000
vt 0.9711 0.6018 0.0000
vt 0.2300 0.6105 0.0000
vt 0.3180 0.3803 0.0000
vt 0.2485 0.1481 0.0000
vt 0.2485 0.1489 0.0000
vt 0.3868 0.8923 0.0000
vt 0.0195 0.5825 0.0000
vt 0.0195 0.5818 0.0000
vt 0.9714 0.9848 0.0000
vt 0.9714 0.9855 0.0000
vt 0.0227 0.0791 0.0000
vt 0.0203 0.9924 0.0000
vt 0.7313 0.2958 0.0000
vt 0.7311 0.2169 0.0000
vt 0.2270 0.0788 0.0000
vt 0.2270 0.0781 0.0000
vt 0.2270 0.0795 0.0000
vt 0.0197 0.6766 0.0000
vt 0.0197 0.6759 0.0000
vt 0.6819 0.0099 0.0000
vt 0.6819 0.0106 0.0000
vt 0.9714 0.9812 0.0000
vt 0.1092 0.4837 0.0000
vt 0.1008 0.4837 0.0000
vt 0.1008 0.4696 0.0000
vt 0.1092 0.4696 0.0000
vt 0.0125 0.5531 0.0000
vt 0.0125 0.4837 0.0000
vt 0.1008 0.5531 0.0000
vt 0.0294 0.0472 0.0000
vt 0.0988 0.0472 0.0000
vt 0.0988 0.0502 0.0000
vt 0.0294 0.0502 0.0000
vt 0.9820 0.9003 0.0000
vt 0.9820 0.9696 0.0000
vt 0.9714 0.9696 0.0000
vt 0.0125 0.5648 0.0000
vt 0.1008 0.5648 0.0000
vt 0.0177 0.0472 0.0000
vt 0.0177 0.0502 0.0000
vt 0.9821 0.9812 0.0000
vt 0.1831 0.1185 0.0000
vt 0.2490 0.1185 0.0000
vt 0.2490 0.1282 0.0000
vt 0.1831 0.1282 0.0000
vt 0.1092 0.5531 0.0000
vt 0.1092 0.5684 0.0000
vt 0.1008 0.5684 0.0000
vt 0.1092 0.5648 0.0000
vt 0.9856 0.4749 0.0000
vt 0.9067 0.4750 0.0000
vt 0.9067 0.3956 0.0000
vt 0.9856 0.3958 0.0000
vt 0.7103 0.2309 0.0000
vt 0.7153 0.2258 0.0000
vt 0.7153 0.3031 0.0000
vt 0.7103 0.2981 0.0000
vt 0.0988 0.0455 0.0000
vt 0.0294 0.0455 0.0000
vt 0.0177 0.0455 0.0000
vt 0.0108 0.4837 0.0000
vt 0.0108 0.5531 0.0000
vt 0.0108 0.5648 0.0000
vt 0.1109 0.4837 0.0000
vt 0.1109 0.5531 0.0000
vt 0.1109 0.5648 0.0000
vt 0.9850 0.9001 0.0000
vt 0.9867 0.9001 0.0000
vt 0.9868 0.9696 0.0000
vt 0.9850 0.9696 0.0000
vt 0.9868 0.9812 0.0000
vt 0.9850 0.9812 0.0000
vt 0.0988 0.0445 0.0000
vt 0.0294 0.0445 0.0000
vt 0.0177 0.0445 0.0000
vt 0.0099 0.4837 0.0000
vt 0.0099 0.5531 0.0000
vt 0.0099 0.5648 0.0000
vt 0.1118 0.4837 0.0000
vt 0.1118 0.5531 0.0000
vt 0.1118 0.5648 0.0000
vt 0.9877 0.9001 0.0000
vt 0.9877 0.9696 0.0000
vt 0.9877 0.9812 0.0000
vt 0.0213 0.9791 0.0000
vt 0.0213 0.9131 0.0000
vt 0.1831 0.1176 0.0000
vt 0.2490 0.1176 0.0000
vt 0.2490 0.1290 0.0000
vt 0.1831 0.1290 0.0000
vt 0.7094 0.2974 0.0000
vt 0.7095 0.2316 0.0000
vt 0.9058 0.4750 0.0000
vt 0.9058 0.4759 0.0000
vt 0.2499 0.1185 0.0000
vt 0.2499 0.1282 0.0000
vt 0.9058 0.3947 0.0000
vt 0.9067 0.3947 0.0000
vt 0.9058 0.3956 0.0000
vt 0.7103 0.2992 0.0000
vt 0.7153 0.3042 0.0000
vt 0.0213 0.9800 0.0000
vt 0.2499 0.1176 0.0000
vt 0.2499 0.1290 0.0000
vt 0.2508 0.1282 0.0000
vt 0.2508 0.1290 0.0000
vt 0.7094 0.2983 0.0000
vt 0.9050 0.3947 0.0000
vt 0.9050 0.3939 0.0000
vt 0.9058 0.3939 0.0000
vt 0.0222 0.9800 0.0000
vt 0.1822 0.1282 0.0000
vt 0.1822 0.1185 0.0000
vt 0.9856 0.4759 0.0000
vt 0.9067 0.4759 0.0000
vt 0.7103 0.2297 0.0000
vt 0.7153 0.2247 0.0000
vt 0.0213 0.9123 0.0000
vt 0.1822 0.1176 0.0000
vt 0.1822 0.1290 0.0000
vt 0.7095 0.2306 0.0000
vt 0.1813 0.1290 0.0000
vt 0.1813 0.1282 0.0000
vt 0.9058 0.4768 0.0000
vt 0.9058 0.5556 0.0000
vt 0.9856 0.3947 0.0000
vt 0.9058 0.3150 0.0000
vt 0.9048 0.3150 0.0000
vt 0.9864 0.3958 0.0000
vt 0.9864 0.4749 0.0000
vt 0.7162 0.2249 0.0000
vt 0.7162 0.3040 0.0000
vt 0.7162 0.3050 0.0000
vt 0.7151 0.3050 0.0000
vt 0.9864 0.4759 0.0000
vt 0.7162 0.2238 0.0000
vt 0.9058 0.5565 0.0000
vt 0.9864 0.3947 0.0000
vt 0.9048 0.3141 0.0000
vt 0.9058 0.3141 0.0000
vt 0.1129 0.0472 0.0000
vt 0.1129 0.0502 0.0000
vt 0.9820 0.8862 0.0000
vt 0.0108 0.4696 0.0000
vt 0.0125 0.4696 0.0000
vt 0.1109 0.4696 0.0000
vt 0.9850 0.8861 0.0000
vt 0.9867 0.8861 0.0000
vt 0.1129 0.0445 0.0000
vt 0.1129 0.0455 0.0000
vt 0.1118 0.4696 0.0000
vt 0.0099 0.4696 0.0000
vt 0.9876 0.8861 0.0000
vt 0.0118 0.9809 0.0000
vt 0.0118 0.9114 0.0000
vt 0.9850 0.9848 0.0000
vt 0.9821 0.9848 0.0000
vt 0.0118 0.8996 0.0000
vt 0.0204 0.8996 0.0000
vt 0.0141 0.0502 0.0000
vt 0.0141 0.0472 0.0000
vt 0.0141 0.0455 0.0000
vt 0.0108 0.5684 0.0000
vt 0.0125 0.5684 0.0000
vt 0.9868 0.9848 0.0000
vt 0.0118 0.9904 0.0000
vt 0.0294 0.0508 0.0000
vt 0.0988 0.0508 0.0000
vt 0.0191 0.0508 0.0000
vt 0.0184 0.0508 0.0000
vt 0.1115 0.0508 0.0000
vt 0.0140 0.1062 0.0000
vt 0.0127 0.1055 0.0000
vt 0.0112 0.9114 0.0000
vt 0.0112 0.9809 0.0000
vt 0.0121 0.0811 0.0000
vt 0.0134 0.0805 0.0000
vt 0.0112 0.8989 0.0000
vt 0.0118 0.8989 0.0000
vt 0.0112 0.8995 0.0000
vt 0.0112 0.9910 0.0000
vt 0.0112 0.9904 0.0000
vt 0.0118 0.9910 0.0000
vt 0.0294 0.0515 0.0000
vt 0.0988 0.0515 0.0000
vt 0.0186 0.0515 0.0000
vt 0.0193 0.0515 0.0000
vt 0.1113 0.0515 0.0000
vt 0.0136 0.1069 0.0000
vt 0.0134 0.1062 0.0000
vt 0.0142 0.1069 0.0000
vt 0.0105 0.9114 0.0000
vt 0.0105 0.9809 0.0000
vt 0.0136 0.0798 0.0000
vt 0.0113 0.8975 0.0000
vt 0.0116 0.8982 0.0000
vt 0.0110 0.8982 0.0000
vt 0.0107 0.8975 0.0000
vt 0.0098 0.9114 0.0000
vt 0.0098 0.8992 0.0000
vt 0.0105 0.8993 0.0000
vt 0.0098 0.9907 0.0000
vt 0.0105 0.9906 0.0000
vt 0.0105 0.9912 0.0000
vt 0.0098 0.9914 0.0000
vt 0.0114 0.9924 0.0000
vt 0.0116 0.9917 0.0000
vt 0.0110 0.9917 0.0000
vt 0.0131 0.0791 0.0000
vt 0.0138 0.0791 0.0000
vt 0.0129 0.0798 0.0000
vt 0.0127 0.0805 0.0000
vt 0.0195 0.0522 0.0000
vt 0.0294 0.0522 0.0000
vt 0.0144 0.1076 0.0000
vt 0.0235 0.1069 0.0000
vt 0.0235 0.1076 0.0000
vt 0.0105 0.8987 0.0000
vt 0.1118 0.0522 0.0000
vt 0.1111 0.0522 0.0000
vt 0.1120 0.0515 0.0000
vt 0.1122 0.0508 0.0000
vt 0.0988 0.0522 0.0000
vt 0.0188 0.0522 0.0000
vt 0.0138 0.1076 0.0000
vt 0.0098 0.9809 0.0000
vt 0.0107 0.9924 0.0000
vt 0.0204 0.8975 0.0000
vt 0.0098 0.8985 0.0000
vt 0.1175 0.0472 0.0000
vt 0.1175 0.0502 0.0000
vt 0.9820 0.8814 0.0000
vt 0.0108 0.4650 0.0000
vt 0.0125 0.4650 0.0000
vt 0.1175 0.0445 0.0000
vt 0.1175 0.0455 0.0000
vt 0.1092 0.3839 0.0000
vt 0.1008 0.3839 0.0000
vt 0.1008 0.3699 0.0000
vt 0.1092 0.3699 0.0000
vt 0.0125 0.4534 0.0000
vt 0.0125 0.3839 0.0000
vt 0.1008 0.4534 0.0000
vt 0.1291 0.0472 0.0000
vt 0.1986 0.0472 0.0000
vt 0.1986 0.0502 0.0000
vt 0.1291 0.0502 0.0000
vt 0.9713 0.8012 0.0000
vt 0.9819 0.8006 0.0000
vt 0.9820 0.8698 0.0000
vt 0.1008 0.4650 0.0000
vt 0.3162 0.1481 0.0000
vt 0.2503 0.1481 0.0000
vt 0.2503 0.1384 0.0000
vt 0.3162 0.1384 0.0000
vt 0.1092 0.4534 0.0000
vt 0.1092 0.4650 0.0000
vt 0.6505 0.1359 0.0000
vt 0.7294 0.1357 0.0000
vt 0.7294 0.2152 0.0000
vt 0.6505 0.2150 0.0000
vt 0.3892 0.9176 0.0000
vt 0.3942 0.9124 0.0000
vt 0.3942 0.9898 0.0000
vt 0.3892 0.9848 0.0000
vt 0.1986 0.0455 0.0000
vt 0.1291 0.0455 0.0000
vt 0.0108 0.3839 0.0000
vt 0.0108 0.4534 0.0000
vt 0.1109 0.3839 0.0000
vt 0.1109 0.4534 0.0000
vt 0.1109 0.4650 0.0000
vt 0.9849 0.8004 0.0000
vt 0.9866 0.8004 0.0000
vt 0.9867 0.8698 0.0000
vt 0.9850 0.8698 0.0000
vt 0.9867 0.8814 0.0000
vt 0.9850 0.8814 0.0000
vt 0.1986 0.0445 0.0000
vt 0.1291 0.0445 0.0000
vt 0.0099 0.3839 0.0000
vt 0.0099 0.4534 0.0000
vt 0.0099 0.4650 0.0000
vt 0.1118 0.3839 0.0000
vt 0.1118 0.4534 0.0000
vt 0.1118 0.4650 0.0000
vt 0.9876 0.8004 0.0000
vt 0.9876 0.8698 0.0000
vt 0.9876 0.8814 0.0000
vt 0.0214 0.8743 0.0000
vt 0.0205 0.8066 0.0000
vt 0.0214 0.8083 0.0000
vt 0.3162 0.1489 0.0000
vt 0.2503 0.1489 0.0000
vt 0.2503 0.1375 0.0000
vt 0.3162 0.1375 0.0000
vt 0.3884 0.9841 0.0000
vt 0.3884 0.9182 0.0000
vt 0.7311 0.1358 0.0000
vt 0.7302 0.1357 0.0000
vt 0.7302 0.1349 0.0000
vt 0.2494 0.1481 0.0000
vt 0.2494 0.1384 0.0000
vt 0.7302 0.2160 0.0000
vt 0.7294 0.2160 0.0000
vt 0.7302 0.2152 0.0000
vt 0.3892 0.9858 0.0000
vt 0.3942 0.9908 0.0000
vt 0.0214 0.8752 0.0000
vt 0.2494 0.1489 0.0000
vt 0.2494 0.1375 0.0000
vt 0.3884 0.9850 0.0000
vt 0.7311 0.2160 0.0000
vt 0.7302 0.2169 0.0000
vt 0.7311 0.2152 0.0000
vt 0.3171 0.1384 0.0000
vt 0.3171 0.1481 0.0000
vt 0.6505 0.1349 0.0000
vt 0.7294 0.1349 0.0000
vt 0.3892 0.9164 0.0000
vt 0.3942 0.9114 0.0000
vt 0.0214 0.8074 0.0000
vt 0.3171 0.1489 0.0000
vt 0.3171 0.1375 0.0000
vt 0.3884 0.9172 0.0000
vt 0.3180 0.1375 0.0000
vt 0.3180 0.1384 0.0000
vt 0.7302 0.1340 0.0000
vt 0.7302 0.0551 0.0000
vt 0.0223 0.8074 0.0000
vt 0.6505 0.2160 0.0000
vt 0.7302 0.2958 0.0000
vt 0.6496 0.2150 0.0000
vt 0.6496 0.1359 0.0000
vt 0.3951 0.9115 0.0000
vt 0.3951 0.9907 0.0000
vt 0.3951 0.9917 0.0000
vt 0.6496 0.1349 0.0000
vt 0.3951 0.9105 0.0000
vt 0.7302 0.0543 0.0000
vt 0.7313 0.0543 0.0000
vt 0.6496 0.2160 0.0000
vt 0.7313 0.2966 0.0000
vt 0.7302 0.2966 0.0000
vt 0.2126 0.0472 0.0000
vt 0.2126 0.0502 0.0000
vt 0.9819 0.7865 0.0000
vt 0.1092 0.3653 0.0000
vt 0.1008 0.3653 0.0000
vt 0.0108 0.3699 0.0000
vt 0.0125 0.3699 0.0000
vt 0.1109 0.3699 0.0000
vt 0.9849 0.7863 0.0000
vt 0.9866 0.7863 0.0000
vt 0.2126 0.0445 0.0000
vt 0.2126 0.0455 0.0000
vt 0.1118 0.3699 0.0000
vt 0.0099 0.3699 0.0000
vt 0.9876 0.7863 0.0000
vt 0.9819 0.7817 0.0000
vt 0.9849 0.7817 0.0000
vt 0.0119 0.8760 0.0000
vt 0.0119 0.8066 0.0000
vt 0.0127 0.1009 0.0000
vt 0.0119 0.7947 0.0000
vt 0.0119 0.8855 0.0000
vt 0.1291 0.0508 0.0000
vt 0.1986 0.0508 0.0000
vt 0.1188 0.0508 0.0000
vt 0.1181 0.0508 0.0000
vt 0.2112 0.0508 0.0000
vt 0.2186 0.1062 0.0000
vt 0.2173 0.1056 0.0000
vt 0.0113 0.8066 0.0000
vt 0.0113 0.8760 0.0000
vt 0.0141 0.1003 0.0000
vt 0.0113 0.7940 0.0000
vt 0.0119 0.7940 0.0000
vt 0.0113 0.7947 0.0000
vt 0.0113 0.8862 0.0000
vt 0.0113 0.8855 0.0000
vt 0.0119 0.8862 0.0000
vt 0.1291 0.0515 0.0000
vt 0.1986 0.0515 0.0000
vt 0.1183 0.0515 0.0000
vt 0.1190 0.0515 0.0000
vt 0.2110 0.0515 0.0000
vt 0.2182 0.1069 0.0000
vt 0.2180 0.1062 0.0000
vt 0.2188 0.1069 0.0000
vt 0.0106 0.8066 0.0000
vt 0.0106 0.8760 0.0000
vt 0.0143 0.0996 0.0000
vt 0.0114 0.7927 0.0000
vt 0.0117 0.7934 0.0000
vt 0.0110 0.7934 0.0000
vt 0.0108 0.7927 0.0000
vt 0.0099 0.8066 0.0000
vt 0.0099 0.7943 0.0000
vt 0.0106 0.7945 0.0000
vt 0.0099 0.8859 0.0000
vt 0.0106 0.8857 0.0000
vt 0.0106 0.8864 0.0000
vt 0.0099 0.8866 0.0000
vt 0.0205 0.8875 0.0000
vt 0.0115 0.8875 0.0000
vt 0.0117 0.8868 0.0000
vt 0.0205 0.8868 0.0000
vt 0.0110 0.8868 0.0000
vt 0.0138 0.0989 0.0000
vt 0.0144 0.0989 0.0000
vt 0.0136 0.0996 0.0000
vt 0.0134 0.1003 0.0000
vt 0.1193 0.0522 0.0000
vt 0.1291 0.0522 0.0000
vt 0.0205 0.7934 0.0000
vt 0.2190 0.1076 0.0000
vt 0.2281 0.1069 0.0000
vt 0.2281 0.1076 0.0000
vt 0.0106 0.7938 0.0000
vt 0.2115 0.0522 0.0000
vt 0.2108 0.0522 0.0000
vt 0.2117 0.0515 0.0000
vt 0.2120 0.0508 0.0000
vt 0.1986 0.0522 0.0000
vt 0.1185 0.0522 0.0000
vt 0.2184 0.1076 0.0000
vt 0.0099 0.8760 0.0000
vt 0.0235 0.0989 0.0000
vt 0.0108 0.8875 0.0000
vt 0.0205 0.7927 0.0000
vt 0.0099 0.7936 0.0000
vt 0.2172 0.0472 0.0000
vt 0.2172 0.0502 0.0000
vt 0.1109 0.3653 0.0000
vt 0.2172 0.0445 0.0000
vt 0.2172 0.0455 0.0000
vt 0.0125 0.3653 0.0000
vt 0.1092 0.2842 0.0000
vt 0.1008 0.2842 0.0000
vt 0.1008 0.2702 0.0000
vt 0.1092 0.2702 0.0000
vt 0.0125 0.3537 0.0000
vt 0.0125 0.2842 0.0000
vt 0.1008 0.3537 0.0000
vt 0.2288 0.0472 0.0000
vt 0.2983 0.0472 0.0000
vt 0.2983 0.0502 0.0000
vt 0.2288 0.0502 0.0000
vt 0.9818 0.7009 0.0000
vt 0.9819 0.7701 0.0000
vt 0.3133 0.0181 0.0000
vt 0.2473 0.0182 0.0000
vt 0.2473 0.0085 0.0000
vt 0.3133 0.0084 0.0000
vt 0.1092 0.3537 0.0000
vt 0.2374 0.3804 0.0000
vt 0.3162 0.3802 0.0000
vt 0.3162 0.4596 0.0000
vt 0.2374 0.4595 0.0000
vt 0.3886 0.8249 0.0000
vt 0.3936 0.8197 0.0000
vt 0.3936 0.8971 0.0000
vt 0.3886 0.8921 0.0000
vt 0.2983 0.0455 0.0000
vt 0.2288 0.0455 0.0000
vt 0.0108 0.2842 0.0000
vt 0.0108 0.3537 0.0000
vt 0.0108 0.3653 0.0000
vt 0.1109 0.2842 0.0000
vt 0.1109 0.3537 0.0000
vt 0.9848 0.7006 0.0000
vt 0.9866 0.7006 0.0000
vt 0.9866 0.7701 0.0000
vt 0.9849 0.7701 0.0000
vt 0.9866 0.7817 0.0000
vt 0.2983 0.0445 0.0000
vt 0.2288 0.0445 0.0000
vt 0.0099 0.2842 0.0000
vt 0.0099 0.3537 0.0000
vt 0.0099 0.3653 0.0000
vt 0.1118 0.2842 0.0000
vt 0.1118 0.3537 0.0000
vt 0.1118 0.3653 0.0000
vt 0.9875 0.7006 0.0000
vt 0.9876 0.7701 0.0000
vt 0.9876 0.7817 0.0000
vt 0.0216 0.7688 0.0000
vt 0.0207 0.7706 0.0000
vt 0.0207 0.7011 0.0000
vt 0.0216 0.7028 0.0000
vt 0.3131 0.0190 0.0000
vt 0.2473 0.0191 0.0000
vt 0.2473 0.0077 0.0000
vt 0.3133 0.0076 0.0000
vt 0.3877 0.8914 0.0000
vt 0.3877 0.8256 0.0000
vt 0.3171 0.3802 0.0000
vt 0.3171 0.3793 0.0000
vt 0.2464 0.0182 0.0000
vt 0.2464 0.0085 0.0000
vt 0.3171 0.4605 0.0000
vt 0.3162 0.4605 0.0000
vt 0.3171 0.4596 0.0000
vt 0.3886 0.8932 0.0000
vt 0.3936 0.8981 0.0000
vt 0.0216 0.7697 0.0000
vt 0.2464 0.0191 0.0000
vt 0.2464 0.0077 0.0000
vt 0.2455 0.0077 0.0000
vt 0.3877 0.8923 0.0000
vt 0.3171 0.4614 0.0000
vt 0.0225 0.7697 0.0000
vt 0.3142 0.0084 0.0000
vt 0.3142 0.0181 0.0000
vt 0.2374 0.3793 0.0000
vt 0.3162 0.3793 0.0000
vt 0.3886 0.8237 0.0000
vt 0.3936 0.8187 0.0000
vt 0.0216 0.7020 0.0000
vt 0.3142 0.0190 0.0000
vt 0.3142 0.0076 0.0000
vt 0.3877 0.8245 0.0000
vt 0.3150 0.0076 0.0000
vt 0.3150 0.0084 0.0000
vt 0.3171 0.3785 0.0000
vt 0.3171 0.2996 0.0000
vt 0.3925 0.8187 0.0000
vt 0.0225 0.7020 0.0000
vt 0.2374 0.4605 0.0000
vt 0.3171 0.5403 0.0000
vt 0.2365 0.4595 0.0000
vt 0.2365 0.3804 0.0000
vt 0.3944 0.8189 0.0000
vt 0.3944 0.8980 0.0000
vt 0.3944 0.8990 0.0000
vt 0.3934 0.8990 0.0000
vt 0.2365 0.3793 0.0000
vt 0.3944 0.8178 0.0000
vt 0.3171 0.2987 0.0000
vt 0.3934 0.8178 0.0000
vt 0.2365 0.4605 0.0000
vt 0.3171 0.5411 0.0000
vt 0.3123 0.0472 0.0000
vt 0.3123 0.0502 0.0000
vt 0.9818 0.6867 0.0000
vt 0.1008 0.2655 0.0000
vt 0.1092 0.2655 0.0000
vt 0.0108 0.2702 0.0000
vt 0.0125 0.2702 0.0000
vt 0.1109 0.2702 0.0000
vt 0.9848 0.6866 0.0000
vt 0.9865 0.6866 0.0000
vt 0.3123 0.0445 0.0000
vt 0.3123 0.0455 0.0000
vt 0.1118 0.2702 0.0000
vt 0.0099 0.2702 0.0000
vt 0.9875 0.6866 0.0000
vt 0.9818 0.6820 0.0000
vt 0.9848 0.6820 0.0000
vt 0.0121 0.7706 0.0000
vt 0.0121 0.7011 0.0000
vt 0.2173 0.1009 0.0000
vt 0.2281 0.1009 0.0000
vt 0.0121 0.6892 0.0000
vt 0.0207 0.6892 0.0000
vt 0.0121 0.7801 0.0000
vt 0.2288 0.0508 0.0000
vt 0.2983 0.0508 0.0000
vt 0.2186 0.0508 0.0000
vt 0.2179 0.0508 0.0000
vt 0.3110 0.0508 0.0000
vt 0.2175 0.0854 0.0000
vt 0.2162 0.0847 0.0000
vt 0.0115 0.7011 0.0000
vt 0.0115 0.7706 0.0000
vt 0.2187 0.1003 0.0000
vt 0.2281 0.1003 0.0000
vt 0.0115 0.6886 0.0000
vt 0.0121 0.6886 0.0000
vt 0.0115 0.6892 0.0000
vt 0.0115 0.7807 0.0000
vt 0.0115 0.7801 0.0000
vt 0.0121 0.7807 0.0000
vt 0.2288 0.0515 0.0000
vt 0.2983 0.0515 0.0000
vt 0.2181 0.0515 0.0000
vt 0.2188 0.0515 0.0000
vt 0.3108 0.0515 0.0000
vt 0.2171 0.0861 0.0000
vt 0.2169 0.0854 0.0000
vt 0.2177 0.0861 0.0000
vt 0.0108 0.7011 0.0000
vt 0.0108 0.7706 0.0000
vt 0.2189 0.0996 0.0000
vt 0.2281 0.0996 0.0000
vt 0.0116 0.6872 0.0000
vt 0.0118 0.6879 0.0000
vt 0.0112 0.6879 0.0000
vt 0.0110 0.6872 0.0000
vt 0.0101 0.7011 0.0000
vt 0.0101 0.6888 0.0000
vt 0.0108 0.6890 0.0000
vt 0.0101 0.7804 0.0000
vt 0.0108 0.7803 0.0000
vt 0.0108 0.7809 0.0000
vt 0.0101 0.7811 0.0000
vt 0.0207 0.7821 0.0000
vt 0.0116 0.7821 0.0000
vt 0.0119 0.7814 0.0000
vt 0.0207 0.7814 0.0000
vt 0.0112 0.7814 0.0000
vt 0.2184 0.0989 0.0000
vt 0.2190 0.0989 0.0000
vt 0.2182 0.0996 0.0000
vt 0.2180 0.1003 0.0000
vt 0.2190 0.0522 0.0000
vt 0.2288 0.0522 0.0000
vt 0.2179 0.0868 0.0000
vt 0.0108 0.6884 0.0000
vt 0.3113 0.0522 0.0000
vt 0.3106 0.0522 0.0000
vt 0.3115 0.0515 0.0000
vt 0.3117 0.0508 0.0000
vt 0.2983 0.0522 0.0000
vt 0.2183 0.0522 0.0000
vt 0.2173 0.0868 0.0000
vt 0.0101 0.7706 0.0000
vt 0.2281 0.0989 0.0000
vt 0.0110 0.7821 0.0000
vt 0.0101 0.6882 0.0000
vt 0.3170 0.0472 0.0000
vt 0.3170 0.0502 0.0000
vt 0.9712 0.6820 0.0000
vt 0.0108 0.2655 0.0000
vt 0.0125 0.2655 0.0000
vt 0.9865 0.6820 0.0000
vt 0.3170 0.0445 0.0000
vt 0.3170 0.0455 0.0000
vt 0.0099 0.2655 0.0000
vt 0.9875 0.6820 0.0000
vt 0.1092 0.1844 0.0000
vt 0.1008 0.1844 0.0000
vt 0.1008 0.1704 0.0000
vt 0.1092 0.1704 0.0000
vt 0.0125 0.2539 0.0000
vt 0.0125 0.1844 0.0000
vt 0.1008 0.2539 0.0000
vt 0.3286 0.0472 0.0000
vt 0.3981 0.0472 0.0000
vt 0.3981 0.0502 0.0000
vt 0.3286 0.0502 0.0000
vt 0.9818 0.6011 0.0000
vt 0.9818 0.6704 0.0000
vt 0.9712 0.6704 0.0000
vt 0.3144 0.0366 0.0000
vt 0.2483 0.0367 0.0000
vt 0.2483 0.0270 0.0000
vt 0.3143 0.0270 0.0000
vt 0.1092 0.2539 0.0000
vt 0.4050 0.8234 0.0000
vt 0.4839 0.8232 0.0000
vt 0.4839 0.9027 0.0000
vt 0.4050 0.9025 0.0000
vt 0.3886 0.7316 0.0000
vt 0.3936 0.7264 0.0000
vt 0.3936 0.8038 0.0000
vt 0.3886 0.7987 0.0000
vt 0.3981 0.0455 0.0000
vt 0.3286 0.0455 0.0000
vt 0.0108 0.1844 0.0000
vt 0.0108 0.2539 0.0000
vt 0.1109 0.1844 0.0000
vt 0.1109 0.2539 0.0000
vt 0.1109 0.2655 0.0000
vt 0.9848 0.6009 0.0000
vt 0.9865 0.6009 0.0000
vt 0.9865 0.6704 0.0000
vt 0.9848 0.6704 0.0000
vt 0.3981 0.0445 0.0000
vt 0.3286 0.0445 0.0000
vt 0.0099 0.1844 0.0000
vt 0.0099 0.2539 0.0000
vt 0.1118 0.1844 0.0000
vt 0.1118 0.2539 0.0000
vt 0.1118 0.2655 0.0000
vt 0.9874 0.6009 0.0000
vt 0.9875 0.6704 0.0000
vt 0.0205 0.6634 0.0000
vt 0.0205 0.5974 0.0000
vt 0.3142 0.0375 0.0000
vt 0.2483 0.0376 0.0000
vt 0.2484 0.0262 0.0000
vt 0.3144 0.0261 0.0000
vt 0.3878 0.7981 0.0000
vt 0.3878 0.7322 0.0000
vt 0.4848 0.8232 0.0000
vt 0.4848 0.8224 0.0000
vt 0.2475 0.0367 0.0000
vt 0.2475 0.0270 0.0000
vt 0.4848 0.9035 0.0000
vt 0.4839 0.9035 0.0000
vt 0.4848 0.9027 0.0000
vt 0.3886 0.7998 0.0000
vt 0.3936 0.8048 0.0000
vt 0.0205 0.6643 0.0000
vt 0.2475 0.0376 0.0000
vt 0.2475 0.0262 0.0000
vt 0.2466 0.0270 0.0000
vt 0.2466 0.0262 0.0000
vt 0.3878 0.7989 0.0000
vt 0.2466 0.0367 0.0000
vt 0.4848 0.9044 0.0000
vt 0.0214 0.6643 0.0000
vt 0.2466 0.0376 0.0000
vt 0.3152 0.0270 0.0000
vt 0.3152 0.0366 0.0000
vt 0.4050 0.8224 0.0000
vt 0.4839 0.8224 0.0000
vt 0.3886 0.7303 0.0000
vt 0.3936 0.7253 0.0000
vt 0.0205 0.5965 0.0000
vt 0.3152 0.0375 0.0000
vt 0.3152 0.0261 0.0000
vt 0.3878 0.7312 0.0000
vt 0.3161 0.0261 0.0000
vt 0.3867 0.7312 0.0000
vt 0.3874 0.7303 0.0000
vt 0.3162 0.0375 0.0000
vt 0.4848 0.8215 0.0000
vt 0.4848 0.7426 0.0000
vt 0.3926 0.7253 0.0000
vt 0.4050 0.9035 0.0000
vt 0.4848 0.9833 0.0000
vt 0.4858 0.9833 0.0000
vt 0.4042 0.9025 0.0000
vt 0.4042 0.8234 0.0000
vt 0.3945 0.7255 0.0000
vt 0.3945 0.8046 0.0000
vt 0.3945 0.8057 0.0000
vt 0.4042 0.8224 0.0000
vt 0.3945 0.7245 0.0000
vt 0.4848 0.7418 0.0000
vt 0.3934 0.7245 0.0000
vt 0.4042 0.9035 0.0000
vt 0.4858 0.9842 0.0000
vt 0.4848 0.9842 0.0000
vt 0.4121 0.0472 0.0000
vt 0.4121 0.0502 0.0000
vt 0.9818 0.5870 0.0000
vt 0.0108 0.1704 0.0000
vt 0.0125 0.1704 0.0000
vt 0.1109 0.1704 0.0000
vt 0.9847 0.5869 0.0000
vt 0.9865 0.5869 0.0000
vt 0.4121 0.0445 0.0000
vt 0.4121 0.0455 0.0000
vt 0.1118 0.1704 0.0000
vt 0.0099 0.1704 0.0000
vt 0.9874 0.5869 0.0000
vt 0.9817 0.5806 0.0000
vt 0.9847 0.5807 0.0000
vt 0.0110 0.6651 0.0000
vt 0.0110 0.5957 0.0000
vt 0.2162 0.0801 0.0000
vt 0.0110 0.5838 0.0000
vt 0.0195 0.5838 0.0000
vt 0.0110 0.6746 0.0000
vt 0.3286 0.0508 0.0000
vt 0.3981 0.0508 0.0000
vt 0.3183 0.0508 0.0000
vt 0.3176 0.0508 0.0000
vt 0.4107 0.0508 0.0000
vt 0.6913 0.0113 0.0000
vt 0.6925 0.0119 0.0000
vt 0.0104 0.5957 0.0000
vt 0.0104 0.6651 0.0000
vt 0.2176 0.0795 0.0000
vt 0.0104 0.5831 0.0000
vt 0.0110 0.5831 0.0000
vt 0.0104 0.5838 0.0000
vt 0.0104 0.6752 0.0000
vt 0.0104 0.6746 0.0000
vt 0.0110 0.6752 0.0000
vt 0.0197 0.6752 0.0000
vt 0.3286 0.0515 0.0000
vt 0.3981 0.0515 0.0000
vt 0.3178 0.0515 0.0000
vt 0.3185 0.0515 0.0000
vt 0.4105 0.0515 0.0000
vt 0.6917 0.0106 0.0000
vt 0.6919 0.0113 0.0000
vt 0.6911 0.0106 0.0000
vt 0.0097 0.5957 0.0000
vt 0.0097 0.6651 0.0000
vt 0.2177 0.0788 0.0000
vt 0.0105 0.5818 0.0000
vt 0.0108 0.5824 0.0000
vt 0.0102 0.5824 0.0000
vt 0.0100 0.5818 0.0000
vt 0.0090 0.5957 0.0000
vt 0.0090 0.5834 0.0000
vt 0.0097 0.5836 0.0000
vt 0.0090 0.6750 0.0000
vt 0.0097 0.6748 0.0000
vt 0.0097 0.6755 0.0000
vt 0.0090 0.6757 0.0000
vt 0.0106 0.6766 0.0000
vt 0.0108 0.6759 0.0000
vt 0.0102 0.6759 0.0000
vt 0.2173 0.0781 0.0000
vt 0.2179 0.0781 0.0000
vt 0.2171 0.0788 0.0000
vt 0.2169 0.0795 0.0000
vt 0.3187 0.0522 0.0000
vt 0.3286 0.0522 0.0000
vt 0.0195 0.5831 0.0000
vt 0.6909 0.0099 0.0000
vt 0.0097 0.5829 0.0000
vt 0.4110 0.0522 0.0000
vt 0.4103 0.0522 0.0000
vt 0.4112 0.0515 0.0000
vt 0.4114 0.0508 0.0000
vt 0.3981 0.0522 0.0000
vt 0.3180 0.0522 0.0000
vt 0.6915 0.0099 0.0000
vt 0.0090 0.6651 0.0000
vt 0.0100 0.6766 0.0000
vt 0.0090 0.5827 0.0000
vt 0.0108 0.1642 0.0000
vt 0.0125 0.1642 0.0000
vt 0.0099 0.1642 0.0000
vt 0.9865 0.5806 0.0000
vt 0.9874 0.5806 0.0000
vt 0.2194 0.6132 0.0000
vt 0.2194 0.7014 0.0000
vt 0.2164 0.7098 0.0000
vt 0.2164 0.7014 0.0000
vt 0.2194 0.7098 0.0000
vt 0.2147 0.6132 0.0000
vt 0.2164 0.6132 0.0000
vt 0.2147 0.7014 0.0000
vt 0.2164 0.7115 0.0000
vt 0.2194 0.7115 0.0000
vt 0.2194 0.6114 0.0000
vt 0.2147 0.7098 0.0000
vt 0.4183 0.0472 0.0000
vt 0.4200 0.0472 0.0000
vt 0.4200 0.0502 0.0000
vt 0.4183 0.0502 0.0000
vt 0.0125 0.1625 0.0000
vt 0.1008 0.1625 0.0000
vt 0.1008 0.1642 0.0000
vt 0.1092 0.1625 0.0000
vt 0.1092 0.1642 0.0000
vt 0.9818 0.5789 0.0000
vt 0.1109 0.1625 0.0000
vt 0.1109 0.1642 0.0000
vt 0.4183 0.0455 0.0000
vt 0.4200 0.0455 0.0000
vt 0.2147 0.7115 0.0000
vt 0.0108 0.1625 0.0000
vt 0.2147 0.6115 0.0000
vt 0.2164 0.6114 0.0000
vt 0.9847 0.5789 0.0000
vt 0.9864 0.5789 0.0000
vt 0.2164 0.7125 0.0000
vt 0.2194 0.7124 0.0000
vt 0.2137 0.6131 0.0000
vt 0.2137 0.7014 0.0000
vt 0.2137 0.7098 0.0000
vt 0.2194 0.6105 0.0000
vt 0.2138 0.7116 0.0000
vt 0.1118 0.1642 0.0000
vt 0.1118 0.1624 0.0000
vt 0.4210 0.0472 0.0000
vt 0.4209 0.0454 0.0000
vt 0.9874 0.5789 0.0000
vt 0.0125 0.1615 0.0000
vt 0.0108 0.1616 0.0000
vt 0.2164 0.6105 0.0000
vt 0.2146 0.6105 0.0000
vt 0.4210 0.0502 0.0000
vt 0.2146 0.7124 0.0000
vt 0.1008 0.1615 0.0000
vt 0.1092 0.1615 0.0000
vt 0.1109 0.1616 0.0000
vt 0.2138 0.6114 0.0000
vt 0.4183 0.0445 0.0000
vt 0.4201 0.0446 0.0000
vt 0.9711 0.5780 0.0000
vt 0.9818 0.5780 0.0000
vt 0.9848 0.5780 0.0000
vt 0.9865 0.5780 0.0000
vt 0.0099 0.1624 0.0000
vt 0.1116 0.1617 0.0000
vt 0.4208 0.0447 0.0000
vt 0.2139 0.7122 0.0000
vt 0.9872 0.5782 0.0000
vt 0.0101 0.1617 0.0000
vt 0.2139 0.6107 0.0000
vt 0.6925 0.0181 0.0000
vt 0.0121 0.0847 0.0000
vt 0.1109 0.5684 0.0000
vt 0.0141 0.0445 0.0000
vt 0.0099 0.5684 0.0000
vt 0.1118 0.5684 0.0000
vt 0.9877 0.9848 0.0000
vt 0.6925 0.0199 0.0000
vt 0.2300 0.7124 0.0000
vt 0.6925 0.0208 0.0000
vt 0.6819 0.0208 0.0000
vt 0.0227 0.0854 0.0000
vt 0.0121 0.0854 0.0000
vt 0.1092 0.5690 0.0000
vt 0.1008 0.5690 0.0000
vt 0.0125 0.5690 0.0000
vt 0.9850 0.9855 0.0000
vt 0.9821 0.9855 0.0000
vt 0.1109 0.5690 0.0000
vt 0.0135 0.0472 0.0000
vt 0.0135 0.0455 0.0000
vt 0.0108 0.5690 0.0000
vt 0.9868 0.9855 0.0000
vt 0.0135 0.0445 0.0000
vt 0.0099 0.5690 0.0000
vt 0.1118 0.5690 0.0000
vt 0.9877 0.9855 0.0000
vt 0.0135 0.0502 0.0000
vt 0.4488 0.1641 0.0000
vt 0.4488 0.1738 0.0000
vt 0.4369 0.1738 0.0000
vt 0.4369 0.1641 0.0000
vt 0.4540 0.1641 0.0000
vt 0.4540 0.1738 0.0000
vt 0.4521 0.1738 0.0000
vt 0.4521 0.1641 0.0000
vt 0.4369 0.1621 0.0000
vt 0.4488 0.1621 0.0000
vt 0.4540 0.2743 0.0000
vt 0.4521 0.2744 0.0000
vt 0.4521 0.1621 0.0000
vt 0.4539 0.1622 0.0000
vt 0.4370 0.1609 0.0000
vt 0.4488 0.1609 0.0000
vt 0.4551 0.1640 0.0000
vt 0.4551 0.1738 0.0000
vt 0.4549 0.1621 0.0000
vt 0.4561 0.1618 0.0000
vt 0.4564 0.1639 0.0000
vt 0.4521 0.1609 0.0000
vt 0.4541 0.1611 0.0000
vt 0.4370 0.1596 0.0000
vt 0.4488 0.1596 0.0000
vt 0.4523 0.1597 0.0000
vt 0.4544 0.1599 0.0000
vt 0.4564 0.1738 0.0000
vt 0.4548 0.1613 0.0000
vt 0.4554 0.1607 0.0000
vt 0.5792 0.0622 0.0000
vt 0.5703 0.0623 0.0000
vt 0.5725 0.0573 0.0000
vt 0.5810 0.0571 0.0000
vt 0.5683 0.0624 0.0000
vt 0.5708 0.0573 0.0000
vt 0.5674 0.0621 0.0000
vt 0.5699 0.0569 0.0000
vt 0.6368 0.0830 0.0000
vt 0.6405 0.0874 0.0000
vt 0.6392 0.0875 0.0000
vt 0.6359 0.0833 0.0000
vt 0.6371 0.0875 0.0000
vt 0.6342 0.0834 0.0000
vt 0.6340 0.0875 0.0000
vt 0.6312 0.0834 0.0000
vt 0.6230 0.0875 0.0000
vt 0.6205 0.0834 0.0000
vt 0.5760 0.0733 0.0000
vt 0.5664 0.0734 0.0000
vt 0.5674 0.0704 0.0000
vt 0.5768 0.0703 0.0000
vt 0.5644 0.0734 0.0000
vt 0.5655 0.0703 0.0000
vt 0.5633 0.0731 0.0000
vt 0.5645 0.0699 0.0000
vt 0.6446 0.0948 0.0000
vt 0.6461 0.0978 0.0000
vt 0.6450 0.0981 0.0000
vt 0.6437 0.0953 0.0000
vt 0.6431 0.0982 0.0000
vt 0.6419 0.0954 0.0000
vt 0.6398 0.0982 0.0000
vt 0.6386 0.0954 0.0000
vt 0.6280 0.0982 0.0000
vt 0.6270 0.0954 0.0000
vt 0.5781 0.0662 0.0000
vt 0.5689 0.0664 0.0000
vt 0.5698 0.0634 0.0000
vt 0.5788 0.0633 0.0000
vt 0.5674 0.0664 0.0000
vt 0.5680 0.0635 0.0000
vt 0.5666 0.0662 0.0000
vt 0.5670 0.0633 0.0000
vt 0.6411 0.0885 0.0000
vt 0.6419 0.0913 0.0000
vt 0.6412 0.0914 0.0000
vt 0.6399 0.0886 0.0000
vt 0.6397 0.0914 0.0000
vt 0.6379 0.0886 0.0000
vt 0.6365 0.0914 0.0000
vt 0.6347 0.0886 0.0000
vt 0.6251 0.0914 0.0000
vt 0.6236 0.0886 0.0000
vt 0.5771 0.0692 0.0000
vt 0.5778 0.0673 0.0000
vt 0.6739 0.0675 0.0000
vt 0.6747 0.0694 0.0000
vt 0.5685 0.0675 0.0000
vt 0.5677 0.0694 0.0000
vt 0.5670 0.0676 0.0000
vt 0.5659 0.0694 0.0000
vt 0.5663 0.0672 0.0000
vt 0.5650 0.0690 0.0000
vt 0.6431 0.0944 0.0000
vt 0.6418 0.0925 0.0000
vt 0.6425 0.0923 0.0000
vt 0.6440 0.0939 0.0000
vt 0.6414 0.0943 0.0000
vt 0.6403 0.0924 0.0000
vt 0.6381 0.0943 0.0000
vt 0.6371 0.0924 0.0000
vt 0.6266 0.0943 0.0000
vt 0.6256 0.0924 0.0000
vt 0.5700 0.0629 0.0000
vt 0.5790 0.0627 0.0000
vt 0.5681 0.0629 0.0000
vt 0.5672 0.0627 0.0000
vt 0.6396 0.0880 0.0000
vt 0.6409 0.0879 0.0000
vt 0.6375 0.0880 0.0000
vt 0.6344 0.0880 0.0000
vt 0.6233 0.0880 0.0000
vt 0.5770 0.0697 0.0000
vt 0.5676 0.0698 0.0000
vt 0.5657 0.0698 0.0000
vt 0.5647 0.0694 0.0000
vt 0.6443 0.0943 0.0000
vt 0.6434 0.0948 0.0000
vt 0.6416 0.0948 0.0000
vt 0.6384 0.0948 0.0000
vt 0.6268 0.0948 0.0000
vt 0.5687 0.0671 0.0000
vt 0.5779 0.0669 0.0000
vt 0.5673 0.0671 0.0000
vt 0.5665 0.0668 0.0000
vt 0.6415 0.0920 0.0000
vt 0.6421 0.0919 0.0000
vt 0.6401 0.0920 0.0000
vt 0.6369 0.0920 0.0000
vt 0.6254 0.0920 0.0000
vt 0.5758 0.0739 0.0000
vt 0.5661 0.0740 0.0000
vt 0.5641 0.0740 0.0000
vt 0.5631 0.0737 0.0000
vt 0.6464 0.0985 0.0000
vt 0.6453 0.0987 0.0000
vt 0.6434 0.0988 0.0000
vt 0.6401 0.0988 0.0000
vt 0.6282 0.0988 0.0000
vt 0.5812 0.0563 0.0000
vt 0.6694 0.0566 0.0000
vt 0.6698 0.0574 0.0000
vt 0.5729 0.0565 0.0000
vt 0.5711 0.0565 0.0000
vt 0.5703 0.0561 0.0000
vt 0.6363 0.0823 0.0000
vt 0.6354 0.0827 0.0000
vt 0.6337 0.0826 0.0000
vt 0.6307 0.0826 0.0000
vt 0.6200 0.0826 0.0000
vt 0.2512 0.1609 0.0000
vt 0.2511 0.1596 0.0000
vt 0.4472 0.0886 0.0000
vt 0.4475 0.0880 0.0000
vt 0.2512 0.1621 0.0000
vt 0.4437 0.0954 0.0000
vt 0.4440 0.0948 0.0000
vt 0.2393 0.1641 0.0000
vt 0.2512 0.1641 0.0000
vt 0.2512 0.1738 0.0000
vt 0.2393 0.1738 0.0000
vt 0.2341 0.1641 0.0000
vt 0.2360 0.1641 0.0000
vt 0.2360 0.1738 0.0000
vt 0.2341 0.1738 0.0000
vt 0.2393 0.1621 0.0000
vt 0.2342 0.1622 0.0000
vt 0.2360 0.1621 0.0000
vt 0.2393 0.1609 0.0000
vt 0.2330 0.1640 0.0000
vt 0.2330 0.1738 0.0000
vt 0.2341 0.2743 0.0000
vt 0.2330 0.2744 0.0000
vt 0.2317 0.1639 0.0000
vt 0.2320 0.1618 0.0000
vt 0.2332 0.1621 0.0000
vt 0.2360 0.1609 0.0000
vt 0.2341 0.1611 0.0000
vt 0.2393 0.1596 0.0000
vt 0.2358 0.1597 0.0000
vt 0.2337 0.1599 0.0000
vt 0.2317 0.1738 0.0000
vt 0.2317 0.2745 0.0000
vt 0.2333 0.1613 0.0000
vt 0.2327 0.1607 0.0000
vt 0.5344 0.0617 0.0000
vt 0.5326 0.0566 0.0000
vt 0.5411 0.0567 0.0000
vt 0.5433 0.0618 0.0000
vt 0.5428 0.0567 0.0000
vt 0.5452 0.0619 0.0000
vt 0.5436 0.0563 0.0000
vt 0.5462 0.0615 0.0000
vt 0.4340 0.0830 0.0000
vt 0.4348 0.0833 0.0000
vt 0.4315 0.0875 0.0000
vt 0.4302 0.0874 0.0000
vt 0.4366 0.0834 0.0000
vt 0.4336 0.0875 0.0000
vt 0.4396 0.0834 0.0000
vt 0.4367 0.0875 0.0000
vt 0.4503 0.0834 0.0000
vt 0.4478 0.0875 0.0000
vt 0.5375 0.0727 0.0000
vt 0.5367 0.0697 0.0000
vt 0.5462 0.0698 0.0000
vt 0.5472 0.0728 0.0000
vt 0.5481 0.0698 0.0000
vt 0.5492 0.0728 0.0000
vt 0.5491 0.0694 0.0000
vt 0.5502 0.0725 0.0000
vt 0.4261 0.0948 0.0000
vt 0.4271 0.0952 0.0000
vt 0.4257 0.0981 0.0000
vt 0.4247 0.0978 0.0000
vt 0.4288 0.0953 0.0000
vt 0.4276 0.0981 0.0000
vt 0.4321 0.0954 0.0000
vt 0.4309 0.0982 0.0000
vt 0.4427 0.0982 0.0000
vt 0.5355 0.0657 0.0000
vt 0.5348 0.0628 0.0000
vt 0.5437 0.0629 0.0000
vt 0.5447 0.0658 0.0000
vt 0.5456 0.0629 0.0000
vt 0.5461 0.0659 0.0000
vt 0.5466 0.0628 0.0000
vt 0.5470 0.0657 0.0000
vt 0.4297 0.0885 0.0000
vt 0.4308 0.0886 0.0000
vt 0.4296 0.0913 0.0000
vt 0.4288 0.0913 0.0000
vt 0.4329 0.0886 0.0000
vt 0.4311 0.0914 0.0000
vt 0.4360 0.0886 0.0000
vt 0.4343 0.0914 0.0000
vt 0.4457 0.0914 0.0000
vt 0.5451 0.0669 0.0000
vt 0.5458 0.0688 0.0000
vt 0.5364 0.0687 0.0000
vt 0.5358 0.0668 0.0000
vt 0.5466 0.0670 0.0000
vt 0.5477 0.0689 0.0000
vt 0.5473 0.0666 0.0000
vt 0.5486 0.0684 0.0000
vt 0.4276 0.0943 0.0000
vt 0.4268 0.0938 0.0000
vt 0.4283 0.0922 0.0000
vt 0.4290 0.0924 0.0000
vt 0.4293 0.0943 0.0000
vt 0.4304 0.0924 0.0000
vt 0.4326 0.0943 0.0000
vt 0.4336 0.0924 0.0000
vt 0.4442 0.0943 0.0000
vt 0.4451 0.0924 0.0000
vt 0.4453 0.0920 0.0000
vt 0.5435 0.0623 0.0000
vt 0.5346 0.0622 0.0000
vt 0.5455 0.0624 0.0000
vt 0.5464 0.0621 0.0000
vt 0.4311 0.0880 0.0000
vt 0.4299 0.0879 0.0000
vt 0.4333 0.0880 0.0000
vt 0.4364 0.0880 0.0000
vt 0.4384 0.0700 0.0000
vt 0.4386 0.0695 0.0000
vt 0.5366 0.0692 0.0000
vt 0.5460 0.0693 0.0000
vt 0.5479 0.0693 0.0000
vt 0.5488 0.0689 0.0000
vt 0.4264 0.0943 0.0000
vt 0.4273 0.0947 0.0000
vt 0.4291 0.0948 0.0000
vt 0.4323 0.0948 0.0000
vt 0.4410 0.0631 0.0000
vt 0.4411 0.0625 0.0000
vt 0.5449 0.0665 0.0000
vt 0.5357 0.0664 0.0000
vt 0.5463 0.0665 0.0000
vt 0.5471 0.0662 0.0000
vt 0.4293 0.0920 0.0000
vt 0.4286 0.0919 0.0000
vt 0.4307 0.0920 0.0000
vt 0.4339 0.0920 0.0000
vt 0.5377 0.0734 0.0000
vt 0.5474 0.0735 0.0000
vt 0.5494 0.0735 0.0000
vt 0.5505 0.0732 0.0000
vt 0.4254 0.0987 0.0000
vt 0.4243 0.0984 0.0000
vt 0.4273 0.0987 0.0000
vt 0.4306 0.0988 0.0000
vt 0.4425 0.0988 0.0000
vt 0.5323 0.0558 0.0000
vt 0.5407 0.0559 0.0000
vt 0.5424 0.0560 0.0000
vt 0.5433 0.0556 0.0000
vt 0.4345 0.0823 0.0000
vt 0.4354 0.0826 0.0000
vt 0.4371 0.0826 0.0000
vt 0.4401 0.0826 0.0000
vt 0.4507 0.0826 0.0000
vt 0.6726 0.0635 0.0000
vt 0.6736 0.0665 0.0000
vt 0.6721 0.0624 0.0000
vt 0.6724 0.0629 0.0000
vt 0.6738 0.0671 0.0000
vt 0.6749 0.0699 0.0000
vt 0.4374 0.0730 0.0000
vt 0.4388 0.0690 0.0000
vt 0.4371 0.0736 0.0000
vt 0.4369 0.2744 0.0000
vt 0.4488 0.2744 0.0000
vt 0.4369 0.2764 0.0000
vt 0.4488 0.2764 0.0000
vt 0.4539 0.2762 0.0000
vt 0.4521 0.2763 0.0000
vt 0.4370 0.2775 0.0000
vt 0.4488 0.2775 0.0000
vt 0.4551 0.2744 0.0000
vt 0.4564 0.2745 0.0000
vt 0.4561 0.2767 0.0000
vt 0.4549 0.2764 0.0000
vt 0.4521 0.2775 0.0000
vt 0.4541 0.2773 0.0000
vt 0.4370 0.2788 0.0000
vt 0.4488 0.2788 0.0000
vt 0.4523 0.2788 0.0000
vt 0.4544 0.2785 0.0000
vt 0.4548 0.2771 0.0000
vt 0.4554 0.2778 0.0000
vt 0.6715 0.0573 0.0000
vt 0.6741 0.0625 0.0000
vt 0.6724 0.0569 0.0000
vt 0.6750 0.0621 0.0000
vt 0.7110 0.0460 0.0000
vt 0.7101 0.0456 0.0000
vt 0.7134 0.0414 0.0000
vt 0.7147 0.0415 0.0000
vt 0.7084 0.0455 0.0000
vt 0.7113 0.0414 0.0000
vt 0.7054 0.0455 0.0000
vt 0.7082 0.0414 0.0000
vt 0.6947 0.0455 0.0000
vt 0.6971 0.0414 0.0000
vt 0.6762 0.0734 0.0000
vt 0.6751 0.0704 0.0000
vt 0.6770 0.0704 0.0000
vt 0.6781 0.0734 0.0000
vt 0.6780 0.0700 0.0000
vt 0.6792 0.0731 0.0000
vt 0.7188 0.0341 0.0000
vt 0.7179 0.0337 0.0000
vt 0.7193 0.0308 0.0000
vt 0.7203 0.0311 0.0000
vt 0.7161 0.0336 0.0000
vt 0.7174 0.0308 0.0000
vt 0.7128 0.0336 0.0000
vt 0.7140 0.0307 0.0000
vt 0.7012 0.0335 0.0000
vt 0.7022 0.0307 0.0000
vt 0.6744 0.0635 0.0000
vt 0.6750 0.0664 0.0000
vt 0.6754 0.0634 0.0000
vt 0.6758 0.0663 0.0000
vt 0.7152 0.0404 0.0000
vt 0.7141 0.0403 0.0000
vt 0.7153 0.0376 0.0000
vt 0.7161 0.0376 0.0000
vt 0.7121 0.0403 0.0000
vt 0.7139 0.0375 0.0000
vt 0.7089 0.0403 0.0000
vt 0.7107 0.0375 0.0000
vt 0.6978 0.0403 0.0000
vt 0.6993 0.0375 0.0000
vt 0.6755 0.0676 0.0000
vt 0.6766 0.0695 0.0000
vt 0.6762 0.0672 0.0000
vt 0.6775 0.0690 0.0000
vt 0.7174 0.0346 0.0000
vt 0.7182 0.0351 0.0000
vt 0.7166 0.0367 0.0000
vt 0.7160 0.0365 0.0000
vt 0.7156 0.0346 0.0000
vt 0.7145 0.0365 0.0000
vt 0.7123 0.0346 0.0000
vt 0.7113 0.0365 0.0000
vt 0.7007 0.0346 0.0000
vt 0.6998 0.0365 0.0000
vt 0.6743 0.0630 0.0000
vt 0.6753 0.0627 0.0000
vt 0.7138 0.0409 0.0000
vt 0.7150 0.0410 0.0000
vt 0.7117 0.0409 0.0000
vt 0.7085 0.0409 0.0000
vt 0.6974 0.0409 0.0000
vt 0.6768 0.0699 0.0000
vt 0.6777 0.0695 0.0000
vt 0.7185 0.0346 0.0000
vt 0.7176 0.0342 0.0000
vt 0.7159 0.0341 0.0000
vt 0.7126 0.0341 0.0000
vt 0.7010 0.0341 0.0000
vt 0.6752 0.0671 0.0000
vt 0.6760 0.0668 0.0000
vt 0.7156 0.0369 0.0000
vt 0.7163 0.0371 0.0000
vt 0.7143 0.0369 0.0000
vt 0.7110 0.0369 0.0000
vt 0.6996 0.0369 0.0000
vt 0.6764 0.0741 0.0000
vt 0.6784 0.0741 0.0000
vt 0.6794 0.0737 0.0000
vt 0.7196 0.0302 0.0000
vt 0.7206 0.0305 0.0000
vt 0.7176 0.0302 0.0000
vt 0.7143 0.0301 0.0000
vt 0.7025 0.0301 0.0000
vt 0.6711 0.0566 0.0000
vt 0.6720 0.0562 0.0000
vt 0.7104 0.0466 0.0000
vt 0.7096 0.0463 0.0000
vt 0.7078 0.0463 0.0000
vt 0.7048 0.0463 0.0000
vt 0.6942 0.0463 0.0000
vt 0.2511 0.2788 0.0000
vt 0.2512 0.2775 0.0000
vt 0.5217 0.0409 0.0000
vt 0.5213 0.0403 0.0000
vt 0.2512 0.2764 0.0000
vt 0.5180 0.0335 0.0000
vt 0.5182 0.0341 0.0000
vt 0.2393 0.2744 0.0000
vt 0.2512 0.2744 0.0000
vt 0.2393 0.2764 0.0000
vt 0.2360 0.2744 0.0000
vt 0.2360 0.2763 0.0000
vt 0.2342 0.2762 0.0000
vt 0.2393 0.2775 0.0000
vt 0.2332 0.2764 0.0000
vt 0.2320 0.2767 0.0000
vt 0.2360 0.2775 0.0000
vt 0.2341 0.2773 0.0000
vt 0.2393 0.2788 0.0000
vt 0.2358 0.2788 0.0000
vt 0.2337 0.2785 0.0000
vt 0.2333 0.2771 0.0000
vt 0.2327 0.2778 0.0000
vt 0.4414 0.0620 0.0000
vt 0.4394 0.0620 0.0000
vt 0.4420 0.0569 0.0000
vt 0.4437 0.0570 0.0000
vt 0.4385 0.0617 0.0000
vt 0.4412 0.0565 0.0000
vt 0.5081 0.0460 0.0000
vt 0.5044 0.0415 0.0000
vt 0.5057 0.0414 0.0000
vt 0.5090 0.0456 0.0000
vt 0.5078 0.0414 0.0000
vt 0.5107 0.0455 0.0000
vt 0.5109 0.0414 0.0000
vt 0.5137 0.0455 0.0000
vt 0.5220 0.0414 0.0000
vt 0.5244 0.0455 0.0000
vt 0.4354 0.0730 0.0000
vt 0.4365 0.0699 0.0000
vt 0.4343 0.0726 0.0000
vt 0.4355 0.0695 0.0000
vt 0.5004 0.0341 0.0000
vt 0.4989 0.0311 0.0000
vt 0.4999 0.0308 0.0000
vt 0.5013 0.0337 0.0000
vt 0.5018 0.0307 0.0000
vt 0.5030 0.0336 0.0000
vt 0.5051 0.0307 0.0000
vt 0.5063 0.0335 0.0000
vt 0.5169 0.0307 0.0000
vt 0.4400 0.0660 0.0000
vt 0.4385 0.0660 0.0000
vt 0.4391 0.0631 0.0000
vt 0.4377 0.0658 0.0000
vt 0.4381 0.0629 0.0000
vt 0.5039 0.0404 0.0000
vt 0.5030 0.0376 0.0000
vt 0.5038 0.0376 0.0000
vt 0.5050 0.0403 0.0000
vt 0.5053 0.0375 0.0000
vt 0.5071 0.0403 0.0000
vt 0.5085 0.0375 0.0000
vt 0.5102 0.0403 0.0000
vt 0.5198 0.0375 0.0000
vt 0.4396 0.0671 0.0000
vt 0.4381 0.0672 0.0000
vt 0.4369 0.0690 0.0000
vt 0.4373 0.0668 0.0000
vt 0.4360 0.0686 0.0000
vt 0.5018 0.0345 0.0000
vt 0.5032 0.0365 0.0000
vt 0.5025 0.0366 0.0000
vt 0.5010 0.0350 0.0000
vt 0.5035 0.0346 0.0000
vt 0.5046 0.0365 0.0000
vt 0.5068 0.0346 0.0000
vt 0.5078 0.0365 0.0000
vt 0.5184 0.0346 0.0000
vt 0.5193 0.0365 0.0000
vt 0.5195 0.0369 0.0000
vt 0.4392 0.0625 0.0000
vt 0.4383 0.0623 0.0000
vt 0.5053 0.0409 0.0000
vt 0.5041 0.0410 0.0000
vt 0.5074 0.0409 0.0000
vt 0.5106 0.0409 0.0000
vt 0.4367 0.0694 0.0000
vt 0.4358 0.0690 0.0000
vt 0.5006 0.0346 0.0000
vt 0.5015 0.0341 0.0000
vt 0.5033 0.0341 0.0000
vt 0.5065 0.0341 0.0000
vt 0.4383 0.0667 0.0000
vt 0.4397 0.0667 0.0000
vt 0.4376 0.0664 0.0000
vt 0.5035 0.0369 0.0000
vt 0.5028 0.0370 0.0000
vt 0.5049 0.0369 0.0000
vt 0.5081 0.0369 0.0000
vt 0.4351 0.0736 0.0000
vt 0.4341 0.0733 0.0000
vt 0.4986 0.0305 0.0000
vt 0.4996 0.0302 0.0000
vt 0.5015 0.0301 0.0000
vt 0.5049 0.0301 0.0000
vt 0.5167 0.0301 0.0000
vt 0.4441 0.0562 0.0000
vt 0.4424 0.0562 0.0000
vt 0.4415 0.0558 0.0000
vt 0.5087 0.0466 0.0000
vt 0.5096 0.0463 0.0000
vt 0.5113 0.0463 0.0000
vt 0.5143 0.0463 0.0000
vt 0.5249 0.0463 0.0000
vt 0.6755 0.7848 0.0000
vt 0.6751 0.7848 0.0000
vt 0.6750 0.7646 0.0000
vt 0.6754 0.7646 0.0000
vt 0.6789 0.7848 0.0000
vt 0.6788 0.7654 0.0000
vt 0.6825 0.7848 0.0000
vt 0.6824 0.7661 0.0000
vt 0.6861 0.7848 0.0000
vt 0.6860 0.7668 0.0000
vt 0.6896 0.7848 0.0000
vt 0.6895 0.7675 0.0000
vt 0.6932 0.7847 0.0000
vt 0.6931 0.7682 0.0000
vt 0.6968 0.7847 0.0000
vt 0.6967 0.7688 0.0000
vt 0.7004 0.7847 0.0000
vt 0.7003 0.7693 0.0000
vt 0.7040 0.7847 0.0000
vt 0.7039 0.7699 0.0000
vt 0.7073 0.7847 0.0000
vt 0.7073 0.7703 0.0000
vt 0.7105 0.7704 0.0000
vt 0.7106 0.7846 0.0000
vt 0.6747 0.8139 0.0000
vt 0.6749 0.7937 0.0000
vt 0.6753 0.7937 0.0000
vt 0.6752 0.8139 0.0000
vt 0.6788 0.7937 0.0000
vt 0.6786 0.8131 0.0000
vt 0.6823 0.7937 0.0000
vt 0.6822 0.8124 0.0000
vt 0.6859 0.7938 0.0000
vt 0.6857 0.8117 0.0000
vt 0.6895 0.7938 0.0000
vt 0.6893 0.8110 0.0000
vt 0.6930 0.7938 0.0000
vt 0.6929 0.8104 0.0000
vt 0.6966 0.7939 0.0000
vt 0.6965 0.8098 0.0000
vt 0.7002 0.7939 0.0000
vt 0.7001 0.8092 0.0000
vt 0.7038 0.7939 0.0000
vt 0.7037 0.8087 0.0000
vt 0.7072 0.7939 0.0000
vt 0.7070 0.8083 0.0000
vt 0.6465 0.6266 0.0000
vt 0.6470 0.6266 0.0000
vt 0.6470 0.6365 0.0000
vt 0.6465 0.6365 0.0000
vt 0.6678 0.6562 0.0000
vt 0.6674 0.6562 0.0000
vt 0.6674 0.6463 0.0000
vt 0.6678 0.6463 0.0000
vt 0.6665 0.6562 0.0000
vt 0.6463 0.6562 0.0000
vt 0.6463 0.6463 0.0000
vt 0.6665 0.6463 0.0000
vt 0.6505 0.6266 0.0000
vt 0.6505 0.6365 0.0000
vt 0.6713 0.6562 0.0000
vt 0.6713 0.6463 0.0000
vt 0.6541 0.6266 0.0000
vt 0.6541 0.6365 0.0000
vt 0.6748 0.6562 0.0000
vt 0.6748 0.6463 0.0000
vt 0.6578 0.6266 0.0000
vt 0.6578 0.6365 0.0000
vt 0.6784 0.6562 0.0000
vt 0.6784 0.6463 0.0000
vt 0.6614 0.6266 0.0000
vt 0.6614 0.6365 0.0000
vt 0.6820 0.6562 0.0000
vt 0.6820 0.6463 0.0000
vt 0.6650 0.6266 0.0000
vt 0.6650 0.6365 0.0000
vt 0.6856 0.6562 0.0000
vt 0.6856 0.6463 0.0000
vt 0.6687 0.6266 0.0000
vt 0.6687 0.6365 0.0000
vt 0.6891 0.6562 0.0000
vt 0.6891 0.6463 0.0000
vt 0.6723 0.6266 0.0000
vt 0.6723 0.6365 0.0000
vt 0.6927 0.6562 0.0000
vt 0.6927 0.6463 0.0000
vt 0.6760 0.6266 0.0000
vt 0.6760 0.6365 0.0000
vt 0.6963 0.6562 0.0000
vt 0.6963 0.6463 0.0000
vt 0.6793 0.6266 0.0000
vt 0.6793 0.6365 0.0000
vt 0.6997 0.6562 0.0000
vt 0.6997 0.6463 0.0000
vt 0.7030 0.6463 0.0000
vt 0.7030 0.6562 0.0000
vt 0.6749 0.7642 0.0000
vt 0.6754 0.7642 0.0000
vt 0.6755 0.7853 0.0000
vt 0.6751 0.7853 0.0000
vt 0.6746 0.7848 0.0000
vt 0.6745 0.7646 0.0000
vt 0.6788 0.7649 0.0000
vt 0.6789 0.7852 0.0000
vt 0.6824 0.7657 0.0000
vt 0.6825 0.7852 0.0000
vt 0.6860 0.7664 0.0000
vt 0.6861 0.7852 0.0000
vt 0.6895 0.7671 0.0000
vt 0.6896 0.7852 0.0000
vt 0.6931 0.7677 0.0000
vt 0.6932 0.7852 0.0000
vt 0.6967 0.7683 0.0000
vt 0.6968 0.7851 0.0000
vt 0.7003 0.7689 0.0000
vt 0.7004 0.7851 0.0000
vt 0.7039 0.7694 0.0000
vt 0.7040 0.7851 0.0000
vt 0.7073 0.7698 0.0000
vt 0.7073 0.7851 0.0000
vt 0.7105 0.7700 0.0000
vt 0.6752 0.8143 0.0000
vt 0.6747 0.8143 0.0000
vt 0.6743 0.8139 0.0000
vt 0.6745 0.7937 0.0000
vt 0.6749 0.7932 0.0000
vt 0.6753 0.7933 0.0000
vt 0.6786 0.8136 0.0000
vt 0.6788 0.7933 0.0000
vt 0.6822 0.8128 0.0000
vt 0.6823 0.7933 0.0000
vt 0.6857 0.8121 0.0000
vt 0.6859 0.7933 0.0000
vt 0.6893 0.8115 0.0000
vt 0.6895 0.7934 0.0000
vt 0.6929 0.8108 0.0000
vt 0.6930 0.7934 0.0000
vt 0.6965 0.8102 0.0000
vt 0.6966 0.7934 0.0000
vt 0.7001 0.8097 0.0000
vt 0.7002 0.7934 0.0000
vt 0.7037 0.8091 0.0000
vt 0.7038 0.7935 0.0000
vt 0.7070 0.8088 0.0000
vt 0.7072 0.7935 0.0000
vt 0.7103 0.8086 0.0000
vt 0.7103 0.8082 0.0000
vt 0.7104 0.7935 0.0000
vt 0.7104 0.7940 0.0000
vt 0.6461 0.6365 0.0000
vt 0.6461 0.6266 0.0000
vt 0.6670 0.6562 0.0000
vt 0.6670 0.6463 0.0000
vt 0.6470 0.6369 0.0000
vt 0.6465 0.6369 0.0000
vt 0.6505 0.6369 0.0000
vt 0.6541 0.6369 0.0000
vt 0.6578 0.6369 0.0000
vt 0.6614 0.6369 0.0000
vt 0.6650 0.6369 0.0000
vt 0.6687 0.6369 0.0000
vt 0.6723 0.6369 0.0000
vt 0.6760 0.6369 0.0000
vt 0.6793 0.6369 0.0000
vt 0.6826 0.6365 0.0000
vt 0.6826 0.6369 0.0000
vt 0.6463 0.6458 0.0000
vt 0.6665 0.6458 0.0000
vt 0.6459 0.6562 0.0000
vt 0.6459 0.6463 0.0000
vt 0.6674 0.6458 0.0000
vt 0.6678 0.6458 0.0000
vt 0.6713 0.6458 0.0000
vt 0.6748 0.6458 0.0000
vt 0.6784 0.6458 0.0000
vt 0.6820 0.6458 0.0000
vt 0.6856 0.6458 0.0000
vt 0.6891 0.6458 0.0000
vt 0.6927 0.6458 0.0000
vt 0.6963 0.6458 0.0000
vt 0.6997 0.6458 0.0000
vt 0.6465 0.6261 0.0000
vt 0.6470 0.6261 0.0000
vt 0.6505 0.6261 0.0000
vt 0.6541 0.6261 0.0000
vt 0.6578 0.6261 0.0000
vt 0.6614 0.6261 0.0000
vt 0.6650 0.6261 0.0000
vt 0.6687 0.6261 0.0000
vt 0.6723 0.6261 0.0000
vt 0.6760 0.6261 0.0000
vt 0.6793 0.6261 0.0000
vt 0.6665 0.6566 0.0000
vt 0.6463 0.6566 0.0000
vt 0.6678 0.6566 0.0000
vt 0.6674 0.6566 0.0000
vt 0.6713 0.6566 0.0000
vt 0.6748 0.6566 0.0000
vt 0.6784 0.6566 0.0000
vt 0.6820 0.6566 0.0000
vt 0.6856 0.6566 0.0000
vt 0.6891 0.6566 0.0000
vt 0.6927 0.6566 0.0000
vt 0.6963 0.6566 0.0000
vt 0.6997 0.6566 0.0000
vt 0.7030 0.6566 0.0000
vt 0.6459 0.6458 0.0000
vt 0.6461 0.6369 0.0000
vt 0.6745 0.7642 0.0000
vt 0.6670 0.6458 0.0000
vt 0.6746 0.7853 0.0000
vt 0.6743 0.8143 0.0000
vt 0.6461 0.6261 0.0000
vt 0.6459 0.6566 0.0000
vt 0.6745 0.7932 0.0000
vt 0.6670 0.6566 0.0000
vt 0.6826 0.6266 0.0000
vt 0.7106 0.7851 0.0000
vt 0.7030 0.6458 0.0000
vt 0.6826 0.6261 0.0000
vt 0.7457 0.7844 0.0000
vt 0.7456 0.7642 0.0000
vt 0.7460 0.7642 0.0000
vt 0.7462 0.7844 0.0000
vt 0.7423 0.7844 0.0000
vt 0.7422 0.7650 0.0000
vt 0.7387 0.7845 0.0000
vt 0.7386 0.7658 0.0000
vt 0.7352 0.7845 0.0000
vt 0.7350 0.7665 0.0000
vt 0.7316 0.7845 0.0000
vt 0.7315 0.7673 0.0000
vt 0.7280 0.7845 0.0000
vt 0.7279 0.7679 0.0000
vt 0.7244 0.7846 0.0000
vt 0.7243 0.7686 0.0000
vt 0.7208 0.7846 0.0000
vt 0.7207 0.7692 0.0000
vt 0.7172 0.7846 0.0000
vt 0.7171 0.7698 0.0000
vt 0.7139 0.7846 0.0000
vt 0.7138 0.7702 0.0000
vt 0.7458 0.8144 0.0000
vt 0.7454 0.8144 0.0000
vt 0.7455 0.7942 0.0000
vt 0.7460 0.7942 0.0000
vt 0.7420 0.8136 0.0000
vt 0.7421 0.7942 0.0000
vt 0.7384 0.8128 0.0000
vt 0.7385 0.7942 0.0000
vt 0.7348 0.8121 0.0000
vt 0.7350 0.7941 0.0000
vt 0.7313 0.8114 0.0000
vt 0.7314 0.7941 0.0000
vt 0.7277 0.8107 0.0000
vt 0.7278 0.7941 0.0000
vt 0.7241 0.8100 0.0000
vt 0.7242 0.7941 0.0000
vt 0.7205 0.8094 0.0000
vt 0.7206 0.7940 0.0000
vt 0.7169 0.8088 0.0000
vt 0.7171 0.7940 0.0000
vt 0.7136 0.8084 0.0000
vt 0.7137 0.7940 0.0000
vt 0.7187 0.6266 0.0000
vt 0.7187 0.6365 0.0000
vt 0.7183 0.6365 0.0000
vt 0.7183 0.6266 0.0000
vt 0.7381 0.6562 0.0000
vt 0.7381 0.6463 0.0000
vt 0.7385 0.6463 0.0000
vt 0.7385 0.6562 0.0000
vt 0.7398 0.6266 0.0000
vt 0.7398 0.6365 0.0000
vt 0.7196 0.6365 0.0000
vt 0.7196 0.6266 0.0000
vt 0.7147 0.6365 0.0000
vt 0.7147 0.6266 0.0000
vt 0.7346 0.6562 0.0000
vt 0.7346 0.6463 0.0000
vt 0.7111 0.6365 0.0000
vt 0.7111 0.6266 0.0000
vt 0.7311 0.6562 0.0000
vt 0.7311 0.6463 0.0000
vt 0.7075 0.6365 0.0000
vt 0.7075 0.6266 0.0000
vt 0.7275 0.6562 0.0000
vt 0.7275 0.6463 0.0000
vt 0.7038 0.6365 0.0000
vt 0.7038 0.6266 0.0000
vt 0.7239 0.6562 0.0000
vt 0.7239 0.6463 0.0000
vt 0.7002 0.6365 0.0000
vt 0.7002 0.6266 0.0000
vt 0.7204 0.6562 0.0000
vt 0.7204 0.6463 0.0000
vt 0.6965 0.6365 0.0000
vt 0.6965 0.6266 0.0000
vt 0.7168 0.6562 0.0000
vt 0.7168 0.6463 0.0000
vt 0.6929 0.6365 0.0000
vt 0.6929 0.6266 0.0000
vt 0.7132 0.6562 0.0000
vt 0.7132 0.6463 0.0000
vt 0.6893 0.6365 0.0000
vt 0.6893 0.6266 0.0000
vt 0.7096 0.6562 0.0000
vt 0.7096 0.6463 0.0000
vt 0.6859 0.6365 0.0000
vt 0.6859 0.6266 0.0000
vt 0.7062 0.6562 0.0000
vt 0.7062 0.6463 0.0000
vt 0.7460 0.7638 0.0000
vt 0.7456 0.7638 0.0000
vt 0.7457 0.7848 0.0000
vt 0.7462 0.7848 0.0000
vt 0.7466 0.7844 0.0000
vt 0.7465 0.7642 0.0000
vt 0.7422 0.7646 0.0000
vt 0.7423 0.7849 0.0000
vt 0.7386 0.7654 0.0000
vt 0.7387 0.7849 0.0000
vt 0.7350 0.7661 0.0000
vt 0.7352 0.7849 0.0000
vt 0.7315 0.7668 0.0000
vt 0.7316 0.7849 0.0000
vt 0.7279 0.7675 0.0000
vt 0.7280 0.7850 0.0000
vt 0.7243 0.7682 0.0000
vt 0.7244 0.7850 0.0000
vt 0.7207 0.7688 0.0000
vt 0.7208 0.7850 0.0000
vt 0.7171 0.7694 0.0000
vt 0.7172 0.7850 0.0000
vt 0.7138 0.7698 0.0000
vt 0.7139 0.7850 0.0000
vt 0.7454 0.8148 0.0000
vt 0.7458 0.8148 0.0000
vt 0.7463 0.8144 0.0000
vt 0.7464 0.7942 0.0000
vt 0.7460 0.7938 0.0000
vt 0.7455 0.7938 0.0000
vt 0.7420 0.8141 0.0000
vt 0.7421 0.7938 0.0000
vt 0.7384 0.8133 0.0000
vt 0.7385 0.7937 0.0000
vt 0.7348 0.8125 0.0000
vt 0.7350 0.7937 0.0000
vt 0.7313 0.8118 0.0000
vt 0.7314 0.7937 0.0000
vt 0.7277 0.8111 0.0000
vt 0.7278 0.7937 0.0000
vt 0.7241 0.8104 0.0000
vt 0.7242 0.7936 0.0000
vt 0.7205 0.8098 0.0000
vt 0.7207 0.7936 0.0000
vt 0.7169 0.8092 0.0000
vt 0.7171 0.7936 0.0000
vt 0.7136 0.8088 0.0000
vt 0.7137 0.7936 0.0000
vt 0.7191 0.6365 0.0000
vt 0.7191 0.6266 0.0000
vt 0.7389 0.6562 0.0000
vt 0.7389 0.6463 0.0000
vt 0.7187 0.6369 0.0000
vt 0.7183 0.6369 0.0000
vt 0.7147 0.6369 0.0000
vt 0.7111 0.6369 0.0000
vt 0.7075 0.6369 0.0000
vt 0.7038 0.6369 0.0000
vt 0.7002 0.6369 0.0000
vt 0.6965 0.6369 0.0000
vt 0.6929 0.6369 0.0000
vt 0.6893 0.6369 0.0000
vt 0.6859 0.6369 0.0000
vt 0.7398 0.6369 0.0000
vt 0.7196 0.6369 0.0000
vt 0.7381 0.6458 0.0000
vt 0.7385 0.6458 0.0000
vt 0.7346 0.6458 0.0000
vt 0.7311 0.6458 0.0000
vt 0.7275 0.6458 0.0000
vt 0.7239 0.6458 0.0000
vt 0.7204 0.6458 0.0000
vt 0.7168 0.6458 0.0000
vt 0.7132 0.6458 0.0000
vt 0.7096 0.6458 0.0000
vt 0.7062 0.6458 0.0000
vt 0.7402 0.6266 0.0000
vt 0.7402 0.6365 0.0000
vt 0.7183 0.6261 0.0000
vt 0.7187 0.6261 0.0000
vt 0.7147 0.6261 0.0000
vt 0.7111 0.6261 0.0000
vt 0.7075 0.6261 0.0000
vt 0.7038 0.6261 0.0000
vt 0.7002 0.6261 0.0000
vt 0.6965 0.6261 0.0000
vt 0.6929 0.6261 0.0000
vt 0.6893 0.6261 0.0000
vt 0.6859 0.6261 0.0000
vt 0.7196 0.6261 0.0000
vt 0.7398 0.6261 0.0000
vt 0.7385 0.6566 0.0000
vt 0.7381 0.6566 0.0000
vt 0.7346 0.6566 0.0000
vt 0.7311 0.6566 0.0000
vt 0.7275 0.6566 0.0000
vt 0.7239 0.6566 0.0000
vt 0.7204 0.6566 0.0000
vt 0.7168 0.6566 0.0000
vt 0.7132 0.6566 0.0000
vt 0.7096 0.6566 0.0000
vt 0.7062 0.6566 0.0000
vt 0.7191 0.6369 0.0000
vt 0.7465 0.7638 0.0000
vt 0.7389 0.6458 0.0000
vt 0.7402 0.6369 0.0000
vt 0.7466 0.7848 0.0000
vt 0.7463 0.8149 0.0000
vt 0.7191 0.6261 0.0000
vt 0.7464 0.7938 0.0000
vt 0.7402 0.6261 0.0000
vt 0.7389 0.6566 0.0000
vt 0.7131 0.3486 0.0000
vt 0.7136 0.3486 0.0000
vt 0.7141 0.3687 0.0000
vt 0.7136 0.3687 0.0000
vt 0.7097 0.3487 0.0000
vt 0.7102 0.3680 0.0000
vt 0.7062 0.3488 0.0000
vt 0.7066 0.3674 0.0000
vt 0.7026 0.3489 0.0000
vt 0.7030 0.3667 0.0000
vt 0.6990 0.3490 0.0000
vt 0.6995 0.3661 0.0000
vt 0.6955 0.3491 0.0000
vt 0.6959 0.3656 0.0000
vt 0.6919 0.3492 0.0000
vt 0.6922 0.3650 0.0000
vt 0.6883 0.3493 0.0000
vt 0.6886 0.3645 0.0000
vt 0.6847 0.3493 0.0000
vt 0.6850 0.3641 0.0000
vt 0.6811 0.3494 0.0000
vt 0.6814 0.3636 0.0000
vt 0.6774 0.3495 0.0000
vt 0.6777 0.3632 0.0000
vt 0.6738 0.3496 0.0000
vt 0.6741 0.3628 0.0000
vt 0.6702 0.3497 0.0000
vt 0.6704 0.3625 0.0000
vt 0.6665 0.3498 0.0000
vt 0.6668 0.3622 0.0000
vt 0.6629 0.3498 0.0000
vt 0.6631 0.3619 0.0000
vt 0.6592 0.3499 0.0000
vt 0.6594 0.3616 0.0000
vt 0.6556 0.3500 0.0000
vt 0.6558 0.3614 0.0000
vt 0.6519 0.3500 0.0000
vt 0.6521 0.3612 0.0000
vt 0.6483 0.3501 0.0000
vt 0.6484 0.3610 0.0000
vt 0.6446 0.3501 0.0000
vt 0.6447 0.3609 0.0000
vt 0.6410 0.3502 0.0000
vt 0.6410 0.3608 0.0000
vt 0.6373 0.3502 0.0000
vt 0.6374 0.3607 0.0000
vt 0.6336 0.3502 0.0000
vt 0.6337 0.3606 0.0000
vt 0.6300 0.3502 0.0000
vt 0.6300 0.3606 0.0000
vt 0.6263 0.3502 0.0000
vt 0.6263 0.3606 0.0000
vt 0.5392 0.3364 0.0000
vt 0.5397 0.3163 0.0000
vt 0.5401 0.3163 0.0000
vt 0.5396 0.3365 0.0000
vt 0.5435 0.3164 0.0000
vt 0.5431 0.3358 0.0000
vt 0.5471 0.3164 0.0000
vt 0.5467 0.3351 0.0000
vt 0.5507 0.3165 0.0000
vt 0.5502 0.3344 0.0000
vt 0.5542 0.3166 0.0000
vt 0.5538 0.3338 0.0000
vt 0.5578 0.3167 0.0000
vt 0.5574 0.3333 0.0000
vt 0.5614 0.3168 0.0000
vt 0.5610 0.3327 0.0000
vt 0.5650 0.3169 0.0000
vt 0.5646 0.3322 0.0000
vt 0.5686 0.3169 0.0000
vt 0.5683 0.3317 0.0000
vt 0.5722 0.3170 0.0000
vt 0.5719 0.3313 0.0000
vt 0.5758 0.3171 0.0000
vt 0.5755 0.3309 0.0000
vt 0.5794 0.3172 0.0000
vt 0.5791 0.3305 0.0000
vt 0.5830 0.3173 0.0000
vt 0.5828 0.3301 0.0000
vt 0.5866 0.3173 0.0000
vt 0.5864 0.3298 0.0000
vt 0.5902 0.3174 0.0000
vt 0.5900 0.3295 0.0000
vt 0.5939 0.3175 0.0000
vt 0.5937 0.3292 0.0000
vt 0.5975 0.3175 0.0000
vt 0.5973 0.3290 0.0000
vt 0.6011 0.3176 0.0000
vt 0.6010 0.3288 0.0000
vt 0.6048 0.3176 0.0000
vt 0.6046 0.3286 0.0000
vt 0.6084 0.3177 0.0000
vt 0.6083 0.3285 0.0000
vt 0.6120 0.3177 0.0000
vt 0.6119 0.3284 0.0000
vt 0.6157 0.3177 0.0000
vt 0.6156 0.3283 0.0000
vt 0.6193 0.3178 0.0000
vt 0.6192 0.3282 0.0000
vt 0.6229 0.3178 0.0000
vt 0.6229 0.3282 0.0000
vt 0.6266 0.3178 0.0000
vt 0.6266 0.3282 0.0000
vt 0.8993 0.0197 0.0000
vt 0.8988 0.0197 0.0000
vt 0.8988 0.0098 0.0000
vt 0.8993 0.0098 0.0000
vt 0.9063 0.0320 0.0000
vt 0.9068 0.0320 0.0000
vt 0.9068 0.0419 0.0000
vt 0.9063 0.0419 0.0000
vt 0.9076 0.0320 0.0000
vt 0.9278 0.0320 0.0000
vt 0.9278 0.0419 0.0000
vt 0.9076 0.0419 0.0000
vt 0.8953 0.0197 0.0000
vt 0.8953 0.0098 0.0000
vt 0.9029 0.0320 0.0000
vt 0.9029 0.0419 0.0000
vt 0.8917 0.0197 0.0000
vt 0.8917 0.0098 0.0000
vt 0.8993 0.0320 0.0000
vt 0.8993 0.0419 0.0000
vt 0.8880 0.0197 0.0000
vt 0.8880 0.0098 0.0000
vt 0.8958 0.0320 0.0000
vt 0.8958 0.0419 0.0000
vt 0.8844 0.0197 0.0000
vt 0.8844 0.0098 0.0000
vt 0.8922 0.0320 0.0000
vt 0.8922 0.0419 0.0000
vt 0.8808 0.0197 0.0000
vt 0.8808 0.0098 0.0000
vt 0.8886 0.0320 0.0000
vt 0.8886 0.0419 0.0000
vt 0.8771 0.0197 0.0000
vt 0.8771 0.0098 0.0000
vt 0.8850 0.0320 0.0000
vt 0.8850 0.0419 0.0000
vt 0.8735 0.0197 0.0000
vt 0.8735 0.0098 0.0000
vt 0.8814 0.0320 0.0000
vt 0.8814 0.0419 0.0000
vt 0.8698 0.0197 0.0000
vt 0.8698 0.0098 0.0000
vt 0.8779 0.0320 0.0000
vt 0.8779 0.0419 0.0000
vt 0.8662 0.0197 0.0000
vt 0.8662 0.0098 0.0000
vt 0.8742 0.0320 0.0000
vt 0.8742 0.0419 0.0000
vt 0.8626 0.0197 0.0000
vt 0.8626 0.0098 0.0000
vt 0.8706 0.0320 0.0000
vt 0.8706 0.0419 0.0000
vt 0.8589 0.0197 0.0000
vt 0.8589 0.0098 0.0000
vt 0.8670 0.0320 0.0000
vt 0.8670 0.0419 0.0000
vt 0.8553 0.0197 0.0000
vt 0.8553 0.0098 0.0000
vt 0.8634 0.0320 0.0000
vt 0.8634 0.0419 0.0000
vt 0.8516 0.0197 0.0000
vt 0.8516 0.0098 0.0000
vt 0.8598 0.0320 0.0000
vt 0.8598 0.0419 0.0000
vt 0.8480 0.0197 0.0000
vt 0.8480 0.0098 0.0000
vt 0.8562 0.0320 0.0000
vt 0.8562 0.0419 0.0000
vt 0.8444 0.0197 0.0000
vt 0.8444 0.0098 0.0000
vt 0.8525 0.0320 0.0000
vt 0.8525 0.0419 0.0000
vt 0.8407 0.0197 0.0000
vt 0.8407 0.0098 0.0000
vt 0.8489 0.0320 0.0000
vt 0.8489 0.0419 0.0000
vt 0.8371 0.0197 0.0000
vt 0.8371 0.0098 0.0000
vt 0.8453 0.0320 0.0000
vt 0.8453 0.0419 0.0000
vt 0.8334 0.0197 0.0000
vt 0.8334 0.0098 0.0000
vt 0.8416 0.0320 0.0000
vt 0.8416 0.0419 0.0000
vt 0.8298 0.0197 0.0000
vt 0.8298 0.0098 0.0000
vt 0.8380 0.0320 0.0000
vt 0.8380 0.0419 0.0000
vt 0.8261 0.0197 0.0000
vt 0.8261 0.0098 0.0000
vt 0.8344 0.0320 0.0000
vt 0.8344 0.0419 0.0000
vt 0.8225 0.0197 0.0000
vt 0.8225 0.0098 0.0000
vt 0.8307 0.0320 0.0000
vt 0.8307 0.0419 0.0000
vt 0.8189 0.0197 0.0000
vt 0.8189 0.0098 0.0000
vt 0.8271 0.0320 0.0000
vt 0.8271 0.0419 0.0000
vt 0.8152 0.0197 0.0000
vt 0.8152 0.0098 0.0000
vt 0.8235 0.0320 0.0000
vt 0.8235 0.0419 0.0000
vt 0.8116 0.0197 0.0000
vt 0.8116 0.0098 0.0000
vt 0.8198 0.0320 0.0000
vt 0.8198 0.0419 0.0000
vt 0.7141 0.3691 0.0000
vt 0.7137 0.3691 0.0000
vt 0.7131 0.3482 0.0000
vt 0.7136 0.3482 0.0000
vt 0.7140 0.3486 0.0000
vt 0.7145 0.3687 0.0000
vt 0.7102 0.3685 0.0000
vt 0.7097 0.3483 0.0000
vt 0.7066 0.3678 0.0000
vt 0.7062 0.3484 0.0000
vt 0.7031 0.3672 0.0000
vt 0.7026 0.3485 0.0000
vt 0.6995 0.3666 0.0000
vt 0.6990 0.3486 0.0000
vt 0.6959 0.3660 0.0000
vt 0.6954 0.3486 0.0000
vt 0.6923 0.3655 0.0000
vt 0.6919 0.3487 0.0000
vt 0.6886 0.3650 0.0000
vt 0.6883 0.3488 0.0000
vt 0.6850 0.3645 0.0000
vt 0.6847 0.3489 0.0000
vt 0.6814 0.3641 0.0000
vt 0.6810 0.3490 0.0000
vt 0.6777 0.3636 0.0000
vt 0.6774 0.3491 0.0000
vt 0.6741 0.3633 0.0000
vt 0.6738 0.3492 0.0000
vt 0.6704 0.3629 0.0000
vt 0.6702 0.3493 0.0000
vt 0.6668 0.3626 0.0000
vt 0.6665 0.3493 0.0000
vt 0.6631 0.3623 0.0000
vt 0.6629 0.3494 0.0000
vt 0.6595 0.3621 0.0000
vt 0.6592 0.3495 0.0000
vt 0.6558 0.3618 0.0000
vt 0.6556 0.3495 0.0000
vt 0.6521 0.3616 0.0000
vt 0.6519 0.3496 0.0000
vt 0.6484 0.3615 0.0000
vt 0.6483 0.3496 0.0000
vt 0.6447 0.3613 0.0000
vt 0.6446 0.3497 0.0000
vt 0.6411 0.3612 0.0000
vt 0.6409 0.3497 0.0000
vt 0.6374 0.3611 0.0000
vt 0.6373 0.3498 0.0000
vt 0.6337 0.3611 0.0000
vt 0.6336 0.3498 0.0000
vt 0.6300 0.3610 0.0000
vt 0.6300 0.3498 0.0000
vt 0.6263 0.3610 0.0000
vt 0.6263 0.3498 0.0000
vt 0.5396 0.3369 0.0000
vt 0.5392 0.3369 0.0000
vt 0.5388 0.3364 0.0000
vt 0.5392 0.3163 0.0000
vt 0.5397 0.3158 0.0000
vt 0.5401 0.3158 0.0000
vt 0.5431 0.3362 0.0000
vt 0.5435 0.3159 0.0000
vt 0.5467 0.3355 0.0000
vt 0.5471 0.3160 0.0000
vt 0.5502 0.3349 0.0000
vt 0.5507 0.3161 0.0000
vt 0.5538 0.3343 0.0000
vt 0.5542 0.3162 0.0000
vt 0.5574 0.3337 0.0000
vt 0.5578 0.3163 0.0000
vt 0.5610 0.3331 0.0000
vt 0.5614 0.3163 0.0000
vt 0.5646 0.3326 0.0000
vt 0.5650 0.3164 0.0000
vt 0.5682 0.3322 0.0000
vt 0.5686 0.3165 0.0000
vt 0.5719 0.3317 0.0000
vt 0.5722 0.3166 0.0000
vt 0.5755 0.3313 0.0000
vt 0.5758 0.3167 0.0000
vt 0.5791 0.3309 0.0000
vt 0.5794 0.3167 0.0000
vt 0.5827 0.3306 0.0000
vt 0.5830 0.3168 0.0000
vt 0.5864 0.3302 0.0000
vt 0.5866 0.3169 0.0000
vt 0.5900 0.3299 0.0000
vt 0.5902 0.3170 0.0000
vt 0.5937 0.3297 0.0000
vt 0.5939 0.3170 0.0000
vt 0.5973 0.3294 0.0000
vt 0.5975 0.3171 0.0000
vt 0.6010 0.3292 0.0000
vt 0.6011 0.3171 0.0000
vt 0.6046 0.3291 0.0000
vt 0.6048 0.3172 0.0000
vt 0.6083 0.3289 0.0000
vt 0.6084 0.3172 0.0000
vt 0.6119 0.3288 0.0000
vt 0.6120 0.3173 0.0000
vt 0.6156 0.3287 0.0000
vt 0.6157 0.3173 0.0000
vt 0.6192 0.3286 0.0000
vt 0.6193 0.3173 0.0000
vt 0.6229 0.3286 0.0000
vt 0.6229 0.3173 0.0000
vt 0.6266 0.3286 0.0000
vt 0.6266 0.3174 0.0000
vt 0.8997 0.0098 0.0000
vt 0.8997 0.0197 0.0000
vt 0.9072 0.0320 0.0000
vt 0.9072 0.0419 0.0000
vt 0.8988 0.0094 0.0000
vt 0.8993 0.0094 0.0000
vt 0.8953 0.0094 0.0000
vt 0.8917 0.0094 0.0000
vt 0.8880 0.0094 0.0000
vt 0.8844 0.0094 0.0000
vt 0.8808 0.0094 0.0000
vt 0.8771 0.0094 0.0000
vt 0.8735 0.0094 0.0000
vt 0.8698 0.0094 0.0000
vt 0.8662 0.0094 0.0000
vt 0.8626 0.0094 0.0000
vt 0.8589 0.0094 0.0000
vt 0.8553 0.0094 0.0000
vt 0.8516 0.0094 0.0000
vt 0.8480 0.0094 0.0000
vt 0.8444 0.0094 0.0000
vt 0.8407 0.0094 0.0000
vt 0.8371 0.0094 0.0000
vt 0.8334 0.0094 0.0000
vt 0.8298 0.0094 0.0000
vt 0.8261 0.0094 0.0000
vt 0.8225 0.0094 0.0000
vt 0.8189 0.0094 0.0000
vt 0.8152 0.0094 0.0000
vt 0.8116 0.0094 0.0000
vt 0.9278 0.0423 0.0000
vt 0.9076 0.0423 0.0000
vt 0.9283 0.0320 0.0000
vt 0.9283 0.0419 0.0000
vt 0.9068 0.0423 0.0000
vt 0.9063 0.0423 0.0000
vt 0.9029 0.0423 0.0000
vt 0.8993 0.0423 0.0000
vt 0.8958 0.0423 0.0000
vt 0.8922 0.0423 0.0000
vt 0.8886 0.0423 0.0000
vt 0.8850 0.0423 0.0000
vt 0.8814 0.0423 0.0000
vt 0.8779 0.0423 0.0000
vt 0.8742 0.0423 0.0000
vt 0.8706 0.0423 0.0000
vt 0.8670 0.0423 0.0000
vt 0.8634 0.0423 0.0000
vt 0.8598 0.0423 0.0000
vt 0.8562 0.0423 0.0000
vt 0.8525 0.0423 0.0000
vt 0.8489 0.0423 0.0000
vt 0.8453 0.0423 0.0000
vt 0.8416 0.0423 0.0000
vt 0.8380 0.0423 0.0000
vt 0.8344 0.0423 0.0000
vt 0.8307 0.0423 0.0000
vt 0.8271 0.0423 0.0000
vt 0.8235 0.0423 0.0000
vt 0.8198 0.0423 0.0000
vt 0.8993 0.0202 0.0000
vt 0.8988 0.0202 0.0000
vt 0.8953 0.0202 0.0000
vt 0.8917 0.0202 0.0000
vt 0.8880 0.0202 0.0000
vt 0.8844 0.0202 0.0000
vt 0.8808 0.0202 0.0000
vt 0.8771 0.0202 0.0000
vt 0.8735 0.0202 0.0000
vt 0.8698 0.0202 0.0000
vt 0.8662 0.0202 0.0000
vt 0.8626 0.0202 0.0000
vt 0.8589 0.0202 0.0000
vt 0.8553 0.0202 0.0000
vt 0.8516 0.0202 0.0000
vt 0.8480 0.0202 0.0000
vt 0.8444 0.0202 0.0000
vt 0.8407 0.0202 0.0000
vt 0.8371 0.0202 0.0000
vt 0.8334 0.0202 0.0000
vt 0.8298 0.0202 0.0000
vt 0.8261 0.0202 0.0000
vt 0.8225 0.0202 0.0000
vt 0.8189 0.0202 0.0000
vt 0.8152 0.0202 0.0000
vt 0.8116 0.0202 0.0000
vt 0.9076 0.0315 0.0000
vt 0.9278 0.0315 0.0000
vt 0.9063 0.0315 0.0000
vt 0.9068 0.0315 0.0000
vt 0.9029 0.0315 0.0000
vt 0.8993 0.0315 0.0000
vt 0.8958 0.0315 0.0000
vt 0.8922 0.0315 0.0000
vt 0.8886 0.0315 0.0000
vt 0.8850 0.0315 0.0000
vt 0.8814 0.0315 0.0000
vt 0.8779 0.0315 0.0000
vt 0.8742 0.0315 0.0000
vt 0.8706 0.0315 0.0000
vt 0.8670 0.0315 0.0000
vt 0.8634 0.0315 0.0000
vt 0.8598 0.0315 0.0000
vt 0.8562 0.0315 0.0000
vt 0.8525 0.0315 0.0000
vt 0.8489 0.0315 0.0000
vt 0.8453 0.0316 0.0000
vt 0.8416 0.0316 0.0000
vt 0.8380 0.0316 0.0000
vt 0.8344 0.0316 0.0000
vt 0.8307 0.0316 0.0000
vt 0.8271 0.0316 0.0000
vt 0.8235 0.0316 0.0000
vt 0.8198 0.0316 0.0000
vt 0.9283 0.0423 0.0000
vt 0.8997 0.0094 0.0000
vt 0.7145 0.3691 0.0000
vt 0.9072 0.0423 0.0000
vt 0.7140 0.3482 0.0000
vt 0.5388 0.3369 0.0000
vt 0.8997 0.0202 0.0000
vt 0.9283 0.0315 0.0000
vt 0.5392 0.3158 0.0000
vt 0.9072 0.0315 0.0000
vt 0.6397 0.2089 0.0000
vt 0.6402 0.1887 0.0000
vt 0.6406 0.1887 0.0000
vt 0.6401 0.2089 0.0000
vt 0.6362 0.2088 0.0000
vt 0.6367 0.1894 0.0000
vt 0.6327 0.2087 0.0000
vt 0.6331 0.1901 0.0000
vt 0.6291 0.2086 0.0000
vt 0.6295 0.1907 0.0000
vt 0.6256 0.2086 0.0000
vt 0.6260 0.1913 0.0000
vt 0.6220 0.2085 0.0000
vt 0.6224 0.1919 0.0000
vt 0.6184 0.2084 0.0000
vt 0.6188 0.1925 0.0000
vt 0.6148 0.2083 0.0000
vt 0.6151 0.1930 0.0000
vt 0.6112 0.2082 0.0000
vt 0.6115 0.1934 0.0000
vt 0.6076 0.2081 0.0000
vt 0.6079 0.1939 0.0000
vt 0.6040 0.2080 0.0000
vt 0.6043 0.1943 0.0000
vt 0.6004 0.2080 0.0000
vt 0.6007 0.1947 0.0000
vt 0.5968 0.2079 0.0000
vt 0.5970 0.1950 0.0000
vt 0.5931 0.2078 0.0000
vt 0.5934 0.1953 0.0000
vt 0.5895 0.2077 0.0000
vt 0.5897 0.1956 0.0000
vt 0.5859 0.2077 0.0000
vt 0.5861 0.1959 0.0000
vt 0.5823 0.2076 0.0000
vt 0.5824 0.1961 0.0000
vt 0.5786 0.2076 0.0000
vt 0.5788 0.1963 0.0000
vt 0.5750 0.2075 0.0000
vt 0.5751 0.1965 0.0000
vt 0.5713 0.2075 0.0000
vt 0.5715 0.1967 0.0000
vt 0.5677 0.2074 0.0000
vt 0.5678 0.1968 0.0000
vt 0.5641 0.2074 0.0000
vt 0.5641 0.1969 0.0000
vt 0.5604 0.2074 0.0000
vt 0.5605 0.1969 0.0000
vt 0.5568 0.2074 0.0000
vt 0.5568 0.1970 0.0000
vt 0.5531 0.2073 0.0000
vt 0.5531 0.1970 0.0000
vt 0.4658 0.1580 0.0000
vt 0.4663 0.1580 0.0000
vt 0.4668 0.1781 0.0000
vt 0.4663 0.1781 0.0000
vt 0.4697 0.1587 0.0000
vt 0.4702 0.1780 0.0000
vt 0.4733 0.1593 0.0000
vt 0.4738 0.1779 0.0000
vt 0.4769 0.1600 0.0000
vt 0.4773 0.1778 0.0000
vt 0.4805 0.1606 0.0000
vt 0.4809 0.1777 0.0000
vt 0.4841 0.1611 0.0000
vt 0.4845 0.1776 0.0000
vt 0.4877 0.1617 0.0000
vt 0.4881 0.1776 0.0000
vt 0.4913 0.1622 0.0000
vt 0.4917 0.1775 0.0000
vt 0.4949 0.1626 0.0000
vt 0.4953 0.1774 0.0000
vt 0.4985 0.1631 0.0000
vt 0.4989 0.1773 0.0000
vt 0.5022 0.1635 0.0000
vt 0.5025 0.1772 0.0000
vt 0.5058 0.1639 0.0000
vt 0.5061 0.1771 0.0000
vt 0.5095 0.1642 0.0000
vt 0.5097 0.1770 0.0000
vt 0.5131 0.1645 0.0000
vt 0.5134 0.1770 0.0000
vt 0.5168 0.1648 0.0000
vt 0.5170 0.1769 0.0000
vt 0.5204 0.1651 0.0000
vt 0.5206 0.1768 0.0000
vt 0.5241 0.1653 0.0000
vt 0.5243 0.1768 0.0000
vt 0.5278 0.1655 0.0000
vt 0.5279 0.1767 0.0000
vt 0.5314 0.1657 0.0000
vt 0.5316 0.1767 0.0000
vt 0.5351 0.1658 0.0000
vt 0.5352 0.1766 0.0000
vt 0.5388 0.1659 0.0000
vt 0.5389 0.1766 0.0000
vt 0.5425 0.1660 0.0000
vt 0.5425 0.1765 0.0000
vt 0.5461 0.1661 0.0000
vt 0.5462 0.1765 0.0000
vt 0.5498 0.1661 0.0000
vt 0.5498 0.1765 0.0000
vt 0.5535 0.1661 0.0000
vt 0.5535 0.1765 0.0000
vt 0.4102 0.5913 0.0000
vt 0.4102 0.6013 0.0000
vt 0.4098 0.6013 0.0000
vt 0.4098 0.5913 0.0000
vt 0.2354 0.5709 0.0000
vt 0.2354 0.5808 0.0000
vt 0.2349 0.5808 0.0000
vt 0.2349 0.5709 0.0000
vt 0.4313 0.5913 0.0000
vt 0.4313 0.6013 0.0000
vt 0.4111 0.6013 0.0000
vt 0.4111 0.5913 0.0000
vt 0.4063 0.6013 0.0000
vt 0.4063 0.5913 0.0000
vt 0.2388 0.5709 0.0000
vt 0.2388 0.5808 0.0000
vt 0.4026 0.6013 0.0000
vt 0.4026 0.5913 0.0000
vt 0.2424 0.5709 0.0000
vt 0.2424 0.5808 0.0000
vt 0.3990 0.6013 0.0000
vt 0.3990 0.5913 0.0000
vt 0.2459 0.5709 0.0000
vt 0.2459 0.5808 0.0000
vt 0.3954 0.6013 0.0000
vt 0.3954 0.5913 0.0000
vt 0.2495 0.5709 0.0000
vt 0.2495 0.5808 0.0000
vt 0.3917 0.6013 0.0000
vt 0.3917 0.5913 0.0000
vt 0.2531 0.5709 0.0000
vt 0.2531 0.5808 0.0000
vt 0.3881 0.6013 0.0000
vt 0.3881 0.5913 0.0000
vt 0.2567 0.5709 0.0000
vt 0.2567 0.5808 0.0000
vt 0.3844 0.6013 0.0000
vt 0.3844 0.5913 0.0000
vt 0.2603 0.5709 0.0000
vt 0.2603 0.5808 0.0000
vt 0.3808 0.6013 0.0000
vt 0.3808 0.5913 0.0000
vt 0.2639 0.5709 0.0000
vt 0.2639 0.5808 0.0000
vt 0.3771 0.6013 0.0000
vt 0.3771 0.5913 0.0000
vt 0.2675 0.5709 0.0000
vt 0.2675 0.5808 0.0000
vt 0.3735 0.6013 0.0000
vt 0.3735 0.5913 0.0000
vt 0.2711 0.5709 0.0000
vt 0.2711 0.5808 0.0000
vt 0.3699 0.6013 0.0000
vt 0.3699 0.5913 0.0000
vt 0.2747 0.5709 0.0000
vt 0.2747 0.5808 0.0000
vt 0.3662 0.6013 0.0000
vt 0.3662 0.5913 0.0000
vt 0.2783 0.5709 0.0000
vt 0.2783 0.5808 0.0000
vt 0.3626 0.6013 0.0000
vt 0.3626 0.5913 0.0000
vt 0.2819 0.5709 0.0000
vt 0.2819 0.5808 0.0000
vt 0.3589 0.6013 0.0000
vt 0.3589 0.5913 0.0000
vt 0.2856 0.5709 0.0000
vt 0.2856 0.5808 0.0000
vt 0.3553 0.6013 0.0000
vt 0.3553 0.5913 0.0000
vt 0.2892 0.5709 0.0000
vt 0.2892 0.5808 0.0000
vt 0.3516 0.6013 0.0000
vt 0.3516 0.5913 0.0000
vt 0.2928 0.5709 0.0000
vt 0.2928 0.5808 0.0000
vt 0.3480 0.6013 0.0000
vt 0.3480 0.5913 0.0000
vt 0.2964 0.5709 0.0000
vt 0.2964 0.5808 0.0000
vt 0.3444 0.6013 0.0000
vt 0.3444 0.5913 0.0000
vt 0.3001 0.5709 0.0000
vt 0.3001 0.5808 0.0000
vt 0.3407 0.6013 0.0000
vt 0.3407 0.5913 0.0000
vt 0.3037 0.5709 0.0000
vt 0.3037 0.5808 0.0000
vt 0.3371 0.6013 0.0000
vt 0.3371 0.5913 0.0000
vt 0.3074 0.5709 0.0000
vt 0.3074 0.5808 0.0000
vt 0.3334 0.6013 0.0000
vt 0.3334 0.5913 0.0000
vt 0.3110 0.5709 0.0000
vt 0.3110 0.5808 0.0000
vt 0.3298 0.6013 0.0000
vt 0.3298 0.5913 0.0000
vt 0.3146 0.5709 0.0000
vt 0.3146 0.5808 0.0000
vt 0.3261 0.6013 0.0000
vt 0.3261 0.5913 0.0000
vt 0.3183 0.5709 0.0000
vt 0.3183 0.5808 0.0000
vt 0.3225 0.6013 0.0000
vt 0.3225 0.5913 0.0000
vt 0.3219 0.5709 0.0000
vt 0.3219 0.5808 0.0000
vt 0.6406 0.1883 0.0000
vt 0.6402 0.1883 0.0000
vt 0.6397 0.2093 0.0000
vt 0.6401 0.2093 0.0000
vt 0.6405 0.2089 0.0000
vt 0.6410 0.1888 0.0000
vt 0.6367 0.1890 0.0000
vt 0.6362 0.2092 0.0000
vt 0.6331 0.1897 0.0000
vt 0.6327 0.2092 0.0000
vt 0.6296 0.1903 0.0000
vt 0.6291 0.2091 0.0000
vt 0.6260 0.1909 0.0000
vt 0.6255 0.2090 0.0000
vt 0.6224 0.1915 0.0000
vt 0.6220 0.2089 0.0000
vt 0.6188 0.1920 0.0000
vt 0.6184 0.2088 0.0000
vt 0.6152 0.1925 0.0000
vt 0.6148 0.2087 0.0000
vt 0.6115 0.1930 0.0000
vt 0.6112 0.2086 0.0000
vt 0.6079 0.1935 0.0000
vt 0.6076 0.2086 0.0000
vt 0.6043 0.1939 0.0000
vt 0.6040 0.2085 0.0000
vt 0.6007 0.1942 0.0000
vt 0.6004 0.2084 0.0000
vt 0.5970 0.1946 0.0000
vt 0.5968 0.2083 0.0000
vt 0.5934 0.1949 0.0000
vt 0.5931 0.2082 0.0000
vt 0.5897 0.1952 0.0000
vt 0.5895 0.2082 0.0000
vt 0.5861 0.1955 0.0000
vt 0.5859 0.2081 0.0000
vt 0.5824 0.1957 0.0000
vt 0.5822 0.2080 0.0000
vt 0.5788 0.1959 0.0000
vt 0.5786 0.2080 0.0000
vt 0.5751 0.1961 0.0000
vt 0.5750 0.2079 0.0000
vt 0.5715 0.1962 0.0000
vt 0.5713 0.2079 0.0000
vt 0.5678 0.1963 0.0000
vt 0.5677 0.2079 0.0000
vt 0.5641 0.1964 0.0000
vt 0.5641 0.2078 0.0000
vt 0.5605 0.1965 0.0000
vt 0.5604 0.2078 0.0000
vt 0.5568 0.1965 0.0000
vt 0.5568 0.2078 0.0000
vt 0.5531 0.1966 0.0000
vt 0.5531 0.2078 0.0000
vt 0.4663 0.1575 0.0000
vt 0.4658 0.1576 0.0000
vt 0.4654 0.1580 0.0000
vt 0.4659 0.1781 0.0000
vt 0.4664 0.1785 0.0000
vt 0.4668 0.1785 0.0000
vt 0.4697 0.1582 0.0000
vt 0.4702 0.1784 0.0000
vt 0.4733 0.1589 0.0000
vt 0.4738 0.1784 0.0000
vt 0.4769 0.1595 0.0000
vt 0.4773 0.1783 0.0000
vt 0.4805 0.1601 0.0000
vt 0.4809 0.1782 0.0000
vt 0.4841 0.1607 0.0000
vt 0.4845 0.1781 0.0000
vt 0.4877 0.1612 0.0000
vt 0.4881 0.1780 0.0000
vt 0.4913 0.1617 0.0000
vt 0.4917 0.1779 0.0000
vt 0.4949 0.1622 0.0000
vt 0.4953 0.1778 0.0000
vt 0.4985 0.1627 0.0000
vt 0.4989 0.1777 0.0000
vt 0.5022 0.1631 0.0000
vt 0.5025 0.1776 0.0000
vt 0.5058 0.1634 0.0000
vt 0.5061 0.1776 0.0000
vt 0.5095 0.1638 0.0000
vt 0.5097 0.1775 0.0000
vt 0.5131 0.1641 0.0000
vt 0.5134 0.1774 0.0000
vt 0.5168 0.1644 0.0000
vt 0.5170 0.1773 0.0000
vt 0.5204 0.1646 0.0000
vt 0.5206 0.1773 0.0000
vt 0.5241 0.1649 0.0000
vt 0.5243 0.1772 0.0000
vt 0.5278 0.1651 0.0000
vt 0.5279 0.1771 0.0000
vt 0.5314 0.1652 0.0000
vt 0.5316 0.1771 0.0000
vt 0.5351 0.1654 0.0000
vt 0.5352 0.1770 0.0000
vt 0.5388 0.1655 0.0000
vt 0.5389 0.1770 0.0000
vt 0.5425 0.1656 0.0000
vt 0.5425 0.1770 0.0000
vt 0.5461 0.1657 0.0000
vt 0.5462 0.1769 0.0000
vt 0.5498 0.1657 0.0000
vt 0.5498 0.1769 0.0000
vt 0.5535 0.1657 0.0000
vt 0.5535 0.1769 0.0000
vt 0.4107 0.6013 0.0000
vt 0.4107 0.5913 0.0000
vt 0.2345 0.5709 0.0000
vt 0.2345 0.5808 0.0000
vt 0.4102 0.6017 0.0000
vt 0.4098 0.6017 0.0000
vt 0.4063 0.6017 0.0000
vt 0.4026 0.6017 0.0000
vt 0.3990 0.6017 0.0000
vt 0.3954 0.6017 0.0000
vt 0.3917 0.6017 0.0000
vt 0.3881 0.6017 0.0000
vt 0.3844 0.6017 0.0000
vt 0.3808 0.6017 0.0000
vt 0.3771 0.6017 0.0000
vt 0.3735 0.6017 0.0000
vt 0.3699 0.6017 0.0000
vt 0.3662 0.6017 0.0000
vt 0.3626 0.6017 0.0000
vt 0.3589 0.6017 0.0000
vt 0.3553 0.6017 0.0000
vt 0.3516 0.6017 0.0000
vt 0.3480 0.6017 0.0000
vt 0.3444 0.6017 0.0000
vt 0.3407 0.6017 0.0000
vt 0.3371 0.6017 0.0000
vt 0.3334 0.6017 0.0000
vt 0.3298 0.6017 0.0000
vt 0.3261 0.6017 0.0000
vt 0.3225 0.6017 0.0000
vt 0.4313 0.6017 0.0000
vt 0.4111 0.6017 0.0000
vt 0.2354 0.5812 0.0000
vt 0.2349 0.5812 0.0000
vt 0.2388 0.5812 0.0000
vt 0.2424 0.5812 0.0000
vt 0.2459 0.5812 0.0000
vt 0.2495 0.5812 0.0000
vt 0.2531 0.5812 0.0000
vt 0.2567 0.5812 0.0000
vt 0.2603 0.5812 0.0000
vt 0.2639 0.5812 0.0000
vt 0.2675 0.5812 0.0000
vt 0.2711 0.5812 0.0000
vt 0.2747 0.5812 0.0000
vt 0.2783 0.5812 0.0000
vt 0.2819 0.5812 0.0000
vt 0.2856 0.5812 0.0000
vt 0.2892 0.5812 0.0000
vt 0.2928 0.5812 0.0000
vt 0.2964 0.5812 0.0000
vt 0.3001 0.5812 0.0000
vt 0.3037 0.5812 0.0000
vt 0.3074 0.5812 0.0000
vt 0.3110 0.5812 0.0000
vt 0.3146 0.5812 0.0000
vt 0.3183 0.5812 0.0000
vt 0.3219 0.5812 0.0000
vt 0.4317 0.5913 0.0000
vt 0.4317 0.6013 0.0000
vt 0.4098 0.5909 0.0000
vt 0.4102 0.5909 0.0000
vt 0.4063 0.5909 0.0000
vt 0.4026 0.5909 0.0000
vt 0.3990 0.5909 0.0000
vt 0.3954 0.5909 0.0000
vt 0.3917 0.5909 0.0000
vt 0.3881 0.5909 0.0000
vt 0.3844 0.5909 0.0000
vt 0.3808 0.5909 0.0000
vt 0.3771 0.5909 0.0000
vt 0.3735 0.5909 0.0000
vt 0.3699 0.5909 0.0000
vt 0.3662 0.5909 0.0000
vt 0.3626 0.5909 0.0000
vt 0.3589 0.5909 0.0000
vt 0.3553 0.5909 0.0000
vt 0.3516 0.5909 0.0000
vt 0.3480 0.5909 0.0000
vt 0.3444 0.5909 0.0000
vt 0.3407 0.5909 0.0000
vt 0.3371 0.5909 0.0000
vt 0.3334 0.5909 0.0000
vt 0.3298 0.5909 0.0000
vt 0.3261 0.5909 0.0000
vt 0.3225 0.5909 0.0000
vt 0.4111 0.5909 0.0000
vt 0.4313 0.5909 0.0000
vt 0.2349 0.5704 0.0000
vt 0.2354 0.5704 0.0000
vt 0.2388 0.5704 0.0000
vt 0.2424 0.5704 0.0000
vt 0.2459 0.5704 0.0000
vt 0.2495 0.5704 0.0000
vt 0.2531 0.5704 0.0000
vt 0.2567 0.5704 0.0000
vt 0.2603 0.5704 0.0000
vt 0.2639 0.5704 0.0000
vt 0.2675 0.5704 0.0000
vt 0.2711 0.5704 0.0000
vt 0.2747 0.5704 0.0000
vt 0.2783 0.5704 0.0000
vt 0.2819 0.5704 0.0000
vt 0.2856 0.5704 0.0000
vt 0.2892 0.5704 0.0000
vt 0.2928 0.5704 0.0000
vt 0.2964 0.5704 0.0000
vt 0.3001 0.5704 0.0000
vt 0.3037 0.5704 0.0000
vt 0.3074 0.5704 0.0000
vt 0.3110 0.5704 0.0000
vt 0.3146 0.5704 0.0000
vt 0.3183 0.5704 0.0000
vt 0.3219 0.5704 0.0000
vt 0.4107 0.6017 0.0000
vt 0.6410 0.1883 0.0000
vt 0.2345 0.5812 0.0000
vt 0.4317 0.6017 0.0000
vt 0.6405 0.2093 0.0000
vt 0.4654 0.1576 0.0000
vt 0.4107 0.5909 0.0000
vt 0.4659 0.1786 0.0000
vt 0.4317 0.5909 0.0000
vt 0.2345 0.5704 0.0000
vt 0.4983 0.1484 0.0000
vt 0.4978 0.1484 0.0000
vt 0.4979 0.1480 0.0000
vt 0.4983 0.1480 0.0000
vt 0.7035 0.1219 0.0000
vt 0.7035 0.1214 0.0000
vt 0.7039 0.1215 0.0000
vt 0.7040 0.1218 0.0000
vt 0.5088 0.4997 0.0000
vt 0.5084 0.4997 0.0000
vt 0.5084 0.4993 0.0000
vt 0.5088 0.4992 0.0000
vt 0.5088 0.5002 0.0000
vt 0.5083 0.5002 0.0000
vt 0.4987 0.1479 0.0000
vt 0.4988 0.1484 0.0000
vt 0.5093 0.4997 0.0000
vt 0.5093 0.5002 0.0000
vt 0.7030 0.1219 0.0000
vt 0.7031 0.1214 0.0000
vt 0.5093 0.4992 0.0000
vt 0.7035 0.1223 0.0000
vt 0.7030 0.1223 0.0000
vt 0.4983 0.1489 0.0000
vt 0.4978 0.1489 0.0000
vt 0.7040 0.1223 0.0000
vt 0.4988 0.1489 0.0000
vt 0.7035 0.1271 0.0000
vt 0.7030 0.1271 0.0000
vt 0.4983 0.1541 0.0000
vt 0.4982 0.1546 0.0000
vt 0.4979 0.1545 0.0000
vt 0.4978 0.1542 0.0000
vt 0.7035 0.1276 0.0000
vt 0.7040 0.1276 0.0000
vt 0.7039 0.1280 0.0000
vt 0.7035 0.1281 0.0000
vt 0.4308 0.7263 0.0000
vt 0.4308 0.7268 0.0000
vt 0.4304 0.7268 0.0000
vt 0.4303 0.7264 0.0000
vt 0.4303 0.6204 0.0000
vt 0.4308 0.6204 0.0000
vt 0.4308 0.7259 0.0000
vt 0.4303 0.7259 0.0000
vt 0.6042 0.1546 0.0000
vt 0.6042 0.1551 0.0000
vt 0.4987 0.1547 0.0000
vt 0.4987 0.1542 0.0000
vt 0.4312 0.7259 0.0000
vt 0.4312 0.7264 0.0000
vt 0.7030 0.1281 0.0000
vt 0.7030 0.1276 0.0000
vt 0.4312 0.7269 0.0000
vt 0.4978 0.1537 0.0000
vt 0.4983 0.1537 0.0000
vt 0.7040 0.1271 0.0000
vt 0.4987 0.1537 0.0000
vt 0.4981 0.1216 0.0000
vt 0.4981 0.1210 0.0000
vt 0.7142 0.4992 0.0000
vt 0.7142 0.4997 0.0000
vt 0.4981 0.1220 0.0000
vt 0.6362 0.7259 0.0000
vt 0.6362 0.7264 0.0000
vt 0.4981 0.1278 0.0000
vt 0.4981 0.1273 0.0000
vt 0.6042 0.1489 0.0000
vt 0.6042 0.1493 0.0000
vt 0.5093 0.6057 0.0000
vt 0.5088 0.6057 0.0000
vt 0.6042 0.1541 0.0000
vt 0.4312 0.6204 0.0000
vt 0.6047 0.1489 0.0000
vt 0.6047 0.1484 0.0000
vt 0.6051 0.1485 0.0000
vt 0.6052 0.1488 0.0000
vt 0.7033 0.1144 0.0000
vt 0.7038 0.1145 0.0000
vt 0.7037 0.1148 0.0000
vt 0.7033 0.1149 0.0000
vt 0.5088 0.6061 0.0000
vt 0.5088 0.6066 0.0000
vt 0.5084 0.6065 0.0000
vt 0.5084 0.6062 0.0000
vt 0.5083 0.6057 0.0000
vt 0.6043 0.1484 0.0000
vt 0.5093 0.6061 0.0000
vt 0.7028 0.1149 0.0000
vt 0.7028 0.1144 0.0000
vt 0.5093 0.6066 0.0000
vt 0.7028 0.1140 0.0000
vt 0.7033 0.1140 0.0000
vt 0.6052 0.1493 0.0000
vt 0.6047 0.1493 0.0000
vt 0.7038 0.1140 0.0000
vt 0.7028 0.1092 0.0000
vt 0.7033 0.1092 0.0000
vt 0.6047 0.1546 0.0000
vt 0.6052 0.1546 0.0000
vt 0.6051 0.1550 0.0000
vt 0.6047 0.1551 0.0000
vt 0.7033 0.1087 0.0000
vt 0.7033 0.1082 0.0000
vt 0.7037 0.1083 0.0000
vt 0.7038 0.1087 0.0000
vt 0.4308 0.6200 0.0000
vt 0.4303 0.6199 0.0000
vt 0.4304 0.6196 0.0000
vt 0.4307 0.6195 0.0000
vt 0.4312 0.6200 0.0000
vt 0.7028 0.1087 0.0000
vt 0.7029 0.1082 0.0000
vt 0.4312 0.6194 0.0000
vt 0.6047 0.1541 0.0000
vt 0.6052 0.1541 0.0000
vt 0.7038 0.1092 0.0000
vt 0.4979 0.1137 0.0000
vt 0.4979 0.1089 0.0000
vt 0.6991 0.9103 0.0000
vt 0.6996 0.9103 0.0000
vt 0.6996 0.9441 0.0000
vt 0.6991 0.9441 0.0000
vt 0.6978 0.9103 0.0000
vt 0.6985 0.9103 0.0000
vt 0.6984 0.9441 0.0000
vt 0.6978 0.9441 0.0000
vt 0.7682 0.7775 0.0000
vt 0.7678 0.7781 0.0000
vt 0.7675 0.7778 0.0000
vt 0.7676 0.7774 0.0000
vt 0.7672 0.7785 0.0000
vt 0.7671 0.7779 0.0000
vt 0.7670 0.7773 0.0000
vt 0.7091 0.9441 0.0000
vt 0.7085 0.9441 0.0000
vt 0.7085 0.9103 0.0000
vt 0.7091 0.9103 0.0000
vt 0.7576 0.7768 0.0000
vt 0.7665 0.7768 0.0000
vt 0.7665 0.7773 0.0000
vt 0.7576 0.7773 0.0000
vt 0.7103 0.9441 0.0000
vt 0.7097 0.9441 0.0000
vt 0.7097 0.9103 0.0000
vt 0.7103 0.9103 0.0000
vt 0.7576 0.7780 0.0000
vt 0.7665 0.7780 0.0000
vt 0.7666 0.7786 0.0000
vt 0.7576 0.7786 0.0000
vt 0.7559 0.7775 0.0000
vt 0.7565 0.7774 0.0000
vt 0.7566 0.7778 0.0000
vt 0.7563 0.7781 0.0000
vt 0.7569 0.7785 0.0000
vt 0.7571 0.7779 0.0000
vt 0.7571 0.7773 0.0000
vt 0.7677 0.7768 0.0000
vt 0.7671 0.7768 0.0000
vt 0.7671 0.7662 0.0000
vt 0.7677 0.7662 0.0000
vt 0.7683 0.7661 0.0000
vt 0.7683 0.7768 0.0000
vt 0.7571 0.7768 0.0000
vt 0.7565 0.7768 0.0000
vt 0.7565 0.7662 0.0000
vt 0.7571 0.7662 0.0000
vt 0.7558 0.7768 0.0000
vt 0.7558 0.7661 0.0000
vt 0.6867 0.9441 0.0000
vt 0.6973 0.9441 0.0000
vt 0.6973 0.9447 0.0000
vt 0.6867 0.9447 0.0000
vt 0.6849 0.9441 0.0000
vt 0.6843 0.9441 0.0000
vt 0.6843 0.9103 0.0000
vt 0.6849 0.9103 0.0000
vt 0.7665 0.7662 0.0000
vt 0.7576 0.7662 0.0000
vt 0.7576 0.7656 0.0000
vt 0.7665 0.7656 0.0000
vt 0.6861 0.9441 0.0000
vt 0.6855 0.9441 0.0000
vt 0.6855 0.9103 0.0000
vt 0.6861 0.9103 0.0000
vt 0.7682 0.7655 0.0000
vt 0.7676 0.7656 0.0000
vt 0.7675 0.7652 0.0000
vt 0.7678 0.7649 0.0000
vt 0.7672 0.7645 0.0000
vt 0.7671 0.7651 0.0000
vt 0.7670 0.7656 0.0000
vt 0.7109 0.9441 0.0000
vt 0.7215 0.9441 0.0000
vt 0.7215 0.9447 0.0000
vt 0.7109 0.9447 0.0000
vt 0.6749 0.9103 0.0000
vt 0.6754 0.9103 0.0000
vt 0.6754 0.9441 0.0000
vt 0.6749 0.9441 0.0000
vt 0.7220 0.9103 0.0000
vt 0.7227 0.9103 0.0000
vt 0.7227 0.9441 0.0000
vt 0.7220 0.9441 0.0000
vt 0.7665 0.7650 0.0000
vt 0.7576 0.7650 0.0000
vt 0.7576 0.7644 0.0000
vt 0.7666 0.7644 0.0000
vt 0.6742 0.9441 0.0000
vt 0.6742 0.9103 0.0000
vt 0.7559 0.7655 0.0000
vt 0.7563 0.7649 0.0000
vt 0.7566 0.7652 0.0000
vt 0.7565 0.7656 0.0000
vt 0.7569 0.7645 0.0000
vt 0.7571 0.7651 0.0000
vt 0.7571 0.7656 0.0000
vt 0.6973 0.9103 0.0000
vt 0.7103 0.9447 0.0000
vt 0.6861 0.9447 0.0000
vt 0.7215 0.9103 0.0000
vt 0.6996 0.9447 0.0000
vt 0.7085 0.9447 0.0000
vt 0.7664 0.8583 0.0000
vt 0.7575 0.8583 0.0000
vt 0.7575 0.8477 0.0000
vt 0.7664 0.8477 0.0000
vt 0.7664 0.8589 0.0000
vt 0.7575 0.8589 0.0000
vt 0.7575 0.8467 0.0000
vt 0.7664 0.8467 0.0000
vt 0.7664 0.8472 0.0000
vt 0.7575 0.8472 0.0000
vt 0.7569 0.8583 0.0000
vt 0.7569 0.8477 0.0000
vt 0.7674 0.8477 0.0000
vt 0.7674 0.8583 0.0000
vt 0.7670 0.8583 0.0000
vt 0.7670 0.8477 0.0000
vt 0.7569 0.8589 0.0000
vt 0.7670 0.8589 0.0000
vt 0.7674 0.8588 0.0000
vt 0.7672 0.8470 0.0000
vt 0.7674 0.8473 0.0000
vt 0.7670 0.8472 0.0000
vt 0.7668 0.8467 0.0000
vt 0.7569 0.8472 0.0000
vt 0.7571 0.8467 0.0000
vt 0.7672 0.8591 0.0000
vt 0.7668 0.8593 0.0000
vt 0.7664 0.8593 0.0000
vt 0.7575 0.8593 0.0000
vt 0.7571 0.8593 0.0000
vt 0.7567 0.8591 0.0000
vt 0.7565 0.8588 0.0000
vt 0.7565 0.8583 0.0000
vt 0.7565 0.8477 0.0000
vt 0.7565 0.8473 0.0000
vt 0.7567 0.8470 0.0000
vt 0.7575 0.8598 0.0000
vt 0.7569 0.8598 0.0000
vt 0.7564 0.8594 0.0000
vt 0.7561 0.8589 0.0000
vt 0.7561 0.8583 0.0000
vt 0.7561 0.8477 0.0000
vt 0.7561 0.8472 0.0000
vt 0.7564 0.8466 0.0000
vt 0.7569 0.8463 0.0000
vt 0.7575 0.8463 0.0000
vt 0.7664 0.8463 0.0000
vt 0.7670 0.8463 0.0000
vt 0.7675 0.8466 0.0000
vt 0.7678 0.8472 0.0000
vt 0.7678 0.8477 0.0000
vt 0.7678 0.8583 0.0000
vt 0.7678 0.8589 0.0000
vt 0.7675 0.8594 0.0000
vt 0.7670 0.8598 0.0000
vt 0.7664 0.8598 0.0000
vt 0.6991 0.9099 0.0000
vt 0.6996 0.9099 0.0000
vt 0.6978 0.9099 0.0000
vt 0.6985 0.9099 0.0000
vt 0.7103 0.9099 0.0000
vt 0.7109 0.9099 0.0000
vt 0.7109 0.9103 0.0000
vt 0.7097 0.9099 0.0000
vt 0.7091 0.9099 0.0000
vt 0.6861 0.9099 0.0000
vt 0.6867 0.9099 0.0000
vt 0.6867 0.9103 0.0000
vt 0.6855 0.9099 0.0000
vt 0.6849 0.9099 0.0000
vt 0.6749 0.9099 0.0000
vt 0.6754 0.9099 0.0000
vt 0.7220 0.9099 0.0000
vt 0.7227 0.9099 0.0000
vt 0.6742 0.9099 0.0000
vt 0.6973 0.9099 0.0000
vt 0.7215 0.9099 0.0000
vt 0.7085 0.9099 0.0000
vt 0.6843 0.9099 0.0000
vt 0.6991 0.9447 0.0000
vt 0.6984 0.9447 0.0000
vt 0.6978 0.9447 0.0000
vt 0.7091 0.9447 0.0000
vt 0.7097 0.9447 0.0000
vt 0.6849 0.9447 0.0000
vt 0.6843 0.9447 0.0000
vt 0.6855 0.9447 0.0000
vt 0.6754 0.9447 0.0000
vt 0.6749 0.9447 0.0000
vt 0.7227 0.9447 0.0000
vt 0.7220 0.9447 0.0000
vt 0.6742 0.9447 0.0000
vt 0.7524 0.9102 0.0000
vt 0.7524 0.9440 0.0000
vt 0.7519 0.9440 0.0000
vt 0.7519 0.9102 0.0000
vt 0.7537 0.9102 0.0000
vt 0.7537 0.9440 0.0000
vt 0.7531 0.9440 0.0000
vt 0.7531 0.9102 0.0000
vt 0.7682 0.7455 0.0000
vt 0.7676 0.7456 0.0000
vt 0.7675 0.7452 0.0000
vt 0.7678 0.7449 0.0000
vt 0.7672 0.7445 0.0000
vt 0.7670 0.7451 0.0000
vt 0.7670 0.7457 0.0000
vt 0.7424 0.9440 0.0000
vt 0.7424 0.9102 0.0000
vt 0.7430 0.9102 0.0000
vt 0.7430 0.9440 0.0000
vt 0.7576 0.7462 0.0000
vt 0.7576 0.7456 0.0000
vt 0.7664 0.7456 0.0000
vt 0.7665 0.7462 0.0000
vt 0.7412 0.9440 0.0000
vt 0.7412 0.9102 0.0000
vt 0.7418 0.9102 0.0000
vt 0.7418 0.9440 0.0000
vt 0.7576 0.7450 0.0000
vt 0.7575 0.7444 0.0000
vt 0.7665 0.7444 0.0000
vt 0.7665 0.7450 0.0000
vt 0.7559 0.7455 0.0000
vt 0.7563 0.7449 0.0000
vt 0.7566 0.7452 0.0000
vt 0.7565 0.7456 0.0000
vt 0.7569 0.7445 0.0000
vt 0.7570 0.7451 0.0000
vt 0.7570 0.7457 0.0000
vt 0.7676 0.7462 0.0000
vt 0.7676 0.7568 0.0000
vt 0.7670 0.7568 0.0000
vt 0.7670 0.7462 0.0000
vt 0.7683 0.7461 0.0000
vt 0.7683 0.7568 0.0000
vt 0.7570 0.7462 0.0000
vt 0.7570 0.7568 0.0000
vt 0.7564 0.7568 0.0000
vt 0.7564 0.7462 0.0000
vt 0.7558 0.7461 0.0000
vt 0.7558 0.7568 0.0000
vt 0.7648 0.9440 0.0000
vt 0.7648 0.9446 0.0000
vt 0.7543 0.9446 0.0000
vt 0.7543 0.9440 0.0000
vt 0.7666 0.9440 0.0000
vt 0.7666 0.9102 0.0000
vt 0.7672 0.9102 0.0000
vt 0.7672 0.9440 0.0000
vt 0.7665 0.7568 0.0000
vt 0.7664 0.7573 0.0000
vt 0.7576 0.7573 0.0000
vt 0.7576 0.7568 0.0000
vt 0.7654 0.9440 0.0000
vt 0.7654 0.9102 0.0000
vt 0.7660 0.9102 0.0000
vt 0.7660 0.9440 0.0000
vt 0.7682 0.7575 0.0000
vt 0.7678 0.7581 0.0000
vt 0.7675 0.7578 0.0000
vt 0.7676 0.7574 0.0000
vt 0.7672 0.7585 0.0000
vt 0.7670 0.7579 0.0000
vt 0.7670 0.7573 0.0000
vt 0.7406 0.9440 0.0000
vt 0.7406 0.9446 0.0000
vt 0.7300 0.9446 0.0000
vt 0.7300 0.9440 0.0000
vt 0.7767 0.9102 0.0000
vt 0.7767 0.9440 0.0000
vt 0.7761 0.9440 0.0000
vt 0.7761 0.9102 0.0000
vt 0.7295 0.9102 0.0000
vt 0.7295 0.9440 0.0000
vt 0.7288 0.9440 0.0000
vt 0.7288 0.9102 0.0000
vt 0.7665 0.7580 0.0000
vt 0.7665 0.7586 0.0000
vt 0.7575 0.7586 0.0000
vt 0.7576 0.7580 0.0000
vt 0.7773 0.9102 0.0000
vt 0.7773 0.9440 0.0000
vt 0.7559 0.7575 0.0000
vt 0.7565 0.7574 0.0000
vt 0.7566 0.7578 0.0000
vt 0.7563 0.7581 0.0000
vt 0.7569 0.7585 0.0000
vt 0.7570 0.7579 0.0000
vt 0.7570 0.7573 0.0000
vt 0.7543 0.9102 0.0000
vt 0.7412 0.9446 0.0000
vt 0.7654 0.9446 0.0000
vt 0.7300 0.9102 0.0000
vt 0.7519 0.9446 0.0000
vt 0.7430 0.9446 0.0000
vt 0.7658 0.8676 0.0000
vt 0.7658 0.8782 0.0000
vt 0.7569 0.8782 0.0000
vt 0.7569 0.8676 0.0000
vt 0.7658 0.8670 0.0000
vt 0.7569 0.8670 0.0000
vt 0.7569 0.8792 0.0000
vt 0.7569 0.8788 0.0000
vt 0.7658 0.8788 0.0000
vt 0.7658 0.8792 0.0000
vt 0.7564 0.8782 0.0000
vt 0.7564 0.8676 0.0000
vt 0.7668 0.8782 0.0000
vt 0.7664 0.8782 0.0000
vt 0.7664 0.8676 0.0000
vt 0.7668 0.8676 0.0000
vt 0.7564 0.8670 0.0000
vt 0.7664 0.8670 0.0000
vt 0.7668 0.8672 0.0000
vt 0.7666 0.8790 0.0000
vt 0.7663 0.8792 0.0000
vt 0.7664 0.8788 0.0000
vt 0.7668 0.8786 0.0000
vt 0.7565 0.8792 0.0000
vt 0.7564 0.8788 0.0000
vt 0.7666 0.8668 0.0000
vt 0.7663 0.8666 0.0000
vt 0.7658 0.8666 0.0000
vt 0.7569 0.8666 0.0000
vt 0.7565 0.8666 0.0000
vt 0.7561 0.8668 0.0000
vt 0.7559 0.8672 0.0000
vt 0.7559 0.8676 0.0000
vt 0.7559 0.8782 0.0000
vt 0.7559 0.8786 0.0000
vt 0.7561 0.8790 0.0000
vt 0.7569 0.8662 0.0000
vt 0.7564 0.8662 0.0000
vt 0.7558 0.8665 0.0000
vt 0.7555 0.8670 0.0000
vt 0.7555 0.8676 0.0000
vt 0.7555 0.8782 0.0000
vt 0.7555 0.8788 0.0000
vt 0.7558 0.8793 0.0000
vt 0.7564 0.8796 0.0000
vt 0.7569 0.8796 0.0000
vt 0.7658 0.8796 0.0000
vt 0.7664 0.8796 0.0000
vt 0.7669 0.8793 0.0000
vt 0.7672 0.8788 0.0000
vt 0.7672 0.8782 0.0000
vt 0.7672 0.8676 0.0000
vt 0.7672 0.8670 0.0000
vt 0.7669 0.8665 0.0000
vt 0.7664 0.8662 0.0000
vt 0.7658 0.8662 0.0000
vt 0.7524 0.9098 0.0000
vt 0.7519 0.9098 0.0000
vt 0.7537 0.9098 0.0000
vt 0.7531 0.9098 0.0000
vt 0.7412 0.9098 0.0000
vt 0.7406 0.9102 0.0000
vt 0.7406 0.9098 0.0000
vt 0.7418 0.9098 0.0000
vt 0.7424 0.9098 0.0000
vt 0.7654 0.9098 0.0000
vt 0.7648 0.9102 0.0000
vt 0.7648 0.9098 0.0000
vt 0.7660 0.9098 0.0000
vt 0.7666 0.9098 0.0000
vt 0.7767 0.9098 0.0000
vt 0.7761 0.9098 0.0000
vt 0.7295 0.9098 0.0000
vt 0.7288 0.9098 0.0000
vt 0.7773 0.9098 0.0000
vt 0.7543 0.9098 0.0000
vt 0.7300 0.9098 0.0000
vt 0.7430 0.9098 0.0000
vt 0.7672 0.9098 0.0000
vt 0.7524 0.9446 0.0000
vt 0.7531 0.9446 0.0000
vt 0.7537 0.9446 0.0000
vt 0.7424 0.9446 0.0000
vt 0.7418 0.9446 0.0000
vt 0.7666 0.9446 0.0000
vt 0.7672 0.9446 0.0000
vt 0.7660 0.9446 0.0000
vt 0.7761 0.9446 0.0000
vt 0.7767 0.9446 0.0000
vt 0.7288 0.9446 0.0000
vt 0.7295 0.9446 0.0000
vt 0.7773 0.9446 0.0000
vt 0.4607 0.9188 0.0000
vt 0.4611 0.9188 0.0000
vt 0.4611 0.9222 0.0000
vt 0.4607 0.9222 0.0000
vt 0.4599 0.9188 0.0000
vt 0.4603 0.9188 0.0000
vt 0.4603 0.9222 0.0000
vt 0.4599 0.9222 0.0000
vt 0.4816 0.9775 0.0000
vt 0.4814 0.9779 0.0000
vt 0.4812 0.9777 0.0000
vt 0.4812 0.9774 0.0000
vt 0.4810 0.9782 0.0000
vt 0.4809 0.9778 0.0000
vt 0.4809 0.9774 0.0000
vt 0.4682 0.9222 0.0000
vt 0.4678 0.9222 0.0000
vt 0.4678 0.9188 0.0000
vt 0.4682 0.9188 0.0000
vt 0.4738 0.9770 0.0000
vt 0.4805 0.9770 0.0000
vt 0.4805 0.9774 0.0000
vt 0.4738 0.9774 0.0000
vt 0.4690 0.9222 0.0000
vt 0.4686 0.9222 0.0000
vt 0.4686 0.9188 0.0000
vt 0.4690 0.9188 0.0000
vt 0.4738 0.9778 0.0000
vt 0.4805 0.9778 0.0000
vt 0.4805 0.9782 0.0000
vt 0.4738 0.9782 0.0000
vt 0.4727 0.9775 0.0000
vt 0.4731 0.9774 0.0000
vt 0.4732 0.9776 0.0000
vt 0.4730 0.9778 0.0000
vt 0.4733 0.9781 0.0000
vt 0.4734 0.9777 0.0000
vt 0.4735 0.9773 0.0000
vt 0.4813 0.9770 0.0000
vt 0.4809 0.9770 0.0000
vt 0.4809 0.9701 0.0000
vt 0.4813 0.9701 0.0000
vt 0.4817 0.9700 0.0000
vt 0.4817 0.9771 0.0000
vt 0.4735 0.9770 0.0000
vt 0.4730 0.9770 0.0000
vt 0.4731 0.9700 0.0000
vt 0.4735 0.9700 0.0000
vt 0.4726 0.9770 0.0000
vt 0.4727 0.9700 0.0000
vt 0.4526 0.9222 0.0000
vt 0.4595 0.9222 0.0000
vt 0.4595 0.9226 0.0000
vt 0.4526 0.9226 0.0000
vt 0.4514 0.9222 0.0000
vt 0.4510 0.9222 0.0000
vt 0.4510 0.9188 0.0000
vt 0.4514 0.9188 0.0000
vt 0.4806 0.9701 0.0000
vt 0.4739 0.9700 0.0000
vt 0.4739 0.9697 0.0000
vt 0.4806 0.9697 0.0000
vt 0.4522 0.9222 0.0000
vt 0.4518 0.9222 0.0000
vt 0.4518 0.9188 0.0000
vt 0.4522 0.9188 0.0000
vt 0.4817 0.9696 0.0000
vt 0.4813 0.9697 0.0000
vt 0.4812 0.9694 0.0000
vt 0.4814 0.9692 0.0000
vt 0.4810 0.9689 0.0000
vt 0.4809 0.9693 0.0000
vt 0.4809 0.9697 0.0000
vt 0.4693 0.9222 0.0000
vt 0.4763 0.9222 0.0000
vt 0.4763 0.9226 0.0000
vt 0.4693 0.9226 0.0000
vt 0.4440 0.9188 0.0000
vt 0.4443 0.9188 0.0000
vt 0.4443 0.9222 0.0000
vt 0.4440 0.9222 0.0000
vt 0.4767 0.9188 0.0000
vt 0.4771 0.9188 0.0000
vt 0.4771 0.9222 0.0000
vt 0.4767 0.9222 0.0000
vt 0.4806 0.9693 0.0000
vt 0.4739 0.9693 0.0000
vt 0.4738 0.9688 0.0000
vt 0.4806 0.9689 0.0000
vt 0.4435 0.9222 0.0000
vt 0.4435 0.9188 0.0000
vt 0.4727 0.9695 0.0000
vt 0.4730 0.9692 0.0000
vt 0.4732 0.9694 0.0000
vt 0.4731 0.9696 0.0000
vt 0.4734 0.9689 0.0000
vt 0.4735 0.9693 0.0000
vt 0.4735 0.9697 0.0000
vt 0.4595 0.9188 0.0000
vt 0.4690 0.9226 0.0000
vt 0.4522 0.9226 0.0000
vt 0.4763 0.9188 0.0000
vt 0.4611 0.9226 0.0000
vt 0.4678 0.9226 0.0000
vt 0.4665 0.9578 0.0000
vt 0.4666 0.9645 0.0000
vt 0.4596 0.9645 0.0000
vt 0.4596 0.9578 0.0000
vt 0.4669 0.9578 0.0000
vt 0.4669 0.9645 0.0000
vt 0.4590 0.9645 0.0000
vt 0.4589 0.9578 0.0000
vt 0.4592 0.9578 0.0000
vt 0.4592 0.9645 0.0000
vt 0.4666 0.9649 0.0000
vt 0.4596 0.9649 0.0000
vt 0.4596 0.9572 0.0000
vt 0.4665 0.9571 0.0000
vt 0.4665 0.9574 0.0000
vt 0.4596 0.9575 0.0000
vt 0.4669 0.9649 0.0000
vt 0.4669 0.9574 0.0000
vt 0.4668 0.9571 0.0000
vt 0.4591 0.9573 0.0000
vt 0.4593 0.9572 0.0000
vt 0.4592 0.9575 0.0000
vt 0.4589 0.9575 0.0000
vt 0.4592 0.9649 0.0000
vt 0.4590 0.9648 0.0000
vt 0.4670 0.9573 0.0000
vt 0.4672 0.9575 0.0000
vt 0.4672 0.9578 0.0000
vt 0.4672 0.9645 0.0000
vt 0.4672 0.9648 0.0000
vt 0.4671 0.9650 0.0000
vt 0.4669 0.9651 0.0000
vt 0.4666 0.9651 0.0000
vt 0.4596 0.9652 0.0000
vt 0.4593 0.9652 0.0000
vt 0.4591 0.9650 0.0000
vt 0.4675 0.9645 0.0000
vt 0.4675 0.9649 0.0000
vt 0.4673 0.9652 0.0000
vt 0.4669 0.9654 0.0000
vt 0.4666 0.9654 0.0000
vt 0.4596 0.9655 0.0000
vt 0.4592 0.9655 0.0000
vt 0.4589 0.9652 0.0000
vt 0.4587 0.9649 0.0000
vt 0.4587 0.9645 0.0000
vt 0.4586 0.9578 0.0000
vt 0.4586 0.9575 0.0000
vt 0.4588 0.9571 0.0000
vt 0.4592 0.9569 0.0000
vt 0.4596 0.9569 0.0000
vt 0.4665 0.9569 0.0000
vt 0.4669 0.9569 0.0000
vt 0.4672 0.9571 0.0000
vt 0.4675 0.9574 0.0000
vt 0.4675 0.9578 0.0000
vt 0.4607 0.9185 0.0000
vt 0.4611 0.9185 0.0000
vt 0.4599 0.9185 0.0000
vt 0.4603 0.9185 0.0000
vt 0.4690 0.9185 0.0000
vt 0.4693 0.9185 0.0000
vt 0.4693 0.9188 0.0000
vt 0.4686 0.9185 0.0000
vt 0.4682 0.9185 0.0000
vt 0.4522 0.9185 0.0000
vt 0.4526 0.9185 0.0000
vt 0.4526 0.9188 0.0000
vt 0.4518 0.9185 0.0000
vt 0.4514 0.9185 0.0000
vt 0.4440 0.9185 0.0000
vt 0.4443 0.9185 0.0000
vt 0.4767 0.9185 0.0000
vt 0.4771 0.9185 0.0000
vt 0.4435 0.9185 0.0000
vt 0.4595 0.9185 0.0000
vt 0.4763 0.9185 0.0000
vt 0.4678 0.9185 0.0000
vt 0.4510 0.9185 0.0000
vt 0.4607 0.9226 0.0000
vt 0.4603 0.9226 0.0000
vt 0.4599 0.9226 0.0000
vt 0.4682 0.9226 0.0000
vt 0.4686 0.9226 0.0000
vt 0.4514 0.9226 0.0000
vt 0.4510 0.9226 0.0000
vt 0.4518 0.9226 0.0000
vt 0.4443 0.9226 0.0000
vt 0.4440 0.9226 0.0000
vt 0.4771 0.9226 0.0000
vt 0.4767 0.9226 0.0000
vt 0.4435 0.9226 0.0000
vt 0.4619 0.9283 0.0000
vt 0.4622 0.9283 0.0000
vt 0.4622 0.9317 0.0000
vt 0.4619 0.9317 0.0000
vt 0.4610 0.9283 0.0000
vt 0.4614 0.9283 0.0000
vt 0.4614 0.9317 0.0000
vt 0.4610 0.9317 0.0000
vt 0.4815 0.9647 0.0000
vt 0.4812 0.9651 0.0000
vt 0.4810 0.9649 0.0000
vt 0.4811 0.9647 0.0000
vt 0.4809 0.9654 0.0000
vt 0.4808 0.9650 0.0000
vt 0.4807 0.9646 0.0000
vt 0.4693 0.9317 0.0000
vt 0.4689 0.9317 0.0000
vt 0.4689 0.9283 0.0000
vt 0.4693 0.9283 0.0000
vt 0.4737 0.9643 0.0000
vt 0.4804 0.9643 0.0000
vt 0.4804 0.9646 0.0000
vt 0.4737 0.9646 0.0000
vt 0.4701 0.9317 0.0000
vt 0.4697 0.9317 0.0000
vt 0.4697 0.9283 0.0000
vt 0.4701 0.9283 0.0000
vt 0.4737 0.9651 0.0000
vt 0.4804 0.9650 0.0000
vt 0.4804 0.9655 0.0000
vt 0.4737 0.9655 0.0000
vt 0.4726 0.9648 0.0000
vt 0.4730 0.9647 0.0000
vt 0.4730 0.9649 0.0000
vt 0.4728 0.9651 0.0000
vt 0.4732 0.9654 0.0000
vt 0.4733 0.9650 0.0000
vt 0.4733 0.9646 0.0000
vt 0.4812 0.9643 0.0000
vt 0.4807 0.9643 0.0000
vt 0.4807 0.9573 0.0000
vt 0.4811 0.9573 0.0000
vt 0.4816 0.9573 0.0000
vt 0.4816 0.9643 0.0000
vt 0.4733 0.9643 0.0000
vt 0.4729 0.9643 0.0000
vt 0.4729 0.9573 0.0000
vt 0.4733 0.9573 0.0000
vt 0.4725 0.9643 0.0000
vt 0.4725 0.9573 0.0000
vt 0.4537 0.9317 0.0000
vt 0.4607 0.9317 0.0000
vt 0.4607 0.9321 0.0000
vt 0.4537 0.9321 0.0000
vt 0.4525 0.9317 0.0000
vt 0.4521 0.9317 0.0000
vt 0.4521 0.9283 0.0000
vt 0.4525 0.9283 0.0000
vt 0.4804 0.9573 0.0000
vt 0.4737 0.9573 0.0000
vt 0.4737 0.9570 0.0000
vt 0.4804 0.9569 0.0000
vt 0.4533 0.9317 0.0000
vt 0.4529 0.9317 0.0000
vt 0.4529 0.9283 0.0000
vt 0.4533 0.9283 0.0000
vt 0.4815 0.9568 0.0000
vt 0.4811 0.9569 0.0000
vt 0.4810 0.9566 0.0000
vt 0.4812 0.9564 0.0000
vt 0.4808 0.9562 0.0000
vt 0.4808 0.9566 0.0000
vt 0.4807 0.9570 0.0000
vt 0.4705 0.9317 0.0000
vt 0.4774 0.9317 0.0000
vt 0.4774 0.9321 0.0000
vt 0.4705 0.9321 0.0000
vt 0.4451 0.9283 0.0000
vt 0.4455 0.9283 0.0000
vt 0.4455 0.9317 0.0000
vt 0.4451 0.9317 0.0000
vt 0.4778 0.9283 0.0000
vt 0.4782 0.9283 0.0000
vt 0.4782 0.9317 0.0000
vt 0.4778 0.9317 0.0000
vt 0.4804 0.9565 0.0000
vt 0.4737 0.9565 0.0000
vt 0.4736 0.9561 0.0000
vt 0.4804 0.9561 0.0000
vt 0.4447 0.9317 0.0000
vt 0.4447 0.9283 0.0000
vt 0.4726 0.9568 0.0000
vt 0.4728 0.9565 0.0000
vt 0.4730 0.9567 0.0000
vt 0.4729 0.9569 0.0000
vt 0.4732 0.9562 0.0000
vt 0.4733 0.9566 0.0000
vt 0.4733 0.9570 0.0000
vt 0.4607 0.9283 0.0000
vt 0.4701 0.9321 0.0000
vt 0.4533 0.9321 0.0000
vt 0.4774 0.9283 0.0000
vt 0.4622 0.9321 0.0000
vt 0.4689 0.9321 0.0000
vt 0.4665 0.9709 0.0000
vt 0.4665 0.9776 0.0000
vt 0.4596 0.9776 0.0000
vt 0.4595 0.9709 0.0000
vt 0.4669 0.9709 0.0000
vt 0.4669 0.9776 0.0000
vt 0.4589 0.9776 0.0000
vt 0.4589 0.9709 0.0000
vt 0.4592 0.9709 0.0000
vt 0.4592 0.9776 0.0000
vt 0.4665 0.9780 0.0000
vt 0.4596 0.9780 0.0000
vt 0.4595 0.9703 0.0000
vt 0.4665 0.9702 0.0000
vt 0.4665 0.9705 0.0000
vt 0.4595 0.9705 0.0000
vt 0.4669 0.9780 0.0000
vt 0.4669 0.9705 0.0000
vt 0.4668 0.9702 0.0000
vt 0.4590 0.9704 0.0000
vt 0.4592 0.9703 0.0000
vt 0.4592 0.9705 0.0000
vt 0.4589 0.9706 0.0000
vt 0.4592 0.9780 0.0000
vt 0.4589 0.9779 0.0000
vt 0.4670 0.9704 0.0000
vt 0.4671 0.9706 0.0000
vt 0.4671 0.9709 0.0000
vt 0.4672 0.9776 0.0000
vt 0.4672 0.9779 0.0000
vt 0.4670 0.9781 0.0000
vt 0.4668 0.9782 0.0000
vt 0.4665 0.9782 0.0000
vt 0.4596 0.9783 0.0000
vt 0.4593 0.9783 0.0000
vt 0.4590 0.9781 0.0000
vt 0.4674 0.9776 0.0000
vt 0.4674 0.9780 0.0000
vt 0.4672 0.9783 0.0000
vt 0.4669 0.9785 0.0000
vt 0.4665 0.9785 0.0000
vt 0.4596 0.9785 0.0000
vt 0.4592 0.9785 0.0000
vt 0.4588 0.9783 0.0000
vt 0.4586 0.9780 0.0000
vt 0.4586 0.9776 0.0000
vt 0.4586 0.9709 0.0000
vt 0.4586 0.9705 0.0000
vt 0.4588 0.9702 0.0000
vt 0.4592 0.9700 0.0000
vt 0.4595 0.9700 0.0000
vt 0.4665 0.9700 0.0000
vt 0.4669 0.9700 0.0000
vt 0.4672 0.9702 0.0000
vt 0.4674 0.9705 0.0000
vt 0.4674 0.9709 0.0000
vt 0.4619 0.9280 0.0000
vt 0.4622 0.9280 0.0000
vt 0.4610 0.9280 0.0000
vt 0.4614 0.9280 0.0000
vt 0.4701 0.9280 0.0000
vt 0.4705 0.9280 0.0000
vt 0.4705 0.9283 0.0000
vt 0.4697 0.9280 0.0000
vt 0.4693 0.9280 0.0000
vt 0.4533 0.9280 0.0000
vt 0.4537 0.9280 0.0000
vt 0.4537 0.9283 0.0000
vt 0.4529 0.9280 0.0000
vt 0.4525 0.9280 0.0000
vt 0.4451 0.9280 0.0000
vt 0.4455 0.9280 0.0000
vt 0.4778 0.9280 0.0000
vt 0.4782 0.9280 0.0000
vt 0.4447 0.9280 0.0000
vt 0.4607 0.9280 0.0000
vt 0.4774 0.9280 0.0000
vt 0.4689 0.9280 0.0000
vt 0.4521 0.9280 0.0000
vt 0.4619 0.9321 0.0000
vt 0.4614 0.9321 0.0000
vt 0.4610 0.9321 0.0000
vt 0.4693 0.9321 0.0000
vt 0.4697 0.9321 0.0000
vt 0.4525 0.9321 0.0000
vt 0.4521 0.9321 0.0000
vt 0.4529 0.9321 0.0000
vt 0.4455 0.9321 0.0000
vt 0.4451 0.9321 0.0000
vt 0.4782 0.9321 0.0000
vt 0.4778 0.9321 0.0000
vt 0.4447 0.9321 0.0000
vt 0.4192 0.9092 0.0000
vt 0.4196 0.9092 0.0000
vt 0.4196 0.9126 0.0000
vt 0.4192 0.9126 0.0000
vt 0.4184 0.9092 0.0000
vt 0.4188 0.9092 0.0000
vt 0.4188 0.9126 0.0000
vt 0.4184 0.9126 0.0000
vt 0.4808 0.9920 0.0000
vt 0.4805 0.9924 0.0000
vt 0.4803 0.9922 0.0000
vt 0.4804 0.9920 0.0000
vt 0.4801 0.9927 0.0000
vt 0.4800 0.9923 0.0000
vt 0.4800 0.9919 0.0000
vt 0.4267 0.9126 0.0000
vt 0.4263 0.9126 0.0000
vt 0.4263 0.9092 0.0000
vt 0.4267 0.9092 0.0000
vt 0.4730 0.9916 0.0000
vt 0.4797 0.9916 0.0000
vt 0.4797 0.9919 0.0000
vt 0.4730 0.9919 0.0000
vt 0.4275 0.9126 0.0000
vt 0.4271 0.9126 0.0000
vt 0.4271 0.9092 0.0000
vt 0.4275 0.9092 0.0000
vt 0.4730 0.9924 0.0000
vt 0.4797 0.9923 0.0000
vt 0.4797 0.9928 0.0000
vt 0.4729 0.9928 0.0000
vt 0.4718 0.9920 0.0000
vt 0.4722 0.9920 0.0000
vt 0.4723 0.9922 0.0000
vt 0.4721 0.9924 0.0000
vt 0.4725 0.9927 0.0000
vt 0.4726 0.9923 0.0000
vt 0.4726 0.9919 0.0000
vt 0.4804 0.9916 0.0000
vt 0.4800 0.9916 0.0000
vt 0.4800 0.9846 0.0000
vt 0.4804 0.9846 0.0000
vt 0.4808 0.9846 0.0000
vt 0.4808 0.9916 0.0000
vt 0.4726 0.9916 0.0000
vt 0.4722 0.9916 0.0000
vt 0.4722 0.9846 0.0000
vt 0.4726 0.9846 0.0000
vt 0.4718 0.9916 0.0000
vt 0.4718 0.9846 0.0000
vt 0.4111 0.9126 0.0000
vt 0.4180 0.9126 0.0000
vt 0.4180 0.9129 0.0000
vt 0.4111 0.9129 0.0000
vt 0.4099 0.9126 0.0000
vt 0.4095 0.9126 0.0000
vt 0.4095 0.9092 0.0000
vt 0.4099 0.9092 0.0000
vt 0.4797 0.9846 0.0000
vt 0.4730 0.9846 0.0000
vt 0.4730 0.9843 0.0000
vt 0.4796 0.9842 0.0000
vt 0.4107 0.9126 0.0000
vt 0.4103 0.9126 0.0000
vt 0.4103 0.9092 0.0000
vt 0.4107 0.9092 0.0000
vt 0.4808 0.9841 0.0000
vt 0.4804 0.9842 0.0000
vt 0.4803 0.9839 0.0000
vt 0.4805 0.9837 0.0000
vt 0.4801 0.9835 0.0000
vt 0.4800 0.9839 0.0000
vt 0.4800 0.9843 0.0000
vt 0.4279 0.9126 0.0000
vt 0.4348 0.9126 0.0000
vt 0.4348 0.9129 0.0000
vt 0.4279 0.9129 0.0000
vt 0.4025 0.9092 0.0000
vt 0.4028 0.9092 0.0000
vt 0.4028 0.9126 0.0000
vt 0.4025 0.9126 0.0000
vt 0.4352 0.9092 0.0000
vt 0.4356 0.9092 0.0000
vt 0.4356 0.9126 0.0000
vt 0.4352 0.9126 0.0000
vt 0.4797 0.9838 0.0000
vt 0.4730 0.9838 0.0000
vt 0.4729 0.9834 0.0000
vt 0.4797 0.9834 0.0000
vt 0.4021 0.9126 0.0000
vt 0.4021 0.9092 0.0000
vt 0.4718 0.9841 0.0000
vt 0.4721 0.9838 0.0000
vt 0.4723 0.9840 0.0000
vt 0.4722 0.9842 0.0000
vt 0.4725 0.9835 0.0000
vt 0.4726 0.9839 0.0000
vt 0.4726 0.9843 0.0000
vt 0.4180 0.9092 0.0000
vt 0.4275 0.9129 0.0000
vt 0.4107 0.9129 0.0000
vt 0.4348 0.9092 0.0000
vt 0.4196 0.9129 0.0000
vt 0.4263 0.9129 0.0000
vt 0.4515 0.9582 0.0000
vt 0.4516 0.9648 0.0000
vt 0.4446 0.9649 0.0000
vt 0.4446 0.9582 0.0000
vt 0.4519 0.9582 0.0000
vt 0.4519 0.9648 0.0000
vt 0.4440 0.9649 0.0000
vt 0.4439 0.9582 0.0000
vt 0.4442 0.9582 0.0000
vt 0.4442 0.9649 0.0000
vt 0.4516 0.9652 0.0000
vt 0.4446 0.9653 0.0000
vt 0.4446 0.9576 0.0000
vt 0.4515 0.9575 0.0000
vt 0.4515 0.9578 0.0000
vt 0.4446 0.9578 0.0000
vt 0.4519 0.9652 0.0000
vt 0.4519 0.9578 0.0000
vt 0.4518 0.9575 0.0000
vt 0.4441 0.9577 0.0000
vt 0.4443 0.9576 0.0000
vt 0.4442 0.9578 0.0000
vt 0.4439 0.9579 0.0000
vt 0.4442 0.9653 0.0000
vt 0.4440 0.9652 0.0000
vt 0.4520 0.9576 0.0000
vt 0.4522 0.9579 0.0000
vt 0.4522 0.9582 0.0000
vt 0.4522 0.9648 0.0000
vt 0.4522 0.9651 0.0000
vt 0.4521 0.9654 0.0000
vt 0.4519 0.9655 0.0000
vt 0.4516 0.9655 0.0000
vt 0.4446 0.9655 0.0000
vt 0.4443 0.9655 0.0000
vt 0.4441 0.9654 0.0000
vt 0.4525 0.9648 0.0000
vt 0.4525 0.9652 0.0000
vt 0.4523 0.9656 0.0000
vt 0.4519 0.9658 0.0000
vt 0.4516 0.9658 0.0000
vt 0.4446 0.9658 0.0000
vt 0.4442 0.9658 0.0000
vt 0.4439 0.9656 0.0000
vt 0.4437 0.9653 0.0000
vt 0.4437 0.9649 0.0000
vt 0.4436 0.9582 0.0000
vt 0.4436 0.9578 0.0000
vt 0.4438 0.9575 0.0000
vt 0.4442 0.9573 0.0000
vt 0.4446 0.9573 0.0000
vt 0.4515 0.9572 0.0000
vt 0.4519 0.9572 0.0000
vt 0.4522 0.9574 0.0000
vt 0.4525 0.9578 0.0000
vt 0.4525 0.9582 0.0000
vt 0.4192 0.9089 0.0000
vt 0.4196 0.9089 0.0000
vt 0.4184 0.9089 0.0000
vt 0.4188 0.9089 0.0000
vt 0.4275 0.9089 0.0000
vt 0.4279 0.9089 0.0000
vt 0.4279 0.9092 0.0000
vt 0.4271 0.9089 0.0000
vt 0.4267 0.9089 0.0000
vt 0.4107 0.9089 0.0000
vt 0.4111 0.9089 0.0000
vt 0.4111 0.9092 0.0000
vt 0.4103 0.9089 0.0000
vt 0.4099 0.9089 0.0000
vt 0.4025 0.9089 0.0000
vt 0.4028 0.9089 0.0000
vt 0.4352 0.9089 0.0000
vt 0.4356 0.9089 0.0000
vt 0.4021 0.9089 0.0000
vt 0.4180 0.9089 0.0000
vt 0.4348 0.9089 0.0000
vt 0.4263 0.9089 0.0000
vt 0.4095 0.9089 0.0000
vt 0.4192 0.9129 0.0000
vt 0.4188 0.9129 0.0000
vt 0.4184 0.9129 0.0000
vt 0.4267 0.9129 0.0000
vt 0.4271 0.9129 0.0000
vt 0.4099 0.9129 0.0000
vt 0.4095 0.9129 0.0000
vt 0.4103 0.9129 0.0000
vt 0.4028 0.9129 0.0000
vt 0.4025 0.9129 0.0000
vt 0.4356 0.9129 0.0000
vt 0.4352 0.9129 0.0000
vt 0.4021 0.9129 0.0000
vt 0.4199 0.9190 0.0000
vt 0.4202 0.9190 0.0000
vt 0.4202 0.9225 0.0000
vt 0.4199 0.9225 0.0000
vt 0.4190 0.9190 0.0000
vt 0.4194 0.9190 0.0000
vt 0.4194 0.9225 0.0000
vt 0.4190 0.9225 0.0000
vt 0.4805 0.9418 0.0000
vt 0.4809 0.9421 0.0000
vt 0.4807 0.9423 0.0000
vt 0.4804 0.9422 0.0000
vt 0.4811 0.9425 0.0000
vt 0.4807 0.9426 0.0000
vt 0.4803 0.9426 0.0000
vt 0.4273 0.9225 0.0000
vt 0.4269 0.9225 0.0000
vt 0.4269 0.9190 0.0000
vt 0.4273 0.9190 0.0000
vt 0.4800 0.9496 0.0000
vt 0.4800 0.9429 0.0000
vt 0.4804 0.9429 0.0000
vt 0.4804 0.9496 0.0000
vt 0.4281 0.9225 0.0000
vt 0.4277 0.9225 0.0000
vt 0.4277 0.9190 0.0000
vt 0.4281 0.9190 0.0000
vt 0.4808 0.9496 0.0000
vt 0.4808 0.9429 0.0000
vt 0.4812 0.9429 0.0000
vt 0.4812 0.9497 0.0000
vt 0.4805 0.9508 0.0000
vt 0.4804 0.9504 0.0000
vt 0.4807 0.9503 0.0000
vt 0.4809 0.9505 0.0000
vt 0.4811 0.9501 0.0000
vt 0.4807 0.9500 0.0000
vt 0.4803 0.9500 0.0000
vt 0.4800 0.9422 0.0000
vt 0.4800 0.9426 0.0000
vt 0.4730 0.9426 0.0000
vt 0.4730 0.9422 0.0000
vt 0.4730 0.9418 0.0000
vt 0.4800 0.9418 0.0000
vt 0.4800 0.9500 0.0000
vt 0.4800 0.9504 0.0000
vt 0.4730 0.9504 0.0000
vt 0.4730 0.9500 0.0000
vt 0.4800 0.9508 0.0000
vt 0.4730 0.9508 0.0000
vt 0.4117 0.9225 0.0000
vt 0.4187 0.9225 0.0000
vt 0.4187 0.9228 0.0000
vt 0.4117 0.9228 0.0000
vt 0.4105 0.9225 0.0000
vt 0.4101 0.9225 0.0000
vt 0.4101 0.9190 0.0000
vt 0.4105 0.9190 0.0000
vt 0.4730 0.9429 0.0000
vt 0.4730 0.9496 0.0000
vt 0.4727 0.9496 0.0000
vt 0.4727 0.9430 0.0000
vt 0.4113 0.9225 0.0000
vt 0.4109 0.9225 0.0000
vt 0.4109 0.9190 0.0000
vt 0.4113 0.9190 0.0000
vt 0.4726 0.9418 0.0000
vt 0.4727 0.9422 0.0000
vt 0.4724 0.9423 0.0000
vt 0.4722 0.9421 0.0000
vt 0.4719 0.9425 0.0000
vt 0.4723 0.9426 0.0000
vt 0.4727 0.9426 0.0000
vt 0.4285 0.9225 0.0000
vt 0.4354 0.9225 0.0000
vt 0.4354 0.9228 0.0000
vt 0.4285 0.9228 0.0000
vt 0.4031 0.9190 0.0000
vt 0.4035 0.9190 0.0000
vt 0.4035 0.9225 0.0000
vt 0.4031 0.9225 0.0000
vt 0.4358 0.9190 0.0000
vt 0.4362 0.9190 0.0000
vt 0.4362 0.9225 0.0000
vt 0.4358 0.9225 0.0000
vt 0.4723 0.9429 0.0000
vt 0.4723 0.9496 0.0000
vt 0.4719 0.9497 0.0000
vt 0.4719 0.9429 0.0000
vt 0.4027 0.9225 0.0000
vt 0.4027 0.9190 0.0000
vt 0.4726 0.9508 0.0000
vt 0.4722 0.9505 0.0000
vt 0.4724 0.9503 0.0000
vt 0.4727 0.9504 0.0000
vt 0.4719 0.9501 0.0000
vt 0.4723 0.9500 0.0000
vt 0.4727 0.9500 0.0000
vt 0.4187 0.9190 0.0000
vt 0.4281 0.9228 0.0000
vt 0.4113 0.9228 0.0000
vt 0.4354 0.9190 0.0000
vt 0.4202 0.9228 0.0000
vt 0.4269 0.9228 0.0000
vt 0.4664 0.9849 0.0000
vt 0.4664 0.9916 0.0000
vt 0.4594 0.9916 0.0000
vt 0.4594 0.9849 0.0000
vt 0.4667 0.9849 0.0000
vt 0.4667 0.9916 0.0000
vt 0.4588 0.9916 0.0000
vt 0.4587 0.9849 0.0000
vt 0.4590 0.9849 0.0000
vt 0.4590 0.9916 0.0000
vt 0.4664 0.9919 0.0000
vt 0.4594 0.9919 0.0000
vt 0.4594 0.9842 0.0000
vt 0.4664 0.9842 0.0000
vt 0.4664 0.9845 0.0000
vt 0.4594 0.9845 0.0000
vt 0.4667 0.9919 0.0000
vt 0.4667 0.9845 0.0000
vt 0.4666 0.9842 0.0000
vt 0.4589 0.9844 0.0000
vt 0.4591 0.9842 0.0000
vt 0.4590 0.9845 0.0000
vt 0.4587 0.9846 0.0000
vt 0.4590 0.9919 0.0000
vt 0.4588 0.9919 0.0000
vt 0.4669 0.9844 0.0000
vt 0.4670 0.9846 0.0000
vt 0.4670 0.9849 0.0000
vt 0.4670 0.9916 0.0000
vt 0.4670 0.9919 0.0000
vt 0.4669 0.9921 0.0000
vt 0.4666 0.9922 0.0000
vt 0.4664 0.9922 0.0000
vt 0.4594 0.9922 0.0000
vt 0.4591 0.9922 0.0000
vt 0.4589 0.9921 0.0000
vt 0.4673 0.9916 0.0000
vt 0.4673 0.9919 0.0000
vt 0.4671 0.9923 0.0000
vt 0.4667 0.9925 0.0000
vt 0.4664 0.9925 0.0000
vt 0.4594 0.9925 0.0000
vt 0.4590 0.9925 0.0000
vt 0.4587 0.9923 0.0000
vt 0.4585 0.9919 0.0000
vt 0.4585 0.9916 0.0000
vt 0.4585 0.9849 0.0000
vt 0.4585 0.9845 0.0000
vt 0.4587 0.9842 0.0000
vt 0.4590 0.9840 0.0000
vt 0.4594 0.9840 0.0000
vt 0.4664 0.9840 0.0000
vt 0.4667 0.9840 0.0000
vt 0.4671 0.9842 0.0000
vt 0.4673 0.9845 0.0000
vt 0.4673 0.9849 0.0000
vt 0.4199 0.9188 0.0000
vt 0.4202 0.9188 0.0000
vt 0.4190 0.9188 0.0000
vt 0.4194 0.9188 0.0000
vt 0.4281 0.9188 0.0000
vt 0.4285 0.9188 0.0000
vt 0.4285 0.9190 0.0000
vt 0.4277 0.9188 0.0000
vt 0.4273 0.9188 0.0000
vt 0.4113 0.9188 0.0000
vt 0.4117 0.9188 0.0000
vt 0.4117 0.9190 0.0000
vt 0.4109 0.9188 0.0000
vt 0.4105 0.9188 0.0000
vt 0.4031 0.9188 0.0000
vt 0.4035 0.9188 0.0000
vt 0.4358 0.9188 0.0000
vt 0.4362 0.9188 0.0000
vt 0.4027 0.9188 0.0000
vt 0.4187 0.9188 0.0000
vt 0.4354 0.9188 0.0000
vt 0.4269 0.9188 0.0000
vt 0.4101 0.9188 0.0000
vt 0.4199 0.9228 0.0000
vt 0.4194 0.9228 0.0000
vt 0.4190 0.9228 0.0000
vt 0.4273 0.9228 0.0000
vt 0.4277 0.9228 0.0000
vt 0.4105 0.9228 0.0000
vt 0.4101 0.9228 0.0000
vt 0.4109 0.9228 0.0000
vt 0.4035 0.9228 0.0000
vt 0.4031 0.9228 0.0000
vt 0.4362 0.9228 0.0000
vt 0.4358 0.9228 0.0000
vt 0.4027 0.9228 0.0000
vt 0.4979 0.1084 0.0000
vt 0.7142 0.6061 0.0000
vt 0.7142 0.6066 0.0000
vt 0.6362 0.6200 0.0000
vt 0.6362 0.6204 0.0000
vt 0.7142 0.5002 0.0000
vt 0.7142 0.6057 0.0000
vt 0.6760 0.7340 0.0000
vt 0.6758 0.7542 0.0000
vt 0.6754 0.7542 0.0000
vt 0.6755 0.7340 0.0000
vt 0.6794 0.7340 0.0000
vt 0.6793 0.7534 0.0000
vt 0.6830 0.7340 0.0000
vt 0.6828 0.7527 0.0000
vt 0.6865 0.7340 0.0000
vt 0.6864 0.7520 0.0000
vt 0.6901 0.7341 0.0000
vt 0.6900 0.7513 0.0000
vt 0.6937 0.7341 0.0000
vt 0.6936 0.7507 0.0000
vt 0.6973 0.7341 0.0000
vt 0.6972 0.7501 0.0000
vt 0.7009 0.7342 0.0000
vt 0.7008 0.7495 0.0000
vt 0.7045 0.7342 0.0000
vt 0.7044 0.7490 0.0000
vt 0.7078 0.7342 0.0000
vt 0.7077 0.7486 0.0000
vt 0.7110 0.7485 0.0000
vt 0.7111 0.7342 0.0000
vt 0.6754 0.7054 0.0000
vt 0.6758 0.7054 0.0000
vt 0.6758 0.7255 0.0000
vt 0.6754 0.7256 0.0000
vt 0.6792 0.7061 0.0000
vt 0.6792 0.7255 0.0000
vt 0.6828 0.7069 0.0000
vt 0.6828 0.7255 0.0000
vt 0.6864 0.7076 0.0000
vt 0.6864 0.7255 0.0000
vt 0.6899 0.7083 0.0000
vt 0.6899 0.7255 0.0000
vt 0.6935 0.7090 0.0000
vt 0.6935 0.7255 0.0000
vt 0.6971 0.7096 0.0000
vt 0.6971 0.7255 0.0000
vt 0.7007 0.7102 0.0000
vt 0.7007 0.7255 0.0000
vt 0.7043 0.7108 0.0000
vt 0.7043 0.7255 0.0000
vt 0.7076 0.7111 0.0000
vt 0.7076 0.7255 0.0000
vt 0.6680 0.6762 0.0000
vt 0.6680 0.6662 0.0000
vt 0.6685 0.6662 0.0000
vt 0.6685 0.6762 0.0000
vt 0.6472 0.6853 0.0000
vt 0.6472 0.6952 0.0000
vt 0.6468 0.6952 0.0000
vt 0.6468 0.6853 0.0000
vt 0.6470 0.6762 0.0000
vt 0.6470 0.6662 0.0000
vt 0.6671 0.6662 0.0000
vt 0.6671 0.6762 0.0000
vt 0.6720 0.6662 0.0000
vt 0.6720 0.6762 0.0000
vt 0.6506 0.6853 0.0000
vt 0.6506 0.6952 0.0000
vt 0.6756 0.6662 0.0000
vt 0.6756 0.6762 0.0000
vt 0.6542 0.6853 0.0000
vt 0.6542 0.6952 0.0000
vt 0.6793 0.6662 0.0000
vt 0.6793 0.6762 0.0000
vt 0.6578 0.6853 0.0000
vt 0.6578 0.6952 0.0000
vt 0.6829 0.6662 0.0000
vt 0.6829 0.6762 0.0000
vt 0.6613 0.6853 0.0000
vt 0.6613 0.6952 0.0000
vt 0.6865 0.6662 0.0000
vt 0.6865 0.6762 0.0000
vt 0.6649 0.6853 0.0000
vt 0.6649 0.6952 0.0000
vt 0.6902 0.6662 0.0000
vt 0.6902 0.6762 0.0000
vt 0.6685 0.6853 0.0000
vt 0.6685 0.6952 0.0000
vt 0.6938 0.6662 0.0000
vt 0.6938 0.6762 0.0000
vt 0.6721 0.6853 0.0000
vt 0.6721 0.6952 0.0000
vt 0.6975 0.6662 0.0000
vt 0.6975 0.6762 0.0000
vt 0.6757 0.6853 0.0000
vt 0.6757 0.6952 0.0000
vt 0.7008 0.6662 0.0000
vt 0.7008 0.6762 0.0000
vt 0.6790 0.6853 0.0000
vt 0.6790 0.6952 0.0000
vt 0.6823 0.6952 0.0000
vt 0.6823 0.6853 0.0000
vt 0.6754 0.7546 0.0000
vt 0.6758 0.7546 0.0000
vt 0.6760 0.7335 0.0000
vt 0.6755 0.7335 0.0000
vt 0.6751 0.7340 0.0000
vt 0.6750 0.7542 0.0000
vt 0.6793 0.7539 0.0000
vt 0.6794 0.7336 0.0000
vt 0.6828 0.7531 0.0000
vt 0.6830 0.7336 0.0000
vt 0.6864 0.7524 0.0000
vt 0.6865 0.7336 0.0000
vt 0.6900 0.7517 0.0000
vt 0.6901 0.7336 0.0000
vt 0.6936 0.7511 0.0000
vt 0.6937 0.7337 0.0000
vt 0.6972 0.7505 0.0000
vt 0.6973 0.7337 0.0000
vt 0.7008 0.7499 0.0000
vt 0.7009 0.7337 0.0000
vt 0.7044 0.7494 0.0000
vt 0.7045 0.7337 0.0000
vt 0.7077 0.7490 0.0000
vt 0.7078 0.7338 0.0000
vt 0.7110 0.7489 0.0000
vt 0.6758 0.7049 0.0000
vt 0.6754 0.7049 0.0000
vt 0.6749 0.7054 0.0000
vt 0.6749 0.7256 0.0000
vt 0.6754 0.7260 0.0000
vt 0.6758 0.7260 0.0000
vt 0.6792 0.7057 0.0000
vt 0.6792 0.7260 0.0000
vt 0.6828 0.7064 0.0000
vt 0.6828 0.7260 0.0000
vt 0.6864 0.7072 0.0000
vt 0.6864 0.7260 0.0000
vt 0.6899 0.7079 0.0000
vt 0.6899 0.7260 0.0000
vt 0.6935 0.7085 0.0000
vt 0.6935 0.7260 0.0000
vt 0.6971 0.7092 0.0000
vt 0.6971 0.7260 0.0000
vt 0.7007 0.7098 0.0000
vt 0.7007 0.7260 0.0000
vt 0.7043 0.7103 0.0000
vt 0.7043 0.7260 0.0000
vt 0.7077 0.7107 0.0000
vt 0.7076 0.7260 0.0000
vt 0.7109 0.7109 0.0000
vt 0.7109 0.7113 0.0000
vt 0.7109 0.7255 0.0000
vt 0.7109 0.7260 0.0000
vt 0.6676 0.6662 0.0000
vt 0.6676 0.6762 0.0000
vt 0.6463 0.6853 0.0000
vt 0.6463 0.6952 0.0000
vt 0.6680 0.6658 0.0000
vt 0.6685 0.6658 0.0000
vt 0.6720 0.6658 0.0000
vt 0.6756 0.6658 0.0000
vt 0.6793 0.6658 0.0000
vt 0.6829 0.6658 0.0000
vt 0.6865 0.6658 0.0000
vt 0.6902 0.6658 0.0000
vt 0.6938 0.6658 0.0000
vt 0.6975 0.6658 0.0000
vt 0.7008 0.6658 0.0000
vt 0.7041 0.6658 0.0000
vt 0.7041 0.6662 0.0000
vt 0.6470 0.6658 0.0000
vt 0.6671 0.6658 0.0000
vt 0.6472 0.6957 0.0000
vt 0.6468 0.6957 0.0000
vt 0.6506 0.6957 0.0000
vt 0.6542 0.6957 0.0000
vt 0.6578 0.6957 0.0000
vt 0.6613 0.6957 0.0000
vt 0.6649 0.6957 0.0000
vt 0.6685 0.6957 0.0000
vt 0.6721 0.6957 0.0000
vt 0.6757 0.6957 0.0000
vt 0.6790 0.6957 0.0000
vt 0.6465 0.6762 0.0000
vt 0.6465 0.6662 0.0000
vt 0.6685 0.6766 0.0000
vt 0.6680 0.6766 0.0000
vt 0.6720 0.6766 0.0000
vt 0.6756 0.6766 0.0000
vt 0.6793 0.6766 0.0000
vt 0.6829 0.6766 0.0000
vt 0.6865 0.6766 0.0000
vt 0.6902 0.6766 0.0000
vt 0.6938 0.6766 0.0000
vt 0.6975 0.6766 0.0000
vt 0.7008 0.6766 0.0000
vt 0.6671 0.6766 0.0000
vt 0.6470 0.6766 0.0000
vt 0.6468 0.6849 0.0000
vt 0.6472 0.6849 0.0000
vt 0.6506 0.6849 0.0000
vt 0.6542 0.6849 0.0000
vt 0.6578 0.6849 0.0000
vt 0.6613 0.6849 0.0000
vt 0.6649 0.6849 0.0000
vt 0.6685 0.6849 0.0000
vt 0.6721 0.6849 0.0000
vt 0.6757 0.6849 0.0000
vt 0.6790 0.6849 0.0000
vt 0.6823 0.6849 0.0000
vt 0.6676 0.6658 0.0000
vt 0.6750 0.7546 0.0000
vt 0.6463 0.6957 0.0000
vt 0.6465 0.6658 0.0000
vt 0.6751 0.7335 0.0000
vt 0.6749 0.7049 0.0000
vt 0.6676 0.6766 0.0000
vt 0.6749 0.7260 0.0000
vt 0.6465 0.6766 0.0000
vt 0.6463 0.6849 0.0000
vt 0.7041 0.6762 0.0000
vt 0.7111 0.7338 0.0000
vt 0.6823 0.6957 0.0000
vt 0.7041 0.6766 0.0000
vt 0.7462 0.7344 0.0000
vt 0.7466 0.7344 0.0000
vt 0.7465 0.7546 0.0000
vt 0.7461 0.7546 0.0000
vt 0.7428 0.7344 0.0000
vt 0.7426 0.7538 0.0000
vt 0.7392 0.7344 0.0000
vt 0.7391 0.7531 0.0000
vt 0.7356 0.7344 0.0000
vt 0.7355 0.7523 0.0000
vt 0.7321 0.7343 0.0000
vt 0.7320 0.7516 0.0000
vt 0.7285 0.7343 0.0000
vt 0.7284 0.7509 0.0000
vt 0.7249 0.7343 0.0000
vt 0.7248 0.7503 0.0000
vt 0.7213 0.7343 0.0000
vt 0.7212 0.7496 0.0000
vt 0.7177 0.7343 0.0000
vt 0.7176 0.7491 0.0000
vt 0.7144 0.7342 0.0000
vt 0.7143 0.7486 0.0000
vt 0.7465 0.7054 0.0000
vt 0.7465 0.7256 0.0000
vt 0.7460 0.7256 0.0000
vt 0.7460 0.7054 0.0000
vt 0.7426 0.7256 0.0000
vt 0.7426 0.7062 0.0000
vt 0.7390 0.7256 0.0000
vt 0.7391 0.7069 0.0000
vt 0.7355 0.7256 0.0000
vt 0.7355 0.7076 0.0000
vt 0.7319 0.7256 0.0000
vt 0.7319 0.7083 0.0000
vt 0.7283 0.7256 0.0000
vt 0.7283 0.7090 0.0000
vt 0.7247 0.7256 0.0000
vt 0.7247 0.7096 0.0000
vt 0.7211 0.7256 0.0000
vt 0.7211 0.7102 0.0000
vt 0.7175 0.7256 0.0000
vt 0.7175 0.7108 0.0000
vt 0.7142 0.7256 0.0000
vt 0.7142 0.7112 0.0000
vt 0.7402 0.6762 0.0000
vt 0.7397 0.6762 0.0000
vt 0.7397 0.6662 0.0000
vt 0.7402 0.6662 0.0000
vt 0.7174 0.6853 0.0000
vt 0.7179 0.6853 0.0000
vt 0.7179 0.6952 0.0000
vt 0.7174 0.6952 0.0000
vt 0.7187 0.6853 0.0000
vt 0.7389 0.6853 0.0000
vt 0.7389 0.6952 0.0000
vt 0.7187 0.6952 0.0000
vt 0.7362 0.6762 0.0000
vt 0.7362 0.6662 0.0000
vt 0.7140 0.6853 0.0000
vt 0.7140 0.6952 0.0000
vt 0.7326 0.6762 0.0000
vt 0.7326 0.6662 0.0000
vt 0.7104 0.6853 0.0000
vt 0.7104 0.6952 0.0000
vt 0.7290 0.6762 0.0000
vt 0.7290 0.6662 0.0000
vt 0.7069 0.6853 0.0000
vt 0.7069 0.6952 0.0000
vt 0.7253 0.6762 0.0000
vt 0.7253 0.6662 0.0000
vt 0.7033 0.6853 0.0000
vt 0.7033 0.6952 0.0000
vt 0.7217 0.6762 0.0000
vt 0.7217 0.6662 0.0000
vt 0.6997 0.6853 0.0000
vt 0.6997 0.6952 0.0000
vt 0.7180 0.6762 0.0000
vt 0.7180 0.6662 0.0000
vt 0.6961 0.6853 0.0000
vt 0.6961 0.6952 0.0000
vt 0.7144 0.6762 0.0000
vt 0.7144 0.6662 0.0000
vt 0.6925 0.6853 0.0000
vt 0.6925 0.6952 0.0000
vt 0.7108 0.6762 0.0000
vt 0.7108 0.6662 0.0000
vt 0.6889 0.6853 0.0000
vt 0.6889 0.6952 0.0000
vt 0.7074 0.6762 0.0000
vt 0.7074 0.6662 0.0000
vt 0.6856 0.6853 0.0000
vt 0.6856 0.6952 0.0000
vt 0.7465 0.7551 0.0000
vt 0.7461 0.7551 0.0000
vt 0.7462 0.7340 0.0000
vt 0.7466 0.7340 0.0000
vt 0.7471 0.7344 0.0000
vt 0.7469 0.7546 0.0000
vt 0.7426 0.7543 0.0000
vt 0.7428 0.7340 0.0000
vt 0.7391 0.7535 0.0000
vt 0.7392 0.7340 0.0000
vt 0.7355 0.7527 0.0000
vt 0.7356 0.7339 0.0000
vt 0.7320 0.7520 0.0000
vt 0.7321 0.7339 0.0000
vt 0.7284 0.7513 0.0000
vt 0.7285 0.7339 0.0000
vt 0.7248 0.7507 0.0000
vt 0.7249 0.7339 0.0000
vt 0.7212 0.7501 0.0000
vt 0.7213 0.7339 0.0000
vt 0.7176 0.7495 0.0000
vt 0.7177 0.7338 0.0000
vt 0.7143 0.7491 0.0000
vt 0.7144 0.7338 0.0000
vt 0.7460 0.7050 0.0000
vt 0.7465 0.7050 0.0000
vt 0.7469 0.7054 0.0000
vt 0.7469 0.7256 0.0000
vt 0.7465 0.7260 0.0000
vt 0.7460 0.7260 0.0000
vt 0.7426 0.7057 0.0000
vt 0.7426 0.7260 0.0000
vt 0.7391 0.7065 0.0000
vt 0.7390 0.7260 0.0000
vt 0.7355 0.7072 0.0000
vt 0.7355 0.7260 0.0000
vt 0.7319 0.7079 0.0000
vt 0.7319 0.7260 0.0000
vt 0.7283 0.7086 0.0000
vt 0.7283 0.7260 0.0000
vt 0.7247 0.7092 0.0000
vt 0.7247 0.7260 0.0000
vt 0.7211 0.7098 0.0000
vt 0.7211 0.7260 0.0000
vt 0.7175 0.7103 0.0000
vt 0.7175 0.7260 0.0000
vt 0.7142 0.7107 0.0000
vt 0.7142 0.7260 0.0000
vt 0.7406 0.6662 0.0000
vt 0.7406 0.6762 0.0000
vt 0.7183 0.6853 0.0000
vt 0.7183 0.6952 0.0000
vt 0.7397 0.6658 0.0000
vt 0.7402 0.6658 0.0000
vt 0.7362 0.6658 0.0000
vt 0.7326 0.6658 0.0000
vt 0.7290 0.6658 0.0000
vt 0.7253 0.6658 0.0000
vt 0.7217 0.6658 0.0000
vt 0.7180 0.6658 0.0000
vt 0.7144 0.6658 0.0000
vt 0.7108 0.6658 0.0000
vt 0.7074 0.6658 0.0000
vt 0.7389 0.6957 0.0000
vt 0.7187 0.6957 0.0000
vt 0.7394 0.6853 0.0000
vt 0.7394 0.6952 0.0000
vt 0.7179 0.6957 0.0000
vt 0.7174 0.6957 0.0000
vt 0.7140 0.6957 0.0000
vt 0.7104 0.6957 0.0000
vt 0.7069 0.6957 0.0000
vt 0.7033 0.6957 0.0000
vt 0.6997 0.6957 0.0000
vt 0.6961 0.6957 0.0000
vt 0.6925 0.6957 0.0000
vt 0.6889 0.6957 0.0000
vt 0.6856 0.6957 0.0000
vt 0.7402 0.6766 0.0000
vt 0.7397 0.6766 0.0000
vt 0.7362 0.6766 0.0000
vt 0.7326 0.6766 0.0000
vt 0.7290 0.6766 0.0000
vt 0.7253 0.6766 0.0000
vt 0.7217 0.6766 0.0000
vt 0.7180 0.6766 0.0000
vt 0.7144 0.6766 0.0000
vt 0.7108 0.6766 0.0000
vt 0.7074 0.6766 0.0000
vt 0.7187 0.6849 0.0000
vt 0.7389 0.6849 0.0000
vt 0.7174 0.6849 0.0000
vt 0.7179 0.6849 0.0000
vt 0.7140 0.6849 0.0000
vt 0.7104 0.6849 0.0000
vt 0.7069 0.6849 0.0000
vt 0.7033 0.6849 0.0000
vt 0.6997 0.6849 0.0000
vt 0.6961 0.6849 0.0000
vt 0.6925 0.6849 0.0000
vt 0.6889 0.6849 0.0000
vt 0.6856 0.6849 0.0000
vt 0.7394 0.6957 0.0000
vt 0.7406 0.6658 0.0000
vt 0.7469 0.7551 0.0000
vt 0.7183 0.6957 0.0000
vt 0.7471 0.7340 0.0000
vt 0.7469 0.7050 0.0000
vt 0.7406 0.6766 0.0000
vt 0.7394 0.6849 0.0000
vt 0.7469 0.7260 0.0000
vt 0.7183 0.6849 0.0000
vt 0.5394 0.3489 0.0000
vt 0.5390 0.3690 0.0000
vt 0.5385 0.3690 0.0000
vt 0.5390 0.3489 0.0000
vt 0.5428 0.3490 0.0000
vt 0.5424 0.3683 0.0000
vt 0.5464 0.3490 0.0000
vt 0.5460 0.3676 0.0000
vt 0.5499 0.3491 0.0000
vt 0.5495 0.3670 0.0000
vt 0.5535 0.3492 0.0000
vt 0.5531 0.3664 0.0000
vt 0.5571 0.3493 0.0000
vt 0.5567 0.3658 0.0000
vt 0.5607 0.3494 0.0000
vt 0.5603 0.3652 0.0000
vt 0.5643 0.3494 0.0000
vt 0.5640 0.3647 0.0000
vt 0.5679 0.3495 0.0000
vt 0.5676 0.3642 0.0000
vt 0.5715 0.3496 0.0000
vt 0.5712 0.3638 0.0000
vt 0.5751 0.3497 0.0000
vt 0.5749 0.3634 0.0000
vt 0.5787 0.3498 0.0000
vt 0.5785 0.3630 0.0000
vt 0.5824 0.3498 0.0000
vt 0.5822 0.3626 0.0000
vt 0.5860 0.3499 0.0000
vt 0.5858 0.3623 0.0000
vt 0.5896 0.3499 0.0000
vt 0.5895 0.3620 0.0000
vt 0.5933 0.3500 0.0000
vt 0.5931 0.3617 0.0000
vt 0.5970 0.3501 0.0000
vt 0.5968 0.3615 0.0000
vt 0.6006 0.3501 0.0000
vt 0.6005 0.3613 0.0000
vt 0.6043 0.3501 0.0000
vt 0.6042 0.3611 0.0000
vt 0.6079 0.3502 0.0000
vt 0.6078 0.3610 0.0000
vt 0.6116 0.3502 0.0000
vt 0.6115 0.3608 0.0000
vt 0.6153 0.3502 0.0000
vt 0.6152 0.3607 0.0000
vt 0.6189 0.3502 0.0000
vt 0.6189 0.3606 0.0000
vt 0.6226 0.3502 0.0000
vt 0.6226 0.3606 0.0000
vt 0.7139 0.3367 0.0000
vt 0.7134 0.3367 0.0000
vt 0.7130 0.3166 0.0000
vt 0.7135 0.3165 0.0000
vt 0.7100 0.3360 0.0000
vt 0.7096 0.3166 0.0000
vt 0.7064 0.3353 0.0000
vt 0.7061 0.3167 0.0000
vt 0.7028 0.3347 0.0000
vt 0.7025 0.3168 0.0000
vt 0.6993 0.3341 0.0000
vt 0.6989 0.3168 0.0000
vt 0.6957 0.3335 0.0000
vt 0.6953 0.3169 0.0000
vt 0.6921 0.3329 0.0000
vt 0.6918 0.3170 0.0000
vt 0.6885 0.3324 0.0000
vt 0.6882 0.3171 0.0000
vt 0.6848 0.3319 0.0000
vt 0.6846 0.3171 0.0000
vt 0.6812 0.3314 0.0000
vt 0.6810 0.3172 0.0000
vt 0.6776 0.3310 0.0000
vt 0.6774 0.3173 0.0000
vt 0.6740 0.3306 0.0000
vt 0.6738 0.3173 0.0000
vt 0.6704 0.3303 0.0000
vt 0.6701 0.3174 0.0000
vt 0.6667 0.3299 0.0000
vt 0.6665 0.3175 0.0000
vt 0.6631 0.3296 0.0000
vt 0.6629 0.3175 0.0000
vt 0.6594 0.3293 0.0000
vt 0.6593 0.3176 0.0000
vt 0.6558 0.3291 0.0000
vt 0.6557 0.3176 0.0000
vt 0.6521 0.3289 0.0000
vt 0.6520 0.3177 0.0000
vt 0.6485 0.3287 0.0000
vt 0.6484 0.3177 0.0000
vt 0.6448 0.3285 0.0000
vt 0.6448 0.3177 0.0000
vt 0.6412 0.3284 0.0000
vt 0.6411 0.3177 0.0000
vt 0.6375 0.3283 0.0000
vt 0.6375 0.3178 0.0000
vt 0.6339 0.3282 0.0000
vt 0.6339 0.3178 0.0000
vt 0.6302 0.3282 0.0000
vt 0.6302 0.3178 0.0000
vt 0.7239 0.0197 0.0000
vt 0.7239 0.0098 0.0000
vt 0.7243 0.0098 0.0000
vt 0.7243 0.0197 0.0000
vt 0.7333 0.0320 0.0000
vt 0.7333 0.0419 0.0000
vt 0.7328 0.0419 0.0000
vt 0.7328 0.0320 0.0000
vt 0.7028 0.0197 0.0000
vt 0.7028 0.0098 0.0000
vt 0.7230 0.0098 0.0000
vt 0.7230 0.0197 0.0000
vt 0.7278 0.0098 0.0000
vt 0.7278 0.0197 0.0000
vt 0.7367 0.0320 0.0000
vt 0.7367 0.0419 0.0000
vt 0.7315 0.0098 0.0000
vt 0.7315 0.0197 0.0000
vt 0.7403 0.0320 0.0000
vt 0.7403 0.0419 0.0000
vt 0.7351 0.0098 0.0000
vt 0.7351 0.0197 0.0000
vt 0.7438 0.0320 0.0000
vt 0.7438 0.0419 0.0000
vt 0.7388 0.0098 0.0000
vt 0.7388 0.0197 0.0000
vt 0.7474 0.0320 0.0000
vt 0.7474 0.0419 0.0000
vt 0.7424 0.0098 0.0000
vt 0.7424 0.0197 0.0000
vt 0.7510 0.0320 0.0000
vt 0.7510 0.0419 0.0000
vt 0.7460 0.0098 0.0000
vt 0.7460 0.0197 0.0000
vt 0.7546 0.0320 0.0000
vt 0.7546 0.0419 0.0000
vt 0.7497 0.0098 0.0000
vt 0.7497 0.0197 0.0000
vt 0.7582 0.0320 0.0000
vt 0.7582 0.0419 0.0000
vt 0.7533 0.0098 0.0000
vt 0.7533 0.0197 0.0000
vt 0.7618 0.0320 0.0000
vt 0.7618 0.0419 0.0000
vt 0.7569 0.0098 0.0000
vt 0.7569 0.0197 0.0000
vt 0.7654 0.0320 0.0000
vt 0.7654 0.0419 0.0000
vt 0.7606 0.0098 0.0000
vt 0.7606 0.0197 0.0000
vt 0.7690 0.0320 0.0000
vt 0.7690 0.0419 0.0000
vt 0.7642 0.0098 0.0000
vt 0.7642 0.0197 0.0000
vt 0.7726 0.0320 0.0000
vt 0.7726 0.0419 0.0000
vt 0.7679 0.0098 0.0000
vt 0.7679 0.0197 0.0000
vt 0.7762 0.0320 0.0000
vt 0.7762 0.0419 0.0000
vt 0.7715 0.0098 0.0000
vt 0.7715 0.0197 0.0000
vt 0.7798 0.0320 0.0000
vt 0.7798 0.0419 0.0000
vt 0.7751 0.0098 0.0000
vt 0.7751 0.0197 0.0000
vt 0.7834 0.0320 0.0000
vt 0.7834 0.0419 0.0000
vt 0.7788 0.0098 0.0000
vt 0.7788 0.0197 0.0000
vt 0.7871 0.0320 0.0000
vt 0.7871 0.0419 0.0000
vt 0.7824 0.0098 0.0000
vt 0.7824 0.0197 0.0000
vt 0.7907 0.0320 0.0000
vt 0.7907 0.0419 0.0000
vt 0.7861 0.0098 0.0000
vt 0.7861 0.0197 0.0000
vt 0.7943 0.0320 0.0000
vt 0.7943 0.0419 0.0000
vt 0.7897 0.0098 0.0000
vt 0.7897 0.0197 0.0000
vt 0.7980 0.0320 0.0000
vt 0.7980 0.0419 0.0000
vt 0.7934 0.0098 0.0000
vt 0.7934 0.0197 0.0000
vt 0.8016 0.0320 0.0000
vt 0.8016 0.0419 0.0000
vt 0.7970 0.0098 0.0000
vt 0.7970 0.0197 0.0000
vt 0.8052 0.0320 0.0000
vt 0.8052 0.0419 0.0000
vt 0.8006 0.0098 0.0000
vt 0.8006 0.0197 0.0000
vt 0.8089 0.0320 0.0000
vt 0.8089 0.0419 0.0000
vt 0.8043 0.0098 0.0000
vt 0.8043 0.0197 0.0000
vt 0.8125 0.0320 0.0000
vt 0.8125 0.0419 0.0000
vt 0.8079 0.0098 0.0000
vt 0.8079 0.0197 0.0000
vt 0.8161 0.0320 0.0000
vt 0.8161 0.0419 0.0000
vt 0.5385 0.3694 0.0000
vt 0.5389 0.3694 0.0000
vt 0.5394 0.3485 0.0000
vt 0.5390 0.3484 0.0000
vt 0.5385 0.3489 0.0000
vt 0.5381 0.3690 0.0000
vt 0.5424 0.3687 0.0000
vt 0.5428 0.3485 0.0000
vt 0.5460 0.3680 0.0000
vt 0.5464 0.3486 0.0000
vt 0.5495 0.3674 0.0000
vt 0.5499 0.3487 0.0000
vt 0.5531 0.3668 0.0000
vt 0.5535 0.3488 0.0000
vt 0.5567 0.3662 0.0000
vt 0.5571 0.3489 0.0000
vt 0.5603 0.3657 0.0000
vt 0.5607 0.3489 0.0000
vt 0.5640 0.3652 0.0000
vt 0.5643 0.3490 0.0000
vt 0.5676 0.3647 0.0000
vt 0.5679 0.3491 0.0000
vt 0.5712 0.3642 0.0000
vt 0.5715 0.3492 0.0000
vt 0.5748 0.3638 0.0000
vt 0.5751 0.3493 0.0000
vt 0.5785 0.3634 0.0000
vt 0.5787 0.3493 0.0000
vt 0.5821 0.3631 0.0000
vt 0.5824 0.3494 0.0000
vt 0.5858 0.3627 0.0000
vt 0.5860 0.3495 0.0000
vt 0.5895 0.3624 0.0000
vt 0.5897 0.3495 0.0000
vt 0.5931 0.3622 0.0000
vt 0.5933 0.3496 0.0000
vt 0.5968 0.3619 0.0000
vt 0.5970 0.3496 0.0000
vt 0.6005 0.3617 0.0000
vt 0.6006 0.3497 0.0000
vt 0.6042 0.3615 0.0000
vt 0.6043 0.3497 0.0000
vt 0.6078 0.3614 0.0000
vt 0.6079 0.3497 0.0000
vt 0.6115 0.3613 0.0000
vt 0.6116 0.3498 0.0000
vt 0.6152 0.3612 0.0000
vt 0.6153 0.3498 0.0000
vt 0.6189 0.3611 0.0000
vt 0.6189 0.3498 0.0000
vt 0.6226 0.3610 0.0000
vt 0.6226 0.3498 0.0000
vt 0.7135 0.3372 0.0000
vt 0.7139 0.3372 0.0000
vt 0.7143 0.3367 0.0000
vt 0.7139 0.3165 0.0000
vt 0.7135 0.3161 0.0000
vt 0.7130 0.3161 0.0000
vt 0.7100 0.3365 0.0000
vt 0.7096 0.3162 0.0000
vt 0.7064 0.3358 0.0000
vt 0.7060 0.3163 0.0000
vt 0.7029 0.3351 0.0000
vt 0.7025 0.3163 0.0000
vt 0.6993 0.3345 0.0000
vt 0.6989 0.3164 0.0000
vt 0.6957 0.3339 0.0000
vt 0.6953 0.3165 0.0000
vt 0.6921 0.3334 0.0000
vt 0.6918 0.3166 0.0000
vt 0.6885 0.3328 0.0000
vt 0.6882 0.3166 0.0000
vt 0.6849 0.3323 0.0000
vt 0.6846 0.3167 0.0000
vt 0.6812 0.3319 0.0000
vt 0.6810 0.3168 0.0000
vt 0.6776 0.3315 0.0000
vt 0.6774 0.3168 0.0000
vt 0.6740 0.3311 0.0000
vt 0.6738 0.3169 0.0000
vt 0.6704 0.3307 0.0000
vt 0.6701 0.3170 0.0000
vt 0.6667 0.3304 0.0000
vt 0.6665 0.3170 0.0000
vt 0.6631 0.3301 0.0000
vt 0.6629 0.3171 0.0000
vt 0.6594 0.3298 0.0000
vt 0.6593 0.3171 0.0000
vt 0.6558 0.3295 0.0000
vt 0.6557 0.3172 0.0000
vt 0.6521 0.3293 0.0000
vt 0.6520 0.3172 0.0000
vt 0.6485 0.3291 0.0000
vt 0.6484 0.3173 0.0000
vt 0.6448 0.3290 0.0000
vt 0.6448 0.3173 0.0000
vt 0.6412 0.3288 0.0000
vt 0.6411 0.3173 0.0000
vt 0.6375 0.3287 0.0000
vt 0.6375 0.3173 0.0000
vt 0.6339 0.3287 0.0000
vt 0.6339 0.3173 0.0000
vt 0.6302 0.3286 0.0000
vt 0.6302 0.3174 0.0000
vt 0.7234 0.0098 0.0000
vt 0.7234 0.0197 0.0000
vt 0.7324 0.0320 0.0000
vt 0.7324 0.0419 0.0000
vt 0.7239 0.0094 0.0000
vt 0.7243 0.0094 0.0000
vt 0.7278 0.0094 0.0000
vt 0.7315 0.0094 0.0000
vt 0.7351 0.0094 0.0000
vt 0.7388 0.0094 0.0000
vt 0.7424 0.0094 0.0000
vt 0.7460 0.0094 0.0000
vt 0.7497 0.0094 0.0000
vt 0.7533 0.0094 0.0000
vt 0.7569 0.0094 0.0000
vt 0.7606 0.0094 0.0000
vt 0.7642 0.0094 0.0000
vt 0.7679 0.0094 0.0000
vt 0.7715 0.0094 0.0000
vt 0.7751 0.0094 0.0000
vt 0.7788 0.0094 0.0000
vt 0.7824 0.0094 0.0000
vt 0.7861 0.0094 0.0000
vt 0.7897 0.0094 0.0000
vt 0.7934 0.0094 0.0000
vt 0.7970 0.0094 0.0000
vt 0.8006 0.0094 0.0000
vt 0.8043 0.0094 0.0000
vt 0.8079 0.0094 0.0000
vt 0.7028 0.0094 0.0000
vt 0.7230 0.0094 0.0000
vt 0.7333 0.0423 0.0000
vt 0.7328 0.0423 0.0000
vt 0.7367 0.0423 0.0000
vt 0.7403 0.0423 0.0000
vt 0.7438 0.0423 0.0000
vt 0.7474 0.0423 0.0000
vt 0.7510 0.0423 0.0000
vt 0.7546 0.0423 0.0000
vt 0.7582 0.0423 0.0000
vt 0.7618 0.0423 0.0000
vt 0.7654 0.0423 0.0000
vt 0.7690 0.0423 0.0000
vt 0.7726 0.0423 0.0000
vt 0.7762 0.0423 0.0000
vt 0.7798 0.0423 0.0000
vt 0.7834 0.0423 0.0000
vt 0.7871 0.0423 0.0000
vt 0.7907 0.0423 0.0000
vt 0.7943 0.0423 0.0000
vt 0.7980 0.0423 0.0000
vt 0.8016 0.0423 0.0000
vt 0.8052 0.0423 0.0000
vt 0.8089 0.0423 0.0000
vt 0.8125 0.0423 0.0000
vt 0.8161 0.0423 0.0000
vt 0.7024 0.0197 0.0000
vt 0.7024 0.0098 0.0000
vt 0.7243 0.0202 0.0000
vt 0.7239 0.0202 0.0000
vt 0.7278 0.0202 0.0000
vt 0.7315 0.0202 0.0000
vt 0.7351 0.0202 0.0000
vt 0.7388 0.0202 0.0000
vt 0.7424 0.0202 0.0000
vt 0.7460 0.0202 0.0000
vt 0.7497 0.0202 0.0000
vt 0.7533 0.0202 0.0000
vt 0.7569 0.0202 0.0000
vt 0.7606 0.0202 0.0000
vt 0.7642 0.0202 0.0000
vt 0.7679 0.0202 0.0000
vt 0.7715 0.0202 0.0000
vt 0.7751 0.0202 0.0000
vt 0.7788 0.0202 0.0000
vt 0.7824 0.0202 0.0000
vt 0.7861 0.0202 0.0000
vt 0.7897 0.0202 0.0000
vt 0.7934 0.0202 0.0000
vt 0.7970 0.0202 0.0000
vt 0.8006 0.0202 0.0000
vt 0.8043 0.0202 0.0000
vt 0.8079 0.0202 0.0000
vt 0.7230 0.0202 0.0000
vt 0.7028 0.0202 0.0000
vt 0.7328 0.0316 0.0000
vt 0.7333 0.0316 0.0000
vt 0.7367 0.0316 0.0000
vt 0.7403 0.0316 0.0000
vt 0.7438 0.0316 0.0000
vt 0.7474 0.0316 0.0000
vt 0.7510 0.0316 0.0000
vt 0.7546 0.0316 0.0000
vt 0.7582 0.0316 0.0000
vt 0.7618 0.0316 0.0000
vt 0.7654 0.0316 0.0000
vt 0.7690 0.0316 0.0000
vt 0.7726 0.0316 0.0000
vt 0.7762 0.0316 0.0000
vt 0.7798 0.0316 0.0000
vt 0.7834 0.0316 0.0000
vt 0.7871 0.0316 0.0000
vt 0.7907 0.0316 0.0000
vt 0.7943 0.0316 0.0000
vt 0.7980 0.0316 0.0000
vt 0.8016 0.0316 0.0000
vt 0.8052 0.0316 0.0000
vt 0.8089 0.0316 0.0000
vt 0.8125 0.0316 0.0000
vt 0.8161 0.0316 0.0000
vt 0.7234 0.0094 0.0000
vt 0.5381 0.3694 0.0000
vt 0.7324 0.0423 0.0000
vt 0.7024 0.0094 0.0000
vt 0.5385 0.3484 0.0000
vt 0.7143 0.3371 0.0000
vt 0.7234 0.0202 0.0000
vt 0.7139 0.3161 0.0000
vt 0.7024 0.0202 0.0000
vt 0.7324 0.0316 0.0000
vt 0.4666 0.2086 0.0000
vt 0.4661 0.2086 0.0000
vt 0.4657 0.1885 0.0000
vt 0.4661 0.1885 0.0000
vt 0.4700 0.2086 0.0000
vt 0.4696 0.1892 0.0000
vt 0.4736 0.2085 0.0000
vt 0.4732 0.1899 0.0000
vt 0.4771 0.2084 0.0000
vt 0.4767 0.1905 0.0000
vt 0.4807 0.2083 0.0000
vt 0.4803 0.1911 0.0000
vt 0.4843 0.2083 0.0000
vt 0.4839 0.1917 0.0000
vt 0.4879 0.2082 0.0000
vt 0.4875 0.1923 0.0000
vt 0.4914 0.2081 0.0000
vt 0.4911 0.1928 0.0000
vt 0.4950 0.2080 0.0000
vt 0.4948 0.1933 0.0000
vt 0.4986 0.2080 0.0000
vt 0.4984 0.1937 0.0000
vt 0.5023 0.2079 0.0000
vt 0.5020 0.1941 0.0000
vt 0.5059 0.2078 0.0000
vt 0.5056 0.1945 0.0000
vt 0.5095 0.2078 0.0000
vt 0.5093 0.1949 0.0000
vt 0.5131 0.2077 0.0000
vt 0.5129 0.1952 0.0000
vt 0.5167 0.2076 0.0000
vt 0.5165 0.1955 0.0000
vt 0.5204 0.2076 0.0000
vt 0.5202 0.1958 0.0000
vt 0.5240 0.2075 0.0000
vt 0.5238 0.1960 0.0000
vt 0.5276 0.2075 0.0000
vt 0.5275 0.1963 0.0000
vt 0.5313 0.2074 0.0000
vt 0.5312 0.1964 0.0000
vt 0.5349 0.2074 0.0000
vt 0.5348 0.1966 0.0000
vt 0.5385 0.2074 0.0000
vt 0.5385 0.1967 0.0000
vt 0.5422 0.2074 0.0000
vt 0.5421 0.1968 0.0000
vt 0.5458 0.2073 0.0000
vt 0.5458 0.1969 0.0000
vt 0.5495 0.2073 0.0000
vt 0.5495 0.1970 0.0000
vt 0.6411 0.1577 0.0000
vt 0.6407 0.1778 0.0000
vt 0.6403 0.1778 0.0000
vt 0.6407 0.1577 0.0000
vt 0.6368 0.1778 0.0000
vt 0.6372 0.1584 0.0000
vt 0.6333 0.1777 0.0000
vt 0.6337 0.1591 0.0000
vt 0.6297 0.1776 0.0000
vt 0.6301 0.1597 0.0000
vt 0.6261 0.1775 0.0000
vt 0.6265 0.1603 0.0000
vt 0.6226 0.1774 0.0000
vt 0.6229 0.1609 0.0000
vt 0.6190 0.1774 0.0000
vt 0.6193 0.1615 0.0000
vt 0.6154 0.1773 0.0000
vt 0.6157 0.1620 0.0000
vt 0.6118 0.1772 0.0000
vt 0.6121 0.1625 0.0000
vt 0.6082 0.1771 0.0000
vt 0.6084 0.1629 0.0000
vt 0.6046 0.1771 0.0000
vt 0.6048 0.1633 0.0000
vt 0.6009 0.1770 0.0000
vt 0.6012 0.1637 0.0000
vt 0.5973 0.1769 0.0000
vt 0.5975 0.1641 0.0000
vt 0.5937 0.1768 0.0000
vt 0.5939 0.1644 0.0000
vt 0.5900 0.1768 0.0000
vt 0.5902 0.1647 0.0000
vt 0.5864 0.1767 0.0000
vt 0.5866 0.1650 0.0000
vt 0.5828 0.1767 0.0000
vt 0.5829 0.1652 0.0000
vt 0.5791 0.1766 0.0000
vt 0.5792 0.1654 0.0000
vt 0.5755 0.1766 0.0000
vt 0.5756 0.1656 0.0000
vt 0.5718 0.1766 0.0000
vt 0.5719 0.1658 0.0000
vt 0.5682 0.1765 0.0000
vt 0.5682 0.1659 0.0000
vt 0.5645 0.1765 0.0000
vt 0.5645 0.1660 0.0000
vt 0.5608 0.1765 0.0000
vt 0.5609 0.1661 0.0000
vt 0.5572 0.1765 0.0000
vt 0.5572 0.1661 0.0000
vt 0.2347 0.5913 0.0000
vt 0.2352 0.5913 0.0000
vt 0.2352 0.6013 0.0000
vt 0.2347 0.6013 0.0000
vt 0.4085 0.5709 0.0000
vt 0.4089 0.5709 0.0000
vt 0.4089 0.5808 0.0000
vt 0.4085 0.5808 0.0000
vt 0.4098 0.5709 0.0000
vt 0.4300 0.5709 0.0000
vt 0.4300 0.5808 0.0000
vt 0.4098 0.5808 0.0000
vt 0.2387 0.5913 0.0000
vt 0.2387 0.6013 0.0000
vt 0.4050 0.5709 0.0000
vt 0.4050 0.5808 0.0000
vt 0.2423 0.5913 0.0000
vt 0.2423 0.6013 0.0000
vt 0.4015 0.5709 0.0000
vt 0.4015 0.5808 0.0000
vt 0.2460 0.5913 0.0000
vt 0.2460 0.6013 0.0000
vt 0.3979 0.5709 0.0000
vt 0.3979 0.5808 0.0000
vt 0.2496 0.5913 0.0000
vt 0.2496 0.6013 0.0000
vt 0.3943 0.5709 0.0000
vt 0.3943 0.5808 0.0000
vt 0.2533 0.5913 0.0000
vt 0.2533 0.6013 0.0000
vt 0.3908 0.5709 0.0000
vt 0.3908 0.5808 0.0000
vt 0.2569 0.5913 0.0000
vt 0.2569 0.6013 0.0000
vt 0.3872 0.5709 0.0000
vt 0.3872 0.5808 0.0000
vt 0.2605 0.5913 0.0000
vt 0.2605 0.6013 0.0000
vt 0.3836 0.5709 0.0000
vt 0.3836 0.5808 0.0000
vt 0.2642 0.5913 0.0000
vt 0.2642 0.6013 0.0000
vt 0.3800 0.5709 0.0000
vt 0.3800 0.5808 0.0000
vt 0.2678 0.5913 0.0000
vt 0.2678 0.6013 0.0000
vt 0.3764 0.5709 0.0000
vt 0.3764 0.5808 0.0000
vt 0.2715 0.5913 0.0000
vt 0.2715 0.6013 0.0000
vt 0.3728 0.5709 0.0000
vt 0.3728 0.5808 0.0000
vt 0.2751 0.5913 0.0000
vt 0.2751 0.6013 0.0000
vt 0.3692 0.5709 0.0000
vt 0.3692 0.5808 0.0000
vt 0.2787 0.5913 0.0000
vt 0.2787 0.6013 0.0000
vt 0.3656 0.5709 0.0000
vt 0.3656 0.5808 0.0000
vt 0.2824 0.5913 0.0000
vt 0.2824 0.6013 0.0000
vt 0.3619 0.5709 0.0000
vt 0.3619 0.5808 0.0000
vt 0.2860 0.5913 0.0000
vt 0.2860 0.6013 0.0000
vt 0.3583 0.5709 0.0000
vt 0.3583 0.5808 0.0000
vt 0.2897 0.5913 0.0000
vt 0.2897 0.6013 0.0000
vt 0.3547 0.5709 0.0000
vt 0.3547 0.5808 0.0000
vt 0.2933 0.5913 0.0000
vt 0.2933 0.6013 0.0000
vt 0.3511 0.5709 0.0000
vt 0.3511 0.5808 0.0000
vt 0.2970 0.5913 0.0000
vt 0.2970 0.6013 0.0000
vt 0.3474 0.5709 0.0000
vt 0.3474 0.5808 0.0000
vt 0.3006 0.5913 0.0000
vt 0.3006 0.6013 0.0000
vt 0.3438 0.5709 0.0000
vt 0.3438 0.5808 0.0000
vt 0.3042 0.5913 0.0000
vt 0.3042 0.6013 0.0000
vt 0.3402 0.5709 0.0000
vt 0.3402 0.5808 0.0000
vt 0.3079 0.5913 0.0000
vt 0.3079 0.6013 0.0000
vt 0.3365 0.5709 0.0000
vt 0.3365 0.5808 0.0000
vt 0.3115 0.5913 0.0000
vt 0.3115 0.6013 0.0000
vt 0.3329 0.5709 0.0000
vt 0.3329 0.5808 0.0000
vt 0.3152 0.5913 0.0000
vt 0.3152 0.6013 0.0000
vt 0.3292 0.5709 0.0000
vt 0.3292 0.5808 0.0000
vt 0.3188 0.5913 0.0000
vt 0.3188 0.6013 0.0000
vt 0.3256 0.5709 0.0000
vt 0.3256 0.5808 0.0000
vt 0.4657 0.1881 0.0000
vt 0.4661 0.1880 0.0000
vt 0.4666 0.2091 0.0000
vt 0.4661 0.2091 0.0000
vt 0.4657 0.2087 0.0000
vt 0.4653 0.1885 0.0000
vt 0.4696 0.1887 0.0000
vt 0.4700 0.2090 0.0000
vt 0.4732 0.1894 0.0000
vt 0.4736 0.2089 0.0000
vt 0.4767 0.1901 0.0000
vt 0.4771 0.2088 0.0000
vt 0.4803 0.1907 0.0000
vt 0.4807 0.2088 0.0000
vt 0.4839 0.1913 0.0000
vt 0.4843 0.2087 0.0000
vt 0.4875 0.1918 0.0000
vt 0.4879 0.2086 0.0000
vt 0.4911 0.1924 0.0000
vt 0.4915 0.2085 0.0000
vt 0.4947 0.1928 0.0000
vt 0.4950 0.2085 0.0000
vt 0.4984 0.1933 0.0000
vt 0.4987 0.2084 0.0000
vt 0.5020 0.1937 0.0000
vt 0.5023 0.2083 0.0000
vt 0.5056 0.1941 0.0000
vt 0.5059 0.2082 0.0000
vt 0.5093 0.1945 0.0000
vt 0.5095 0.2082 0.0000
vt 0.5129 0.1948 0.0000
vt 0.5131 0.2081 0.0000
vt 0.5165 0.1951 0.0000
vt 0.5167 0.2081 0.0000
vt 0.5202 0.1954 0.0000
vt 0.5204 0.2080 0.0000
vt 0.5238 0.1956 0.0000
vt 0.5240 0.2080 0.0000
vt 0.5275 0.1958 0.0000
vt 0.5276 0.2079 0.0000
vt 0.5312 0.1960 0.0000
vt 0.5313 0.2079 0.0000
vt 0.5348 0.1962 0.0000
vt 0.5349 0.2078 0.0000
vt 0.5385 0.1963 0.0000
vt 0.5385 0.2078 0.0000
vt 0.5421 0.1964 0.0000
vt 0.5422 0.2078 0.0000
vt 0.5458 0.1965 0.0000
vt 0.5458 0.2078 0.0000
vt 0.5495 0.1965 0.0000
vt 0.5495 0.2078 0.0000
vt 0.6407 0.1573 0.0000
vt 0.6411 0.1573 0.0000
vt 0.6416 0.1577 0.0000
vt 0.6411 0.1779 0.0000
vt 0.6407 0.1783 0.0000
vt 0.6402 0.1783 0.0000
vt 0.6373 0.1580 0.0000
vt 0.6368 0.1782 0.0000
vt 0.6337 0.1587 0.0000
vt 0.6333 0.1781 0.0000
vt 0.6301 0.1593 0.0000
vt 0.6297 0.1780 0.0000
vt 0.6265 0.1599 0.0000
vt 0.6261 0.1779 0.0000
vt 0.6229 0.1605 0.0000
vt 0.6226 0.1779 0.0000
vt 0.6193 0.1610 0.0000
vt 0.6190 0.1778 0.0000
vt 0.6157 0.1616 0.0000
vt 0.6154 0.1777 0.0000
vt 0.6121 0.1620 0.0000
vt 0.6118 0.1776 0.0000
vt 0.6085 0.1625 0.0000
vt 0.6082 0.1776 0.0000
vt 0.6048 0.1629 0.0000
vt 0.6045 0.1775 0.0000
vt 0.6012 0.1633 0.0000
vt 0.6009 0.1774 0.0000
vt 0.5975 0.1636 0.0000
vt 0.5973 0.1773 0.0000
vt 0.5939 0.1640 0.0000
vt 0.5937 0.1773 0.0000
vt 0.5902 0.1643 0.0000
vt 0.5900 0.1772 0.0000
vt 0.5866 0.1645 0.0000
vt 0.5864 0.1772 0.0000
vt 0.5829 0.1648 0.0000
vt 0.5828 0.1771 0.0000
vt 0.5792 0.1650 0.0000
vt 0.5791 0.1771 0.0000
vt 0.5756 0.1652 0.0000
vt 0.5755 0.1770 0.0000
vt 0.5719 0.1653 0.0000
vt 0.5718 0.1770 0.0000
vt 0.5682 0.1655 0.0000
vt 0.5682 0.1770 0.0000
vt 0.5645 0.1656 0.0000
vt 0.5645 0.1769 0.0000
vt 0.5609 0.1656 0.0000
vt 0.5608 0.1769 0.0000
vt 0.5572 0.1657 0.0000
vt 0.5572 0.1769 0.0000
vt 0.2343 0.6013 0.0000
vt 0.2343 0.5913 0.0000
vt 0.4093 0.5709 0.0000
vt 0.4093 0.5808 0.0000
vt 0.2352 0.6017 0.0000
vt 0.2347 0.6017 0.0000
vt 0.2387 0.6017 0.0000
vt 0.2423 0.6017 0.0000
vt 0.2460 0.6017 0.0000
vt 0.2496 0.6017 0.0000
vt 0.2533 0.6017 0.0000
vt 0.2569 0.6017 0.0000
vt 0.2605 0.6017 0.0000
vt 0.2642 0.6017 0.0000
vt 0.2678 0.6017 0.0000
vt 0.2715 0.6017 0.0000
vt 0.2751 0.6017 0.0000
vt 0.2787 0.6017 0.0000
vt 0.2824 0.6017 0.0000
vt 0.2860 0.6017 0.0000
vt 0.2897 0.6017 0.0000
vt 0.2933 0.6017 0.0000
vt 0.2970 0.6017 0.0000
vt 0.3006 0.6017 0.0000
vt 0.3042 0.6017 0.0000
vt 0.3079 0.6017 0.0000
vt 0.3115 0.6017 0.0000
vt 0.3152 0.6017 0.0000
vt 0.3188 0.6017 0.0000
vt 0.4300 0.5812 0.0000
vt 0.4098 0.5812 0.0000
vt 0.4304 0.5709 0.0000
vt 0.4304 0.5808 0.0000
vt 0.4089 0.5812 0.0000
vt 0.4085 0.5812 0.0000
vt 0.4050 0.5812 0.0000
vt 0.4015 0.5812 0.0000
vt 0.3979 0.5812 0.0000
vt 0.3943 0.5812 0.0000
vt 0.3908 0.5812 0.0000
vt 0.3872 0.5812 0.0000
vt 0.3836 0.5812 0.0000
vt 0.3800 0.5812 0.0000
vt 0.3764 0.5812 0.0000
vt 0.3728 0.5812 0.0000
vt 0.3692 0.5812 0.0000
vt 0.3656 0.5812 0.0000
vt 0.3619 0.5812 0.0000
vt 0.3583 0.5812 0.0000
vt 0.3547 0.5812 0.0000
vt 0.3511 0.5812 0.0000
vt 0.3474 0.5812 0.0000
vt 0.3438 0.5812 0.0000
vt 0.3402 0.5812 0.0000
vt 0.3365 0.5812 0.0000
vt 0.3329 0.5812 0.0000
vt 0.3292 0.5812 0.0000
vt 0.3256 0.5812 0.0000
vt 0.2347 0.5909 0.0000
vt 0.2352 0.5909 0.0000
vt 0.2387 0.5909 0.0000
vt 0.2423 0.5909 0.0000
vt 0.2460 0.5909 0.0000
vt 0.2496 0.5909 0.0000
vt 0.2533 0.5909 0.0000
vt 0.2569 0.5909 0.0000
vt 0.2605 0.5909 0.0000
vt 0.2642 0.5909 0.0000
vt 0.2678 0.5909 0.0000
vt 0.2715 0.5909 0.0000
vt 0.2751 0.5909 0.0000
vt 0.2787 0.5909 0.0000
vt 0.2824 0.5909 0.0000
vt 0.2860 0.5909 0.0000
vt 0.2897 0.5909 0.0000
vt 0.2933 0.5909 0.0000
vt 0.2970 0.5909 0.0000
vt 0.3006 0.5909 0.0000
vt 0.3042 0.5909 0.0000
vt 0.3079 0.5909 0.0000
vt 0.3115 0.5909 0.0000
vt 0.3152 0.5909 0.0000
vt 0.3188 0.5909 0.0000
vt 0.4098 0.5704 0.0000
vt 0.4300 0.5704 0.0000
vt 0.4085 0.5704 0.0000
vt 0.4089 0.5704 0.0000
vt 0.4050 0.5704 0.0000
vt 0.4015 0.5704 0.0000
vt 0.3979 0.5704 0.0000
vt 0.3943 0.5704 0.0000
vt 0.3908 0.5704 0.0000
vt 0.3872 0.5704 0.0000
vt 0.3836 0.5704 0.0000
vt 0.3800 0.5704 0.0000
vt 0.3764 0.5704 0.0000
vt 0.3728 0.5704 0.0000
vt 0.3692 0.5704 0.0000
vt 0.3656 0.5704 0.0000
vt 0.3619 0.5704 0.0000
vt 0.3583 0.5704 0.0000
vt 0.3547 0.5704 0.0000
vt 0.3511 0.5704 0.0000
vt 0.3474 0.5704 0.0000
vt 0.3438 0.5704 0.0000
vt 0.3402 0.5704 0.0000
vt 0.3365 0.5704 0.0000
vt 0.3329 0.5704 0.0000
vt 0.3292 0.5704 0.0000
vt 0.3256 0.5704 0.0000
vt 0.4304 0.5812 0.0000
vt 0.2343 0.6017 0.0000
vt 0.4653 0.1881 0.0000
vt 0.4093 0.5812 0.0000
vt 0.4657 0.2091 0.0000
vt 0.6416 0.1573 0.0000
vt 0.2343 0.5909 0.0000
vt 0.4304 0.5704 0.0000
vt 0.6411 0.1783 0.0000
vt 0.4093 0.5704 0.0000
vt 0.6045 0.1344 0.0000
vt 0.6045 0.1339 0.0000
vt 0.6049 0.1340 0.0000
vt 0.6050 0.1344 0.0000
vt 0.4977 0.1216 0.0000
vt 0.4972 0.1215 0.0000
vt 0.4973 0.1212 0.0000
vt 0.4977 0.1211 0.0000
vt 0.7147 0.4997 0.0000
vt 0.7147 0.4992 0.0000
vt 0.7151 0.4993 0.0000
vt 0.7151 0.4997 0.0000
vt 0.7152 0.5002 0.0000
vt 0.7147 0.5002 0.0000
vt 0.6040 0.1344 0.0000
vt 0.6040 0.1339 0.0000
vt 0.4977 0.1220 0.0000
vt 0.6050 0.1349 0.0000
vt 0.6045 0.1349 0.0000
vt 0.4972 0.1220 0.0000
vt 0.6040 0.1349 0.0000
vt 0.4981 0.1268 0.0000
vt 0.4977 0.1268 0.0000
vt 0.6045 0.1401 0.0000
vt 0.6050 0.1402 0.0000
vt 0.6049 0.1405 0.0000
vt 0.6045 0.1406 0.0000
vt 0.4977 0.1273 0.0000
vt 0.4976 0.1277 0.0000
vt 0.4973 0.1277 0.0000
vt 0.4972 0.1273 0.0000
vt 0.6366 0.7263 0.0000
vt 0.6371 0.7264 0.0000
vt 0.6370 0.7268 0.0000
vt 0.6367 0.7268 0.0000
vt 0.6371 0.6204 0.0000
vt 0.6371 0.7259 0.0000
vt 0.6366 0.7259 0.0000
vt 0.6366 0.6204 0.0000
vt 0.4985 0.1401 0.0000
vt 0.6040 0.1401 0.0000
vt 0.6040 0.1406 0.0000
vt 0.4985 0.1406 0.0000
vt 0.6362 0.7269 0.0000
vt 0.6045 0.1397 0.0000
vt 0.6050 0.1397 0.0000
vt 0.4972 0.1268 0.0000
vt 0.6040 0.1397 0.0000
vt 0.4985 0.1349 0.0000
vt 0.4985 0.1344 0.0000
vt 0.7147 0.6057 0.0000
vt 0.4985 0.1397 0.0000
vt 0.4981 0.1344 0.0000
vt 0.4976 0.1344 0.0000
vt 0.4977 0.1340 0.0000
vt 0.4980 0.1339 0.0000
vt 0.4975 0.1141 0.0000
vt 0.4974 0.1146 0.0000
vt 0.4971 0.1145 0.0000
vt 0.4970 0.1142 0.0000
vt 0.7147 0.6061 0.0000
vt 0.7151 0.6062 0.0000
vt 0.7151 0.6065 0.0000
vt 0.7147 0.6066 0.0000
vt 0.7152 0.6057 0.0000
vt 0.4985 0.1339 0.0000
vt 0.4979 0.1141 0.0000
vt 0.4979 0.1146 0.0000
vt 0.4975 0.1137 0.0000
vt 0.4981 0.1349 0.0000
vt 0.4976 0.1349 0.0000
vt 0.4970 0.1137 0.0000
vt 0.4975 0.1089 0.0000
vt 0.4981 0.1401 0.0000
vt 0.4980 0.1406 0.0000
vt 0.4977 0.1405 0.0000
vt 0.4976 0.1402 0.0000
vt 0.4975 0.1084 0.0000
vt 0.4970 0.1084 0.0000
vt 0.4971 0.1080 0.0000
vt 0.4974 0.1079 0.0000
vt 0.6366 0.6200 0.0000
vt 0.6367 0.6195 0.0000
vt 0.6370 0.6196 0.0000
vt 0.6371 0.6199 0.0000
vt 0.4979 0.1079 0.0000
vt 0.6362 0.6194 0.0000
vt 0.4976 0.1397 0.0000
vt 0.4981 0.1397 0.0000
vt 0.4970 0.1089 0.0000
vt 0.7539 0.9857 0.0000
vt 0.7539 0.9519 0.0000
vt 0.7545 0.9519 0.0000
vt 0.7545 0.9857 0.0000
vt 0.7527 0.9857 0.0000
vt 0.7527 0.9519 0.0000
vt 0.7533 0.9519 0.0000
vt 0.7533 0.9857 0.0000
vt 0.7559 0.7991 0.0000
vt 0.7565 0.7990 0.0000
vt 0.7566 0.7994 0.0000
vt 0.7563 0.7997 0.0000
vt 0.7569 0.8001 0.0000
vt 0.7570 0.7995 0.0000
vt 0.7571 0.7989 0.0000
vt 0.7639 0.9519 0.0000
vt 0.7639 0.9857 0.0000
vt 0.7634 0.9857 0.0000
vt 0.7634 0.9519 0.0000
vt 0.7665 0.7984 0.0000
vt 0.7665 0.7990 0.0000
vt 0.7576 0.7990 0.0000
vt 0.7576 0.7984 0.0000
vt 0.7652 0.9519 0.0000
vt 0.7652 0.9857 0.0000
vt 0.7646 0.9857 0.0000
vt 0.7646 0.9519 0.0000
vt 0.7665 0.7996 0.0000
vt 0.7666 0.8002 0.0000
vt 0.7576 0.8002 0.0000
vt 0.7576 0.7996 0.0000
vt 0.7682 0.7991 0.0000
vt 0.7678 0.7997 0.0000
vt 0.7675 0.7994 0.0000
vt 0.7676 0.7990 0.0000
vt 0.7672 0.8001 0.0000
vt 0.7671 0.7995 0.0000
vt 0.7670 0.7989 0.0000
vt 0.7564 0.7984 0.0000
vt 0.7564 0.7878 0.0000
vt 0.7571 0.7878 0.0000
vt 0.7571 0.7984 0.0000
vt 0.7558 0.7985 0.0000
vt 0.7558 0.7877 0.0000
vt 0.7671 0.7984 0.0000
vt 0.7671 0.7878 0.0000
vt 0.7677 0.7878 0.0000
vt 0.7677 0.7984 0.0000
vt 0.7683 0.7985 0.0000
vt 0.7683 0.7877 0.0000
vt 0.7415 0.9519 0.0000
vt 0.7415 0.9513 0.0000
vt 0.7521 0.9513 0.0000
vt 0.7521 0.9519 0.0000
vt 0.7397 0.9519 0.0000
vt 0.7397 0.9857 0.0000
vt 0.7392 0.9857 0.0000
vt 0.7392 0.9519 0.0000
vt 0.7576 0.7878 0.0000
vt 0.7576 0.7872 0.0000
vt 0.7665 0.7872 0.0000
vt 0.7665 0.7878 0.0000
vt 0.7410 0.9519 0.0000
vt 0.7410 0.9857 0.0000
vt 0.7403 0.9857 0.0000
vt 0.7403 0.9519 0.0000
vt 0.7559 0.7871 0.0000
vt 0.7563 0.7865 0.0000
vt 0.7566 0.7868 0.0000
vt 0.7565 0.7872 0.0000
vt 0.7569 0.7861 0.0000
vt 0.7570 0.7867 0.0000
vt 0.7571 0.7873 0.0000
vt 0.7658 0.9519 0.0000
vt 0.7658 0.9513 0.0000
vt 0.7763 0.9513 0.0000
vt 0.7763 0.9519 0.0000
vt 0.7297 0.9857 0.0000
vt 0.7297 0.9519 0.0000
vt 0.7303 0.9519 0.0000
vt 0.7303 0.9857 0.0000
vt 0.7769 0.9857 0.0000
vt 0.7769 0.9519 0.0000
vt 0.7775 0.9519 0.0000
vt 0.7775 0.9857 0.0000
vt 0.7576 0.7866 0.0000
vt 0.7576 0.7860 0.0000
vt 0.7666 0.7860 0.0000
vt 0.7665 0.7866 0.0000
vt 0.7291 0.9857 0.0000
vt 0.7291 0.9519 0.0000
vt 0.7682 0.7871 0.0000
vt 0.7676 0.7872 0.0000
vt 0.7675 0.7868 0.0000
vt 0.7678 0.7865 0.0000
vt 0.7672 0.7861 0.0000
vt 0.7671 0.7867 0.0000
vt 0.7670 0.7873 0.0000
vt 0.7521 0.9857 0.0000
vt 0.7652 0.9513 0.0000
vt 0.7410 0.9513 0.0000
vt 0.7763 0.9857 0.0000
vt 0.7545 0.9513 0.0000
vt 0.7634 0.9513 0.0000
vt 0.7579 0.8377 0.0000
vt 0.7579 0.8272 0.0000
vt 0.7667 0.8272 0.0000
vt 0.7667 0.8377 0.0000
vt 0.7579 0.8383 0.0000
vt 0.7667 0.8383 0.0000
vt 0.7667 0.8262 0.0000
vt 0.7667 0.8266 0.0000
vt 0.7579 0.8266 0.0000
vt 0.7579 0.8262 0.0000
vt 0.7673 0.8272 0.0000
vt 0.7673 0.8377 0.0000
vt 0.7569 0.8272 0.0000
vt 0.7573 0.8272 0.0000
vt 0.7573 0.8377 0.0000
vt 0.7569 0.8377 0.0000
vt 0.7673 0.8383 0.0000
vt 0.7573 0.8383 0.0000
vt 0.7569 0.8382 0.0000
vt 0.7571 0.8264 0.0000
vt 0.7574 0.8262 0.0000
vt 0.7573 0.8266 0.0000
vt 0.7569 0.8267 0.0000
vt 0.7672 0.8262 0.0000
vt 0.7673 0.8266 0.0000
vt 0.7571 0.8385 0.0000
vt 0.7574 0.8387 0.0000
vt 0.7579 0.8387 0.0000
vt 0.7667 0.8387 0.0000
vt 0.7672 0.8387 0.0000
vt 0.7675 0.8385 0.0000
vt 0.7677 0.8382 0.0000
vt 0.7677 0.8377 0.0000
vt 0.7677 0.8272 0.0000
vt 0.7677 0.8267 0.0000
vt 0.7675 0.8264 0.0000
vt 0.7667 0.8392 0.0000
vt 0.7673 0.8392 0.0000
vt 0.7678 0.8388 0.0000
vt 0.7682 0.8383 0.0000
vt 0.7682 0.8377 0.0000
vt 0.7682 0.8272 0.0000
vt 0.7682 0.8266 0.0000
vt 0.7678 0.8261 0.0000
vt 0.7673 0.8257 0.0000
vt 0.7667 0.8257 0.0000
vt 0.7579 0.8257 0.0000
vt 0.7573 0.8257 0.0000
vt 0.7568 0.8261 0.0000
vt 0.7564 0.8266 0.0000
vt 0.7564 0.8272 0.0000
vt 0.7564 0.8377 0.0000
vt 0.7564 0.8383 0.0000
vt 0.7568 0.8388 0.0000
vt 0.7573 0.8392 0.0000
vt 0.7579 0.8392 0.0000
vt 0.7539 0.9862 0.0000
vt 0.7545 0.9862 0.0000
vt 0.7527 0.9862 0.0000
vt 0.7533 0.9862 0.0000
vt 0.7652 0.9862 0.0000
vt 0.7658 0.9857 0.0000
vt 0.7658 0.9862 0.0000
vt 0.7646 0.9862 0.0000
vt 0.7639 0.9862 0.0000
vt 0.7410 0.9862 0.0000
vt 0.7415 0.9857 0.0000
vt 0.7415 0.9862 0.0000
vt 0.7403 0.9862 0.0000
vt 0.7397 0.9862 0.0000
vt 0.7297 0.9862 0.0000
vt 0.7303 0.9862 0.0000
vt 0.7769 0.9862 0.0000
vt 0.7775 0.9862 0.0000
vt 0.7291 0.9862 0.0000
vt 0.7521 0.9862 0.0000
vt 0.7763 0.9862 0.0000
vt 0.7634 0.9862 0.0000
vt 0.7392 0.9862 0.0000
vt 0.7539 0.9513 0.0000
vt 0.7533 0.9513 0.0000
vt 0.7527 0.9513 0.0000
vt 0.7639 0.9513 0.0000
vt 0.7646 0.9513 0.0000
vt 0.7397 0.9513 0.0000
vt 0.7392 0.9513 0.0000
vt 0.7403 0.9513 0.0000
vt 0.7303 0.9513 0.0000
vt 0.7297 0.9513 0.0000
vt 0.7775 0.9513 0.0000
vt 0.7769 0.9513 0.0000
vt 0.7291 0.9513 0.0000
vt 0.6969 0.9857 0.0000
vt 0.6963 0.9857 0.0000
vt 0.6963 0.9519 0.0000
vt 0.6969 0.9519 0.0000
vt 0.6981 0.9857 0.0000
vt 0.6975 0.9857 0.0000
vt 0.6975 0.9519 0.0000
vt 0.6981 0.9519 0.0000
vt 0.7555 0.8894 0.0000
vt 0.7559 0.8888 0.0000
vt 0.7562 0.8891 0.0000
vt 0.7561 0.8895 0.0000
vt 0.7565 0.8884 0.0000
vt 0.7567 0.8890 0.0000
vt 0.7567 0.8895 0.0000
vt 0.6869 0.9519 0.0000
vt 0.6874 0.9519 0.0000
vt 0.6874 0.9857 0.0000
vt 0.6869 0.9857 0.0000
vt 0.7661 0.8901 0.0000
vt 0.7573 0.8901 0.0000
vt 0.7573 0.8895 0.0000
vt 0.7661 0.8895 0.0000
vt 0.6856 0.9519 0.0000
vt 0.6862 0.9519 0.0000
vt 0.6862 0.9857 0.0000
vt 0.6856 0.9857 0.0000
vt 0.7661 0.8889 0.0000
vt 0.7572 0.8889 0.0000
vt 0.7572 0.8883 0.0000
vt 0.7662 0.8883 0.0000
vt 0.7678 0.8894 0.0000
vt 0.7672 0.8895 0.0000
vt 0.7671 0.8891 0.0000
vt 0.7675 0.8888 0.0000
vt 0.7668 0.8884 0.0000
vt 0.7667 0.8890 0.0000
vt 0.7667 0.8895 0.0000
vt 0.7561 0.8901 0.0000
vt 0.7567 0.8901 0.0000
vt 0.7567 0.9007 0.0000
vt 0.7561 0.9007 0.0000
vt 0.7554 0.9007 0.0000
vt 0.7554 0.8900 0.0000
vt 0.7667 0.8901 0.0000
vt 0.7673 0.8901 0.0000
vt 0.7673 0.9007 0.0000
vt 0.7667 0.9007 0.0000
vt 0.7679 0.8900 0.0000
vt 0.7679 0.9007 0.0000
vt 0.7093 0.9519 0.0000
vt 0.6987 0.9519 0.0000
vt 0.6987 0.9513 0.0000
vt 0.7093 0.9513 0.0000
vt 0.7111 0.9519 0.0000
vt 0.7116 0.9519 0.0000
vt 0.7116 0.9857 0.0000
vt 0.7111 0.9857 0.0000
vt 0.7573 0.9007 0.0000
vt 0.7661 0.9007 0.0000
vt 0.7661 0.9012 0.0000
vt 0.7573 0.9012 0.0000
vt 0.7098 0.9519 0.0000
vt 0.7105 0.9519 0.0000
vt 0.7105 0.9857 0.0000
vt 0.7098 0.9857 0.0000
vt 0.7555 0.9014 0.0000
vt 0.7561 0.9013 0.0000
vt 0.7562 0.9017 0.0000
vt 0.7559 0.9020 0.0000
vt 0.7565 0.9024 0.0000
vt 0.7567 0.9018 0.0000
vt 0.7567 0.9012 0.0000
vt 0.6850 0.9519 0.0000
vt 0.6745 0.9519 0.0000
vt 0.6745 0.9513 0.0000
vt 0.6850 0.9513 0.0000
vt 0.7211 0.9857 0.0000
vt 0.7205 0.9857 0.0000
vt 0.7205 0.9519 0.0000
vt 0.7211 0.9519 0.0000
vt 0.6739 0.9857 0.0000
vt 0.6733 0.9857 0.0000
vt 0.6733 0.9519 0.0000
vt 0.6739 0.9519 0.0000
vt 0.7572 0.9019 0.0000
vt 0.7661 0.9019 0.0000
vt 0.7662 0.9025 0.0000
vt 0.7572 0.9025 0.0000
vt 0.7217 0.9519 0.0000
vt 0.7217 0.9857 0.0000
vt 0.7678 0.9014 0.0000
vt 0.7675 0.9020 0.0000
vt 0.7671 0.9017 0.0000
vt 0.7672 0.9013 0.0000
vt 0.7668 0.9024 0.0000
vt 0.7667 0.9018 0.0000
vt 0.7667 0.9012 0.0000
vt 0.6987 0.9857 0.0000
vt 0.6856 0.9513 0.0000
vt 0.7098 0.9513 0.0000
vt 0.6745 0.9857 0.0000
vt 0.6963 0.9513 0.0000
vt 0.6874 0.9513 0.0000
vt 0.7577 0.8082 0.0000
vt 0.7665 0.8082 0.0000
vt 0.7665 0.8187 0.0000
vt 0.7577 0.8187 0.0000
vt 0.7577 0.8076 0.0000
vt 0.7665 0.8076 0.0000
vt 0.7665 0.8197 0.0000
vt 0.7577 0.8197 0.0000
vt 0.7577 0.8193 0.0000
vt 0.7665 0.8193 0.0000
vt 0.7671 0.8082 0.0000
vt 0.7671 0.8187 0.0000
vt 0.7567 0.8187 0.0000
vt 0.7567 0.8082 0.0000
vt 0.7571 0.8082 0.0000
vt 0.7571 0.8187 0.0000
vt 0.7671 0.8076 0.0000
vt 0.7571 0.8076 0.0000
vt 0.7567 0.8077 0.0000
vt 0.7569 0.8195 0.0000
vt 0.7567 0.8192 0.0000
vt 0.7571 0.8193 0.0000
vt 0.7572 0.8197 0.0000
vt 0.7671 0.8193 0.0000
vt 0.7670 0.8197 0.0000
vt 0.7569 0.8074 0.0000
vt 0.7572 0.8072 0.0000
vt 0.7577 0.8072 0.0000
vt 0.7665 0.8072 0.0000
vt 0.7670 0.8072 0.0000
vt 0.7673 0.8074 0.0000
vt 0.7675 0.8077 0.0000
vt 0.7675 0.8082 0.0000
vt 0.7675 0.8187 0.0000
vt 0.7675 0.8192 0.0000
vt 0.7673 0.8195 0.0000
vt 0.7665 0.8067 0.0000
vt 0.7671 0.8067 0.0000
vt 0.7676 0.8071 0.0000
vt 0.7680 0.8076 0.0000
vt 0.7680 0.8082 0.0000
vt 0.7680 0.8187 0.0000
vt 0.7680 0.8193 0.0000
vt 0.7676 0.8198 0.0000
vt 0.7671 0.8202 0.0000
vt 0.7665 0.8202 0.0000
vt 0.7577 0.8202 0.0000
vt 0.7571 0.8202 0.0000
vt 0.7566 0.8198 0.0000
vt 0.7562 0.8193 0.0000
vt 0.7562 0.8187 0.0000
vt 0.7562 0.8082 0.0000
vt 0.7562 0.8076 0.0000
vt 0.7566 0.8071 0.0000
vt 0.7571 0.8067 0.0000
vt 0.7577 0.8067 0.0000
vt 0.6969 0.9862 0.0000
vt 0.6963 0.9862 0.0000
vt 0.6981 0.9862 0.0000
vt 0.6975 0.9862 0.0000
vt 0.6856 0.9862 0.0000
vt 0.6850 0.9862 0.0000
vt 0.6850 0.9857 0.0000
vt 0.6862 0.9862 0.0000
vt 0.6869 0.9862 0.0000
vt 0.7098 0.9862 0.0000
vt 0.7093 0.9862 0.0000
vt 0.7093 0.9857 0.0000
vt 0.7105 0.9862 0.0000
vt 0.7111 0.9862 0.0000
vt 0.7211 0.9862 0.0000
vt 0.7205 0.9862 0.0000
vt 0.6739 0.9862 0.0000
vt 0.6733 0.9862 0.0000
vt 0.7217 0.9862 0.0000
vt 0.6987 0.9862 0.0000
vt 0.6745 0.9862 0.0000
vt 0.6874 0.9862 0.0000
vt 0.7116 0.9862 0.0000
vt 0.6969 0.9513 0.0000
vt 0.6975 0.9513 0.0000
vt 0.6981 0.9513 0.0000
vt 0.6869 0.9513 0.0000
vt 0.6862 0.9513 0.0000
vt 0.7111 0.9513 0.0000
vt 0.7116 0.9513 0.0000
vt 0.7105 0.9513 0.0000
vt 0.7205 0.9513 0.0000
vt 0.7211 0.9513 0.0000
vt 0.6733 0.9513 0.0000
vt 0.6739 0.9513 0.0000
vt 0.7217 0.9513 0.0000
vt 0.4192 0.9283 0.0000
vt 0.4192 0.9317 0.0000
vt 0.4188 0.9317 0.0000
vt 0.4188 0.9283 0.0000
vt 0.4200 0.9283 0.0000
vt 0.4200 0.9317 0.0000
vt 0.4196 0.9317 0.0000
vt 0.4196 0.9283 0.0000
vt 0.4299 0.9840 0.0000
vt 0.4299 0.9845 0.0000
vt 0.4297 0.9845 0.0000
vt 0.4295 0.9843 0.0000
vt 0.4292 0.9847 0.0000
vt 0.4296 0.9848 0.0000
vt 0.4300 0.9848 0.0000
vt 0.4118 0.9317 0.0000
vt 0.4118 0.9283 0.0000
vt 0.4121 0.9283 0.0000
vt 0.4121 0.9317 0.0000
vt 0.4303 0.9919 0.0000
vt 0.4300 0.9919 0.0000
vt 0.4300 0.9852 0.0000
vt 0.4303 0.9852 0.0000
vt 0.4109 0.9317 0.0000
vt 0.4109 0.9283 0.0000
vt 0.4114 0.9283 0.0000
vt 0.4114 0.9317 0.0000
vt 0.4296 0.9919 0.0000
vt 0.4291 0.9919 0.0000
vt 0.4291 0.9851 0.0000
vt 0.4296 0.9852 0.0000
vt 0.4299 0.9930 0.0000
vt 0.4295 0.9927 0.0000
vt 0.4297 0.9925 0.0000
vt 0.4299 0.9926 0.0000
vt 0.4292 0.9923 0.0000
vt 0.4296 0.9923 0.0000
vt 0.4300 0.9922 0.0000
vt 0.4303 0.9844 0.0000
vt 0.4373 0.9844 0.0000
vt 0.4373 0.9848 0.0000
vt 0.4303 0.9848 0.0000
vt 0.4303 0.9840 0.0000
vt 0.4373 0.9840 0.0000
vt 0.4303 0.9922 0.0000
vt 0.4373 0.9922 0.0000
vt 0.4373 0.9926 0.0000
vt 0.4303 0.9926 0.0000
vt 0.4303 0.9931 0.0000
vt 0.4373 0.9931 0.0000
vt 0.4273 0.9317 0.0000
vt 0.4273 0.9321 0.0000
vt 0.4204 0.9321 0.0000
vt 0.4204 0.9317 0.0000
vt 0.4285 0.9317 0.0000
vt 0.4285 0.9283 0.0000
vt 0.4289 0.9283 0.0000
vt 0.4289 0.9317 0.0000
vt 0.4373 0.9852 0.0000
vt 0.4376 0.9852 0.0000
vt 0.4376 0.9919 0.0000
vt 0.4373 0.9919 0.0000
vt 0.4277 0.9317 0.0000
vt 0.4277 0.9283 0.0000
vt 0.4281 0.9283 0.0000
vt 0.4281 0.9317 0.0000
vt 0.4378 0.9841 0.0000
vt 0.4382 0.9843 0.0000
vt 0.4379 0.9845 0.0000
vt 0.4377 0.9845 0.0000
vt 0.4384 0.9847 0.0000
vt 0.4380 0.9848 0.0000
vt 0.4376 0.9848 0.0000
vt 0.4106 0.9317 0.0000
vt 0.4106 0.9321 0.0000
vt 0.4036 0.9321 0.0000
vt 0.4036 0.9317 0.0000
vt 0.4360 0.9283 0.0000
vt 0.4360 0.9317 0.0000
vt 0.4356 0.9317 0.0000
vt 0.4356 0.9283 0.0000
vt 0.4033 0.9283 0.0000
vt 0.4033 0.9317 0.0000
vt 0.4028 0.9317 0.0000
vt 0.4028 0.9283 0.0000
vt 0.4381 0.9852 0.0000
vt 0.4385 0.9851 0.0000
vt 0.4385 0.9919 0.0000
vt 0.4381 0.9919 0.0000
vt 0.4364 0.9283 0.0000
vt 0.4364 0.9317 0.0000
vt 0.4378 0.9930 0.0000
vt 0.4377 0.9926 0.0000
vt 0.4379 0.9925 0.0000
vt 0.4382 0.9928 0.0000
vt 0.4384 0.9924 0.0000
vt 0.4380 0.9923 0.0000
vt 0.4376 0.9922 0.0000
vt 0.4204 0.9283 0.0000
vt 0.4109 0.9321 0.0000
vt 0.4277 0.9321 0.0000
vt 0.4036 0.9283 0.0000
vt 0.4188 0.9321 0.0000
vt 0.4121 0.9321 0.0000
vt 0.4448 0.9852 0.0000
vt 0.4517 0.9851 0.0000
vt 0.4518 0.9917 0.0000
vt 0.4448 0.9918 0.0000
vt 0.4444 0.9852 0.0000
vt 0.4445 0.9918 0.0000
vt 0.4525 0.9917 0.0000
vt 0.4522 0.9917 0.0000
vt 0.4521 0.9850 0.0000
vt 0.4524 0.9850 0.0000
vt 0.4518 0.9921 0.0000
vt 0.4449 0.9922 0.0000
vt 0.4517 0.9844 0.0000
vt 0.4517 0.9847 0.0000
vt 0.4447 0.9848 0.0000
vt 0.4447 0.9845 0.0000
vt 0.4445 0.9922 0.0000
vt 0.4444 0.9848 0.0000
vt 0.4444 0.9845 0.0000
vt 0.4522 0.9845 0.0000
vt 0.4523 0.9847 0.0000
vt 0.4521 0.9847 0.0000
vt 0.4520 0.9844 0.0000
vt 0.4525 0.9920 0.0000
vt 0.4522 0.9921 0.0000
vt 0.4442 0.9846 0.0000
vt 0.4441 0.9849 0.0000
vt 0.4441 0.9852 0.0000
vt 0.4442 0.9918 0.0000
vt 0.4442 0.9921 0.0000
vt 0.4443 0.9924 0.0000
vt 0.4446 0.9925 0.0000
vt 0.4449 0.9925 0.0000
vt 0.4518 0.9924 0.0000
vt 0.4521 0.9924 0.0000
vt 0.4523 0.9922 0.0000
vt 0.4439 0.9919 0.0000
vt 0.4439 0.9922 0.0000
vt 0.4441 0.9926 0.0000
vt 0.4445 0.9928 0.0000
vt 0.4449 0.9928 0.0000
vt 0.4518 0.9927 0.0000
vt 0.4522 0.9927 0.0000
vt 0.4525 0.9924 0.0000
vt 0.4527 0.9921 0.0000
vt 0.4527 0.9917 0.0000
vt 0.4526 0.9850 0.0000
vt 0.4526 0.9847 0.0000
vt 0.4524 0.9843 0.0000
vt 0.4521 0.9841 0.0000
vt 0.4517 0.9841 0.0000
vt 0.4447 0.9842 0.0000
vt 0.4444 0.9842 0.0000
vt 0.4440 0.9844 0.0000
vt 0.4438 0.9848 0.0000
vt 0.4438 0.9852 0.0000
vt 0.4192 0.9280 0.0000
vt 0.4188 0.9280 0.0000
vt 0.4200 0.9280 0.0000
vt 0.4196 0.9280 0.0000
vt 0.4109 0.9280 0.0000
vt 0.4106 0.9283 0.0000
vt 0.4106 0.9280 0.0000
vt 0.4114 0.9280 0.0000
vt 0.4118 0.9280 0.0000
vt 0.4277 0.9280 0.0000
vt 0.4273 0.9283 0.0000
vt 0.4273 0.9280 0.0000
vt 0.4281 0.9280 0.0000
vt 0.4285 0.9280 0.0000
vt 0.4360 0.9280 0.0000
vt 0.4356 0.9280 0.0000
vt 0.4033 0.9280 0.0000
vt 0.4028 0.9280 0.0000
vt 0.4364 0.9280 0.0000
vt 0.4204 0.9280 0.0000
vt 0.4036 0.9280 0.0000
vt 0.4121 0.9280 0.0000
vt 0.4289 0.9280 0.0000
vt 0.4192 0.9321 0.0000
vt 0.4196 0.9321 0.0000
vt 0.4200 0.9321 0.0000
vt 0.4118 0.9321 0.0000
vt 0.4114 0.9321 0.0000
vt 0.4285 0.9321 0.0000
vt 0.4289 0.9321 0.0000
vt 0.4281 0.9321 0.0000
vt 0.4356 0.9321 0.0000
vt 0.4360 0.9321 0.0000
vt 0.4028 0.9321 0.0000
vt 0.4033 0.9321 0.0000
vt 0.4364 0.9321 0.0000
vt 0.4192 0.9387 0.0000
vt 0.4192 0.9421 0.0000
vt 0.4188 0.9421 0.0000
vt 0.4188 0.9387 0.0000
vt 0.4200 0.9387 0.0000
vt 0.4200 0.9421 0.0000
vt 0.4196 0.9421 0.0000
vt 0.4196 0.9387 0.0000
vt 0.4157 0.9706 0.0000
vt 0.4158 0.9710 0.0000
vt 0.4155 0.9711 0.0000
vt 0.4153 0.9709 0.0000
vt 0.4151 0.9712 0.0000
vt 0.4154 0.9713 0.0000
vt 0.4158 0.9714 0.0000
vt 0.4118 0.9421 0.0000
vt 0.4118 0.9387 0.0000
vt 0.4121 0.9387 0.0000
vt 0.4121 0.9421 0.0000
vt 0.4162 0.9784 0.0000
vt 0.4158 0.9784 0.0000
vt 0.4158 0.9717 0.0000
vt 0.4162 0.9717 0.0000
vt 0.4109 0.9421 0.0000
vt 0.4109 0.9387 0.0000
vt 0.4114 0.9387 0.0000
vt 0.4114 0.9421 0.0000
vt 0.4154 0.9784 0.0000
vt 0.4150 0.9784 0.0000
vt 0.4150 0.9717 0.0000
vt 0.4154 0.9717 0.0000
vt 0.4157 0.9795 0.0000
vt 0.4153 0.9793 0.0000
vt 0.4155 0.9791 0.0000
vt 0.4158 0.9791 0.0000
vt 0.4150 0.9789 0.0000
vt 0.4154 0.9788 0.0000
vt 0.4158 0.9788 0.0000
vt 0.4162 0.9709 0.0000
vt 0.4231 0.9709 0.0000
vt 0.4231 0.9714 0.0000
vt 0.4162 0.9714 0.0000
vt 0.4161 0.9705 0.0000
vt 0.4232 0.9705 0.0000
vt 0.4162 0.9788 0.0000
vt 0.4231 0.9788 0.0000
vt 0.4231 0.9792 0.0000
vt 0.4162 0.9792 0.0000
vt 0.4161 0.9796 0.0000
vt 0.4232 0.9796 0.0000
vt 0.4273 0.9421 0.0000
vt 0.4273 0.9425 0.0000
vt 0.4204 0.9425 0.0000
vt 0.4204 0.9421 0.0000
vt 0.4285 0.9421 0.0000
vt 0.4285 0.9387 0.0000
vt 0.4289 0.9387 0.0000
vt 0.4289 0.9421 0.0000
vt 0.4231 0.9717 0.0000
vt 0.4235 0.9717 0.0000
vt 0.4235 0.9784 0.0000
vt 0.4231 0.9784 0.0000
vt 0.4277 0.9421 0.0000
vt 0.4277 0.9387 0.0000
vt 0.4281 0.9387 0.0000
vt 0.4281 0.9421 0.0000
vt 0.4236 0.9706 0.0000
vt 0.4240 0.9709 0.0000
vt 0.4238 0.9711 0.0000
vt 0.4235 0.9710 0.0000
vt 0.4243 0.9713 0.0000
vt 0.4239 0.9713 0.0000
vt 0.4235 0.9714 0.0000
vt 0.4106 0.9421 0.0000
vt 0.4106 0.9425 0.0000
vt 0.4036 0.9425 0.0000
vt 0.4036 0.9421 0.0000
vt 0.4360 0.9387 0.0000
vt 0.4360 0.9421 0.0000
vt 0.4356 0.9421 0.0000
vt 0.4356 0.9387 0.0000
vt 0.4033 0.9387 0.0000
vt 0.4033 0.9421 0.0000
vt 0.4028 0.9421 0.0000
vt 0.4028 0.9387 0.0000
vt 0.4239 0.9717 0.0000
vt 0.4243 0.9717 0.0000
vt 0.4243 0.9785 0.0000
vt 0.4239 0.9784 0.0000
vt 0.4364 0.9387 0.0000
vt 0.4364 0.9421 0.0000
vt 0.4236 0.9795 0.0000
vt 0.4235 0.9792 0.0000
vt 0.4238 0.9791 0.0000
vt 0.4240 0.9793 0.0000
vt 0.4243 0.9789 0.0000
vt 0.4239 0.9788 0.0000
vt 0.4235 0.9788 0.0000
vt 0.4204 0.9387 0.0000
vt 0.4109 0.9425 0.0000
vt 0.4277 0.9425 0.0000
vt 0.4036 0.9387 0.0000
vt 0.4188 0.9425 0.0000
vt 0.4121 0.9425 0.0000
vt 0.4094 0.9721 0.0000
vt 0.4094 0.9790 0.0000
vt 0.4027 0.9790 0.0000
vt 0.4027 0.9721 0.0000
vt 0.4094 0.9717 0.0000
vt 0.4027 0.9717 0.0000
vt 0.4027 0.9797 0.0000
vt 0.4027 0.9794 0.0000
vt 0.4094 0.9794 0.0000
vt 0.4094 0.9797 0.0000
vt 0.4023 0.9790 0.0000
vt 0.4023 0.9721 0.0000
vt 0.4100 0.9790 0.0000
vt 0.4097 0.9790 0.0000
vt 0.4098 0.9721 0.0000
vt 0.4100 0.9721 0.0000
vt 0.4023 0.9717 0.0000
vt 0.4098 0.9717 0.0000
vt 0.4100 0.9718 0.0000
vt 0.4099 0.9795 0.0000
vt 0.4097 0.9797 0.0000
vt 0.4097 0.9794 0.0000
vt 0.4100 0.9793 0.0000
vt 0.4024 0.9797 0.0000
vt 0.4023 0.9794 0.0000
vt 0.4099 0.9716 0.0000
vt 0.4097 0.9714 0.0000
vt 0.4094 0.9714 0.0000
vt 0.4027 0.9714 0.0000
vt 0.4024 0.9714 0.0000
vt 0.4022 0.9715 0.0000
vt 0.4021 0.9718 0.0000
vt 0.4021 0.9721 0.0000
vt 0.4020 0.9790 0.0000
vt 0.4020 0.9793 0.0000
vt 0.4022 0.9795 0.0000
vt 0.4027 0.9711 0.0000
vt 0.4023 0.9711 0.0000
vt 0.4020 0.9713 0.0000
vt 0.4018 0.9717 0.0000
vt 0.4018 0.9721 0.0000
vt 0.4017 0.9790 0.0000
vt 0.4017 0.9794 0.0000
vt 0.4020 0.9797 0.0000
vt 0.4023 0.9799 0.0000
vt 0.4027 0.9799 0.0000
vt 0.4094 0.9800 0.0000
vt 0.4097 0.9800 0.0000
vt 0.4101 0.9798 0.0000
vt 0.4103 0.9794 0.0000
vt 0.4103 0.9790 0.0000
vt 0.4103 0.9721 0.0000
vt 0.4103 0.9717 0.0000
vt 0.4101 0.9714 0.0000
vt 0.4098 0.9711 0.0000
vt 0.4094 0.9711 0.0000
vt 0.4192 0.9384 0.0000
vt 0.4188 0.9384 0.0000
vt 0.4200 0.9384 0.0000
vt 0.4196 0.9384 0.0000
vt 0.4109 0.9384 0.0000
vt 0.4106 0.9387 0.0000
vt 0.4106 0.9384 0.0000
vt 0.4114 0.9384 0.0000
vt 0.4118 0.9384 0.0000
vt 0.4277 0.9384 0.0000
vt 0.4273 0.9387 0.0000
vt 0.4273 0.9384 0.0000
vt 0.4281 0.9384 0.0000
vt 0.4285 0.9384 0.0000
vt 0.4360 0.9384 0.0000
vt 0.4356 0.9384 0.0000
vt 0.4033 0.9384 0.0000
vt 0.4028 0.9384 0.0000
vt 0.4364 0.9384 0.0000
vt 0.4204 0.9384 0.0000
vt 0.4036 0.9384 0.0000
vt 0.4121 0.9384 0.0000
vt 0.4289 0.9384 0.0000
vt 0.4192 0.9425 0.0000
vt 0.4196 0.9425 0.0000
vt 0.4200 0.9425 0.0000
vt 0.4118 0.9425 0.0000
vt 0.4114 0.9425 0.0000
vt 0.4285 0.9425 0.0000
vt 0.4289 0.9425 0.0000
vt 0.4281 0.9425 0.0000
vt 0.4356 0.9425 0.0000
vt 0.4360 0.9425 0.0000
vt 0.4028 0.9425 0.0000
vt 0.4033 0.9425 0.0000
vt 0.4364 0.9425 0.0000
vt 0.4188 0.9492 0.0000
vt 0.4188 0.9526 0.0000
vt 0.4184 0.9526 0.0000
vt 0.4184 0.9492 0.0000
vt 0.4196 0.9492 0.0000
vt 0.4196 0.9526 0.0000
vt 0.4192 0.9526 0.0000
vt 0.4192 0.9492 0.0000
vt 0.4021 0.9844 0.0000
vt 0.4022 0.9847 0.0000
vt 0.4019 0.9848 0.0000
vt 0.4017 0.9846 0.0000
vt 0.4014 0.9850 0.0000
vt 0.4018 0.9851 0.0000
vt 0.4022 0.9851 0.0000
vt 0.4114 0.9526 0.0000
vt 0.4114 0.9492 0.0000
vt 0.4117 0.9492 0.0000
vt 0.4117 0.9526 0.0000
vt 0.4026 0.9922 0.0000
vt 0.4022 0.9922 0.0000
vt 0.4022 0.9855 0.0000
vt 0.4026 0.9855 0.0000
vt 0.4105 0.9526 0.0000
vt 0.4105 0.9492 0.0000
vt 0.4109 0.9492 0.0000
vt 0.4109 0.9526 0.0000
vt 0.4018 0.9922 0.0000
vt 0.4014 0.9922 0.0000
vt 0.4014 0.9854 0.0000
vt 0.4018 0.9855 0.0000
vt 0.4021 0.9933 0.0000
vt 0.4017 0.9930 0.0000
vt 0.4019 0.9928 0.0000
vt 0.4022 0.9929 0.0000
vt 0.4014 0.9926 0.0000
vt 0.4018 0.9926 0.0000
vt 0.4022 0.9925 0.0000
vt 0.4026 0.9847 0.0000
vt 0.4095 0.9847 0.0000
vt 0.4095 0.9851 0.0000
vt 0.4026 0.9851 0.0000
vt 0.4025 0.9843 0.0000
vt 0.4096 0.9843 0.0000
vt 0.4026 0.9925 0.0000
vt 0.4095 0.9926 0.0000
vt 0.4095 0.9930 0.0000
vt 0.4025 0.9929 0.0000
vt 0.4025 0.9934 0.0000
vt 0.4095 0.9934 0.0000
vt 0.4269 0.9526 0.0000
vt 0.4269 0.9530 0.0000
vt 0.4200 0.9530 0.0000
vt 0.4200 0.9526 0.0000
vt 0.4281 0.9526 0.0000
vt 0.4281 0.9492 0.0000
vt 0.4285 0.9492 0.0000
vt 0.4285 0.9526 0.0000
vt 0.4095 0.9855 0.0000
vt 0.4099 0.9855 0.0000
vt 0.4099 0.9922 0.0000
vt 0.4095 0.9922 0.0000
vt 0.4273 0.9526 0.0000
vt 0.4273 0.9492 0.0000
vt 0.4277 0.9492 0.0000
vt 0.4277 0.9526 0.0000
vt 0.4100 0.9844 0.0000
vt 0.4104 0.9846 0.0000
vt 0.4102 0.9848 0.0000
vt 0.4099 0.9848 0.0000
vt 0.4107 0.9850 0.0000
vt 0.4103 0.9851 0.0000
vt 0.4099 0.9852 0.0000
vt 0.4102 0.9526 0.0000
vt 0.4102 0.9530 0.0000
vt 0.4032 0.9530 0.0000
vt 0.4032 0.9526 0.0000
vt 0.4355 0.9492 0.0000
vt 0.4355 0.9526 0.0000
vt 0.4352 0.9526 0.0000
vt 0.4352 0.9492 0.0000
vt 0.4028 0.9492 0.0000
vt 0.4028 0.9526 0.0000
vt 0.4024 0.9526 0.0000
vt 0.4024 0.9492 0.0000
vt 0.4103 0.9855 0.0000
vt 0.4107 0.9855 0.0000
vt 0.4107 0.9922 0.0000
vt 0.4103 0.9922 0.0000
vt 0.4360 0.9492 0.0000
vt 0.4360 0.9526 0.0000
vt 0.4100 0.9933 0.0000
vt 0.4099 0.9929 0.0000
vt 0.4102 0.9929 0.0000
vt 0.4104 0.9931 0.0000
vt 0.4106 0.9927 0.0000
vt 0.4102 0.9926 0.0000
vt 0.4099 0.9925 0.0000
vt 0.4200 0.9492 0.0000
vt 0.4105 0.9530 0.0000
vt 0.4273 0.9530 0.0000
vt 0.4032 0.9492 0.0000
vt 0.4184 0.9530 0.0000
vt 0.4117 0.9530 0.0000
vt 0.4161 0.9853 0.0000
vt 0.4231 0.9854 0.0000
vt 0.4230 0.9920 0.0000
vt 0.4161 0.9920 0.0000
vt 0.4157 0.9853 0.0000
vt 0.4157 0.9920 0.0000
vt 0.4237 0.9921 0.0000
vt 0.4234 0.9920 0.0000
vt 0.4234 0.9854 0.0000
vt 0.4237 0.9854 0.0000
vt 0.4230 0.9924 0.0000
vt 0.4161 0.9924 0.0000
vt 0.4231 0.9847 0.0000
vt 0.4231 0.9850 0.0000
vt 0.4161 0.9849 0.0000
vt 0.4161 0.9847 0.0000
vt 0.4157 0.9924 0.0000
vt 0.4157 0.9849 0.0000
vt 0.4158 0.9847 0.0000
vt 0.4236 0.9848 0.0000
vt 0.4237 0.9851 0.0000
vt 0.4234 0.9850 0.0000
vt 0.4234 0.9847 0.0000
vt 0.4237 0.9923 0.0000
vt 0.4234 0.9924 0.0000
vt 0.4156 0.9848 0.0000
vt 0.4155 0.9850 0.0000
vt 0.4155 0.9853 0.0000
vt 0.4154 0.9920 0.0000
vt 0.4154 0.9923 0.0000
vt 0.4156 0.9925 0.0000
vt 0.4158 0.9927 0.0000
vt 0.4161 0.9927 0.0000
vt 0.4230 0.9927 0.0000
vt 0.4233 0.9927 0.0000
vt 0.4235 0.9926 0.0000
vt 0.4151 0.9920 0.0000
vt 0.4151 0.9924 0.0000
vt 0.4153 0.9927 0.0000
vt 0.4157 0.9929 0.0000
vt 0.4161 0.9929 0.0000
vt 0.4230 0.9930 0.0000
vt 0.4234 0.9930 0.0000
vt 0.4237 0.9928 0.0000
vt 0.4240 0.9924 0.0000
vt 0.4240 0.9921 0.0000
vt 0.4240 0.9854 0.0000
vt 0.4240 0.9850 0.0000
vt 0.4238 0.9846 0.0000
vt 0.4234 0.9844 0.0000
vt 0.4231 0.9844 0.0000
vt 0.4161 0.9844 0.0000
vt 0.4158 0.9844 0.0000
vt 0.4154 0.9846 0.0000
vt 0.4152 0.9849 0.0000
vt 0.4152 0.9853 0.0000
vt 0.4188 0.9489 0.0000
vt 0.4184 0.9489 0.0000
vt 0.4196 0.9489 0.0000
vt 0.4192 0.9489 0.0000
vt 0.4105 0.9489 0.0000
vt 0.4102 0.9492 0.0000
vt 0.4102 0.9489 0.0000
vt 0.4109 0.9489 0.0000
vt 0.4114 0.9489 0.0000
vt 0.4273 0.9489 0.0000
vt 0.4269 0.9492 0.0000
vt 0.4269 0.9489 0.0000
vt 0.4277 0.9489 0.0000
vt 0.4281 0.9489 0.0000
vt 0.4355 0.9489 0.0000
vt 0.4352 0.9489 0.0000
vt 0.4028 0.9489 0.0000
vt 0.4024 0.9489 0.0000
vt 0.4360 0.9489 0.0000
vt 0.4200 0.9489 0.0000
vt 0.4032 0.9489 0.0000
vt 0.4117 0.9489 0.0000
vt 0.4285 0.9489 0.0000
vt 0.4188 0.9530 0.0000
vt 0.4192 0.9530 0.0000
vt 0.4196 0.9530 0.0000
vt 0.4114 0.9530 0.0000
vt 0.4109 0.9530 0.0000
vt 0.4281 0.9530 0.0000
vt 0.4285 0.9530 0.0000
vt 0.4277 0.9530 0.0000
vt 0.4352 0.9530 0.0000
vt 0.4355 0.9530 0.0000
vt 0.4024 0.9530 0.0000
vt 0.4028 0.9530 0.0000
vt 0.4360 0.9530 0.0000
vt 0.4188 0.9594 0.0000
vt 0.4188 0.9628 0.0000
vt 0.4184 0.9628 0.0000
vt 0.4184 0.9594 0.0000
vt 0.4196 0.9594 0.0000
vt 0.4196 0.9628 0.0000
vt 0.4192 0.9628 0.0000
vt 0.4192 0.9594 0.0000
vt 0.4294 0.9788 0.0000
vt 0.4298 0.9787 0.0000
vt 0.4299 0.9790 0.0000
vt 0.4297 0.9792 0.0000
vt 0.4301 0.9794 0.0000
vt 0.4301 0.9791 0.0000
vt 0.4302 0.9787 0.0000
vt 0.4114 0.9628 0.0000
vt 0.4114 0.9594 0.0000
vt 0.4117 0.9594 0.0000
vt 0.4117 0.9628 0.0000
vt 0.4372 0.9784 0.0000
vt 0.4372 0.9787 0.0000
vt 0.4305 0.9787 0.0000
vt 0.4305 0.9783 0.0000
vt 0.4105 0.9628 0.0000
vt 0.4105 0.9594 0.0000
vt 0.4109 0.9594 0.0000
vt 0.4109 0.9628 0.0000
vt 0.4372 0.9791 0.0000
vt 0.4373 0.9795 0.0000
vt 0.4305 0.9795 0.0000
vt 0.4305 0.9791 0.0000
vt 0.4383 0.9788 0.0000
vt 0.4381 0.9792 0.0000
vt 0.4379 0.9790 0.0000
vt 0.4380 0.9788 0.0000
vt 0.4377 0.9795 0.0000
vt 0.4376 0.9791 0.0000
vt 0.4376 0.9787 0.0000
vt 0.4298 0.9783 0.0000
vt 0.4298 0.9713 0.0000
vt 0.4302 0.9714 0.0000
vt 0.4302 0.9783 0.0000
vt 0.4293 0.9783 0.0000
vt 0.4294 0.9713 0.0000
vt 0.4376 0.9784 0.0000
vt 0.4376 0.9714 0.0000
vt 0.4380 0.9714 0.0000
vt 0.4380 0.9784 0.0000
vt 0.4384 0.9784 0.0000
vt 0.4385 0.9714 0.0000
vt 0.4269 0.9628 0.0000
vt 0.4269 0.9632 0.0000
vt 0.4200 0.9632 0.0000
vt 0.4200 0.9628 0.0000
vt 0.4281 0.9628 0.0000
vt 0.4281 0.9594 0.0000
vt 0.4285 0.9594 0.0000
vt 0.4285 0.9628 0.0000
vt 0.4306 0.9714 0.0000
vt 0.4306 0.9710 0.0000
vt 0.4373 0.9710 0.0000
vt 0.4373 0.9714 0.0000
vt 0.4273 0.9628 0.0000
vt 0.4273 0.9594 0.0000
vt 0.4277 0.9594 0.0000
vt 0.4277 0.9628 0.0000
vt 0.4295 0.9709 0.0000
vt 0.4297 0.9705 0.0000
vt 0.4299 0.9707 0.0000
vt 0.4298 0.9710 0.0000
vt 0.4301 0.9702 0.0000
vt 0.4302 0.9706 0.0000
vt 0.4302 0.9710 0.0000
vt 0.4102 0.9628 0.0000
vt 0.4102 0.9632 0.0000
vt 0.4032 0.9632 0.0000
vt 0.4032 0.9628 0.0000
vt 0.4355 0.9594 0.0000
vt 0.4355 0.9628 0.0000
vt 0.4352 0.9628 0.0000
vt 0.4352 0.9594 0.0000
vt 0.4028 0.9594 0.0000
vt 0.4028 0.9628 0.0000
vt 0.4024 0.9628 0.0000
vt 0.4024 0.9594 0.0000
vt 0.4306 0.9706 0.0000
vt 0.4306 0.9702 0.0000
vt 0.4373 0.9702 0.0000
vt 0.4373 0.9706 0.0000
vt 0.4360 0.9594 0.0000
vt 0.4360 0.9628 0.0000
vt 0.4384 0.9709 0.0000
vt 0.4380 0.9710 0.0000
vt 0.4379 0.9707 0.0000
vt 0.4381 0.9705 0.0000
vt 0.4377 0.9703 0.0000
vt 0.4377 0.9707 0.0000
vt 0.4376 0.9711 0.0000
vt 0.4200 0.9594 0.0000
vt 0.4105 0.9632 0.0000
vt 0.4273 0.9632 0.0000
vt 0.4032 0.9594 0.0000
vt 0.4184 0.9632 0.0000
vt 0.4117 0.9632 0.0000
vt 0.4449 0.9715 0.0000
vt 0.4518 0.9714 0.0000
vt 0.4519 0.9781 0.0000
vt 0.4450 0.9782 0.0000
vt 0.4445 0.9715 0.0000
vt 0.4446 0.9782 0.0000
vt 0.4526 0.9781 0.0000
vt 0.4523 0.9781 0.0000
vt 0.4522 0.9714 0.0000
vt 0.4525 0.9714 0.0000
vt 0.4519 0.9785 0.0000
vt 0.4450 0.9785 0.0000
vt 0.4518 0.9707 0.0000
vt 0.4518 0.9710 0.0000
vt 0.4449 0.9711 0.0000
vt 0.4449 0.9708 0.0000
vt 0.4446 0.9785 0.0000
vt 0.4445 0.9711 0.0000
vt 0.4446 0.9708 0.0000
vt 0.4524 0.9709 0.0000
vt 0.4525 0.9711 0.0000
vt 0.4522 0.9710 0.0000
vt 0.4521 0.9707 0.0000
vt 0.4526 0.9784 0.0000
vt 0.4523 0.9785 0.0000
vt 0.4444 0.9710 0.0000
vt 0.4442 0.9712 0.0000
vt 0.4442 0.9715 0.0000
vt 0.4443 0.9782 0.0000
vt 0.4443 0.9785 0.0000
vt 0.4445 0.9787 0.0000
vt 0.4447 0.9788 0.0000
vt 0.4450 0.9788 0.0000
vt 0.4519 0.9787 0.0000
vt 0.4522 0.9787 0.0000
vt 0.4524 0.9786 0.0000
vt 0.4440 0.9782 0.0000
vt 0.4440 0.9785 0.0000
vt 0.4443 0.9789 0.0000
vt 0.4446 0.9791 0.0000
vt 0.4450 0.9791 0.0000
vt 0.4519 0.9790 0.0000
vt 0.4523 0.9790 0.0000
vt 0.4526 0.9788 0.0000
vt 0.4529 0.9784 0.0000
vt 0.4529 0.9781 0.0000
vt 0.4528 0.9714 0.0000
vt 0.4528 0.9710 0.0000
vt 0.4526 0.9707 0.0000
vt 0.4522 0.9705 0.0000
vt 0.4518 0.9705 0.0000
vt 0.4449 0.9705 0.0000
vt 0.4445 0.9705 0.0000
vt 0.4442 0.9708 0.0000
vt 0.4440 0.9711 0.0000
vt 0.4440 0.9715 0.0000
vt 0.4188 0.9591 0.0000
vt 0.4184 0.9591 0.0000
vt 0.4196 0.9591 0.0000
vt 0.4192 0.9591 0.0000
vt 0.4105 0.9591 0.0000
vt 0.4102 0.9594 0.0000
vt 0.4102 0.9591 0.0000
vt 0.4109 0.9591 0.0000
vt 0.4114 0.9591 0.0000
vt 0.4273 0.9591 0.0000
vt 0.4269 0.9594 0.0000
vt 0.4269 0.9591 0.0000
vt 0.4277 0.9591 0.0000
vt 0.4281 0.9591 0.0000
vt 0.4355 0.9591 0.0000
vt 0.4352 0.9591 0.0000
vt 0.4028 0.9591 0.0000
vt 0.4024 0.9591 0.0000
vt 0.4360 0.9591 0.0000
vt 0.4200 0.9591 0.0000
vt 0.4032 0.9591 0.0000
vt 0.4117 0.9591 0.0000
vt 0.4285 0.9591 0.0000
vt 0.4188 0.9632 0.0000
vt 0.4192 0.9632 0.0000
vt 0.4196 0.9632 0.0000
vt 0.4114 0.9632 0.0000
vt 0.4109 0.9632 0.0000
vt 0.4281 0.9632 0.0000
vt 0.4285 0.9632 0.0000
vt 0.4277 0.9632 0.0000
vt 0.4352 0.9632 0.0000
vt 0.4355 0.9632 0.0000
vt 0.4024 0.9632 0.0000
vt 0.4028 0.9632 0.0000
vt 0.4360 0.9632 0.0000
# 7824 texture coords

g 20358_Barrister_Bookcase_v1
usemtl 20358_Barrister_Bookcase_v1
s 1
f 1/1/1 2/2/2 3/3/2 4/4/1 
f 5/5/3 6/6/4 4/4/1 7/7/4 
f 8/8/5 9/9/5 10/10/6 11/11/7 
f 12/12/8 13/13/9 14/14/9 15/15/8 
f 16/16/2 17/17/2 6/6/4 5/5/3 
f 18/18/6 19/19/6 9/9/5 8/8/5 
f 20/20/9 21/21/9 14/14/9 13/13/9 
f 22/22/10 23/23/10 24/24/10 25/25/10 
f 26/26/1 1/1/1 4/4/1 6/6/4 
f 27/27/2 28/28/1 17/17/2 29/29/2 
f 30/30/11 31/31/11 32/32/11 33/33/11 
f 34/34/12 35/35/13 36/36/12 37/37/12 
f 38/38/14 39/39/15 8/8/5 11/11/7 
f 39/39/15 40/40/14 18/18/6 8/8/5 
f 41/41/16 42/42/17 5/5/3 7/7/4 
f 42/42/17 43/43/17 16/16/2 5/5/3 
f 1/1/1 26/26/1 44/44/18 45/45/19 
f 26/26/1 28/28/1 46/46/19 44/44/18 
f 47/47/8 48/48/9 49/49/20 50/50/21 
f 48/48/9 51/51/9 52/52/21 49/49/20 
f 53/53/22 54/54/23 39/39/15 38/38/14 
f 54/54/23 55/55/22 40/40/14 39/39/15 
f 56/56/24 57/57/25 42/42/17 41/41/16 
f 57/57/25 58/58/25 43/43/17 42/42/17 
f 45/45/19 44/44/18 54/59/23 53/60/22 
f 44/44/18 46/46/19 55/61/22 54/59/23 
f 50/50/21 49/49/20 57/62/25 56/63/24 
f 49/49/20 52/52/21 58/64/25 57/62/25 
f 59/65/26 60/66/26 61/67/7 62/68/27 
f 63/69/28 22/22/10 25/25/10 64/70/28 
f 59/71/26 24/24/10 23/23/10 60/72/26 
f 64/73/28 35/35/13 34/34/12 63/74/28 
f 65/75/29 66/76/30 67/77/31 68/78/6 
f 69/79/32 25/25/10 24/24/10 70/80/32 
f 71/81/33 72/82/31 32/32/11 73/83/32 
f 74/84/9 75/85/9 36/36/12 35/35/13 
f 62/68/27 76/86/34 59/65/26 
f 77/87/35 64/70/28 25/25/10 69/79/32 
f 70/80/32 24/24/10 59/71/26 76/88/34 
f 76/88/34 78/89/36 79/90/37 70/80/32 
f 74/84/9 35/35/13 64/73/28 77/91/35 
f 70/80/32 79/90/37 80/92/37 69/79/32 
f 81/93/36 71/81/33 73/94/32 82/95/37 
f 74/84/9 83/96/9 84/97/9 75/85/9 
f 78/98/36 76/86/34 62/68/27 
f 69/79/32 80/92/37 85/99/38 77/87/35 
f 77/91/35 85/100/38 83/96/9 74/84/9 
f 86/101/6 72/82/31 71/81/33 81/93/36 
f 87/102/39 23/23/10 22/22/10 88/103/39 
f 89/104/39 30/30/11 33/33/11 90/105/39 
f 91/106/12 34/34/12 37/37/12 92/107/12 
f 60/66/26 93/108/40 61/67/7 
f 88/103/39 22/22/10 63/69/28 94/109/41 
f 93/110/40 60/72/26 23/23/10 87/102/39 
f 94/111/41 63/74/28 34/34/12 91/106/12 
f 87/112/39 95/113/42 96/114/29 93/115/40 
f 91/106/12 97/116/12 98/117/43 94/111/41 
f 94/118/41 98/119/43 99/120/42 88/121/39 
f 88/121/39 99/120/42 95/113/42 87/112/39 
f 90/122/39 100/123/42 101/124/42 89/125/39 
f 91/106/12 92/107/12 102/126/12 97/116/12 
f 61/67/7 93/108/40 96/127/29 
f 67/77/31 33/33/11 32/32/11 72/82/31 
f 31/31/11 103/128/32 73/83/32 32/32/11 
f 103/129/32 104/130/37 82/95/37 73/94/32 
f 33/33/11 67/77/31 66/76/30 90/105/39 
f 90/122/39 66/76/30 65/75/29 100/123/42 
f 86/101/6 68/78/6 67/77/31 72/82/31 
f 105/131/44 31/31/11 30/30/11 106/132/44 
f 106/133/44 37/37/12 36/36/12 105/134/44 
f 105/134/44 36/36/12 75/85/9 107/135/45 
f 107/135/45 75/85/9 84/97/9 108/136/38 
f 106/132/44 30/30/11 89/104/39 109/137/46 
f 109/138/46 92/107/12 37/37/12 106/133/44 
f 109/139/46 89/125/39 101/124/42 110/140/43 
f 110/141/43 102/126/12 92/107/12 109/138/46 
f 107/142/45 103/128/32 31/31/11 105/131/44 
f 108/143/38 104/130/37 103/129/32 107/144/45 
f 11/11/7 10/10/6 111/145/27 112/146/27 
f 113/147/8 12/12/8 15/15/8 114/148/8 
f 41/41/16 7/7/4 115/149/3 116/150/17 
f 1/1/1 45/45/19 117/151/19 2/2/2 
f 47/47/8 50/50/21 118/152/21 119/153/8 
f 53/53/22 38/38/14 120/154/15 121/155/22 
f 45/45/19 53/60/22 121/156/22 117/151/19 
f 7/7/4 4/4/1 3/3/2 115/149/3 
f 38/38/14 11/11/7 112/146/27 120/154/15 
f 56/56/24 41/41/16 116/150/17 122/157/25 
f 50/50/21 56/63/24 122/158/25 118/152/21 
f 62/68/27 61/67/7 123/159/6 124/160/5 
f 48/48/9 47/47/8 15/15/8 14/14/9 
f 125/161/47 51/51/9 21/21/9 126/162/48 
f 61/67/7 127/163/6 128/164/6 123/159/6 
f 47/47/8 119/153/8 114/148/8 15/15/8 
f 18/18/6 129/165/6 130/166/6 19/19/6 
f 131/167/47 126/162/48 21/21/9 20/20/9 
f 26/26/1 6/6/4 17/17/2 28/28/1 
f 132/168/14 129/165/6 18/18/6 40/40/14 
f 133/169/49 134/170/2 16/16/2 43/43/17 
f 125/161/47 135/171/50 52/52/21 51/51/9 
f 62/68/27 124/160/5 136/172/6 137/173/6 
f 48/48/9 14/14/9 21/21/9 51/51/9 
f 138/174/51 139/175/52 10/10/6 9/9/5 
f 19/19/6 140/176/53 141/177/54 
f 10/10/6 139/175/52 142/178/55 111/145/27 
f 143/179/56 144/180/57 145/181/27 111/182/27 
f 146/183/58 147/184/59 124/160/5 123/159/6 
f 148/185/6 149/186/60 150/187/61 19/188/6 
f 151/189/62 152/190/58 128/164/6 153/191/63 
f 128/164/6 152/190/58 146/183/58 123/159/6 
f 154/192/64 155/193/65 136/172/6 156/194/58 
f 136/172/6 155/193/65 157/195/65 137/173/6 
f 158/196/66 159/197/67 139/175/52 138/174/51 
f 160/198/68 161/199/69 141/177/54 140/176/53 
f 139/175/52 159/197/67 162/200/70 142/178/55 
f 163/201/71 164/202/72 143/179/56 165/203/73 
f 166/204/74 167/205/75 147/184/59 146/183/58 
f 149/186/60 168/206/76 169/207/76 150/187/61 
f 170/208/77 171/209/78 172/210/79 173/211/80 
f 174/212/7 166/204/74 175/213/74 176/214/81 
f 177/215/82 178/216/83 179/217/84 180/218/74 
f 181/219/27 182/220/85 183/221/85 184/222/27 
f 154/192/64 179/223/84 183/221/85 155/193/65 
f 178/224/83 160/225/68 169/207/76 184/226/27 
f 150/187/61 140/227/53 19/188/6 
f 147/184/59 156/194/58 136/172/6 124/160/5 
f 156/194/58 147/184/59 167/205/75 180/218/74 
f 177/228/82 185/229/6 158/196/66 161/199/69 
f 141/177/54 138/174/51 9/9/5 19/19/6 
f 186/230/86 153/191/63 128/164/6 127/163/6 
f 153/191/63 186/230/86 187/231/87 173/211/80 
f 170/232/77 188/233/88 189/234/89 164/202/72 
f 151/189/62 172/235/79 175/213/74 152/190/58 
f 171/236/78 163/237/71 162/200/70 176/238/81 
f 142/178/55 165/239/73 111/145/27 
f 111/182/27 165/203/73 143/179/56 
f 182/220/85 190/240/85 191/241/65 157/195/65 
f 185/229/6 174/242/7 159/197/67 158/196/66 
f 178/243/83 177/228/82 161/199/69 160/198/68 
f 159/197/67 174/242/7 176/238/81 162/200/70 
f 171/244/78 170/232/77 164/202/72 163/201/71 
f 174/212/7 185/245/6 167/205/75 166/204/74 
f 168/206/76 181/246/27 184/226/27 169/207/76 
f 151/189/62 153/191/63 173/211/80 172/210/79 
f 166/204/74 146/183/58 152/190/58 175/213/74 
f 154/192/64 156/194/58 180/218/74 179/217/84 
f 182/220/85 157/195/65 155/193/65 183/221/85 
f 179/223/84 178/247/83 184/222/27 183/221/85 
f 160/225/68 140/227/53 150/187/61 169/207/76 
f 185/245/6 177/215/82 180/218/74 167/205/75 
f 138/174/51 141/177/54 161/199/69 158/196/66 
f 188/248/88 170/208/77 173/211/80 187/231/87 
f 144/180/57 143/179/56 164/202/72 189/234/89 
f 172/235/79 171/249/78 176/214/81 175/213/74 
f 163/237/71 165/239/73 142/178/55 162/200/70 
f 186/230/86 192/250/90 193/251/91 187/231/87 
f 111/145/27 194/252/5 195/253/5 112/146/27 
f 114/148/8 196/254/9 197/255/9 113/147/8 
f 115/149/3 198/256/4 199/257/17 116/150/17 
f 121/155/22 120/154/15 200/258/15 201/259/23 
f 120/154/15 112/146/27 195/253/5 200/258/15 
f 202/260/1 203/261/2 204/262/2 205/263/1 
f 206/264/3 207/265/4 205/263/1 208/266/4 
f 209/267/6 210/268/6 211/269/6 212/270/6 
f 213/271/9 214/272/9 215/273/9 216/274/9 
f 198/256/4 217/275/2 207/265/4 206/264/3 
f 195/253/5 194/252/5 210/268/6 209/267/6 
f 197/255/9 196/254/9 215/273/9 214/272/9 
f 218/276/10 219/277/10 220/278/10 221/279/10 
f 222/280/1 202/260/1 205/263/1 207/265/4 
f 2/2/2 223/281/2 217/275/2 3/3/2 
f 224/282/11 225/283/11 226/284/11 227/285/11 
f 228/286/8 229/287/12 230/288/8 231/289/13 
f 232/290/14 233/291/14 209/267/6 212/270/6 
f 233/291/14 200/258/15 195/253/5 209/267/6 
f 234/292/16 235/293/17 206/264/3 208/266/4 
f 235/293/17 199/257/17 198/256/4 206/264/3 
f 202/260/1 222/280/1 236/294/18 237/295/19 
f 222/280/1 223/281/2 238/296/19 236/294/18 
f 239/297/9 240/298/9 241/299/20 242/300/20 
f 240/298/9 243/301/9 244/302/20 241/299/20 
f 245/303/22 246/304/23 233/291/14 232/290/14 
f 246/304/23 201/259/23 200/258/15 233/291/14 
f 247/305/24 248/306/25 235/293/17 234/292/16 
f 248/306/25 249/307/25 199/257/17 235/293/17 
f 237/295/19 236/294/18 246/308/23 245/309/22 
f 236/294/18 238/296/19 201/310/23 246/308/23 
f 242/300/20 241/299/20 248/311/25 247/312/24 
f 241/299/20 244/302/20 249/313/25 248/311/25 
f 250/314/31 251/315/31 252/316/5 253/317/7 
f 254/318/44 218/276/10 221/279/10 255/319/44 
f 250/320/31 220/278/10 219/277/10 251/321/31 
f 255/322/44 229/287/12 228/286/8 254/323/44 
f 256/324/29 257/325/30 258/326/31 259/327/6 
f 260/328/32 221/279/10 220/278/10 261/329/32 
f 262/330/33 263/331/31 226/284/11 264/332/32 
f 265/333/9 266/334/9 230/288/8 229/287/12 
f 253/317/7 267/335/34 250/314/31 
f 268/336/35 255/319/44 221/279/10 260/328/32 
f 261/329/32 220/278/10 250/320/31 267/337/34 
f 267/337/34 269/338/36 270/339/37 261/329/32 
f 265/333/9 229/287/12 255/322/44 268/340/35 
f 261/329/32 270/339/37 271/341/37 260/328/32 
f 272/342/36 262/330/33 264/343/32 273/344/37 
f 265/333/9 274/345/9 275/346/9 266/334/9 
f 269/347/36 267/335/34 253/317/7 
f 260/328/32 271/341/37 276/348/38 268/336/35 
f 268/340/35 276/349/38 274/345/9 265/333/9 
f 277/350/6 263/331/31 262/330/33 272/342/36 
f 278/351/39 219/277/10 218/276/10 279/352/39 
f 280/353/39 224/282/11 227/285/11 281/354/39 
f 282/355/13 228/286/8 231/289/13 283/356/13 
f 251/315/31 284/357/40 252/316/5 
f 279/352/39 218/276/10 254/318/44 285/358/41 
f 284/359/40 251/321/31 219/277/10 278/351/39 
f 285/360/41 254/323/44 228/286/8 282/355/13 
f 278/361/39 286/362/42 287/363/29 284/364/40 
f 282/355/13 288/365/9 289/366/43 285/360/41 
f 285/367/41 289/368/43 290/369/42 279/370/39 
f 279/370/39 290/369/42 286/362/42 278/361/39 
f 281/371/39 291/372/42 292/373/42 280/374/39 
f 282/355/13 283/356/13 293/375/9 288/365/9 
f 252/316/5 284/357/40 287/376/29 
f 258/326/31 227/285/11 226/284/11 263/331/31 
f 225/283/11 294/377/32 264/332/32 226/284/11 
f 294/378/32 295/379/37 273/344/37 264/343/32 
f 227/285/11 258/326/31 257/325/30 281/354/39 
f 281/371/39 257/325/30 256/324/29 291/372/42 
f 277/350/6 259/327/6 258/326/31 263/331/31 
f 296/380/28 225/283/11 224/282/11 297/381/28 
f 297/382/28 231/289/13 230/288/8 296/383/28 
f 296/383/28 230/288/8 266/334/9 298/384/45 
f 298/384/45 266/334/9 275/346/9 299/385/38 
f 297/381/28 224/282/11 280/353/39 300/386/46 
f 300/387/46 283/356/13 231/289/13 297/382/28 
f 300/388/46 280/374/39 292/373/42 301/389/43 
f 301/390/43 293/375/9 283/356/13 300/387/46 
f 298/391/45 294/377/32 225/283/11 296/380/28 
f 299/392/38 295/379/37 294/378/32 298/393/45 
f 212/270/6 211/269/6 302/394/5 303/395/27 
f 304/396/9 213/271/9 216/274/9 305/397/9 
f 306/398/2 307/399/2 204/262/2 203/261/2 
f 234/292/16 208/266/4 308/400/3 309/401/17 
f 202/260/1 237/295/19 310/402/19 203/261/2 
f 239/297/9 242/300/20 311/403/20 312/404/9 
f 245/303/22 232/290/14 313/405/15 314/406/22 
f 237/295/19 245/309/22 314/407/22 310/402/19 
f 208/266/4 205/263/1 204/262/2 308/400/3 
f 232/290/14 212/270/6 303/395/27 313/405/15 
f 247/305/24 234/292/16 309/401/17 315/408/25 
f 242/300/20 247/312/24 315/409/25 311/403/20 
f 312/404/9 316/410/9 317/411/9 305/397/9 
f 253/317/7 252/316/5 318/412/6 319/413/6 
f 240/298/9 239/297/9 216/274/9 215/273/9 
f 145/181/27 320/414/27 194/415/5 111/182/27 
f 119/153/8 243/301/9 196/254/9 114/148/8 
f 252/316/5 321/416/5 322/417/5 318/412/6 
f 239/297/9 312/404/9 305/397/9 216/274/9 
f 115/149/3 3/3/2 217/275/2 198/256/4 
f 222/280/1 207/265/4 217/275/2 223/281/2 
f 2/2/2 117/151/19 238/296/19 223/281/2 
f 119/153/8 118/152/21 244/302/20 243/301/9 
f 122/157/25 116/150/17 199/257/17 249/307/25 
f 117/151/19 121/156/22 201/310/23 238/296/19 
f 118/152/21 122/158/25 249/313/25 244/302/20 
f 253/317/7 319/413/6 323/418/6 324/419/6 
f 240/298/9 215/273/9 196/254/9 243/301/9 
f 325/420/51 326/421/52 211/269/6 210/268/6 
f 194/252/5 327/422/92 328/423/54 
f 211/269/6 326/421/52 329/424/55 302/394/5 
f 330/425/93 331/426/57 332/427/5 302/428/5 
f 333/429/58 334/430/59 319/413/6 318/412/6 
f 320/414/27 335/431/61 336/432/61 194/415/5 
f 337/433/62 338/434/58 322/417/5 339/435/63 
f 322/417/5 338/434/58 333/429/58 318/412/6 
f 340/436/64 341/437/94 323/418/6 342/438/58 
f 323/418/6 341/437/94 343/439/95 324/419/6 
f 344/440/66 345/441/67 326/421/52 325/420/51 
f 346/442/96 347/443/69 328/423/54 327/422/92 
f 326/421/52 345/441/67 348/444/70 329/424/55 
f 349/445/71 350/446/97 330/425/93 351/447/98 
f 352/448/74 353/449/75 334/430/59 333/429/58 
f 335/431/61 354/450/99 355/451/99 336/432/61 
f 356/452/77 357/453/100 358/454/101 359/455/80 
f 360/456/7 352/448/74 361/457/74 362/458/81 
f 363/459/82 364/460/83 365/461/84 366/462/74 
f 367/463/7 368/464/102 369/465/102 370/466/103 
f 340/436/64 365/467/84 369/465/102 341/437/94 
f 364/468/83 346/469/96 355/451/99 370/470/103 
f 336/432/61 327/471/92 194/415/5 
f 334/430/59 342/438/58 323/418/6 319/413/6 
f 342/438/58 334/430/59 353/449/75 366/462/74 
f 363/472/82 371/473/6 344/440/66 347/443/69 
f 328/423/54 325/420/51 210/268/6 194/252/5 
f 372/474/86 339/435/63 322/417/5 321/416/5 
f 339/435/63 372/474/86 373/475/87 359/455/80 
f 356/476/77 374/477/88 375/478/89 350/446/97 
f 337/433/62 358/479/101 361/457/74 338/434/58 
f 357/480/100 349/481/71 348/444/70 362/482/81 
f 329/424/55 351/483/98 302/394/5 
f 302/428/5 351/447/98 330/425/93 
f 371/473/6 360/484/7 345/441/67 344/440/66 
f 364/485/83 363/472/82 347/443/69 346/442/96 
f 345/441/67 360/484/7 362/482/81 348/444/70 
f 357/486/100 356/476/77 350/446/97 349/445/71 
f 360/456/7 371/487/6 353/449/75 352/448/74 
f 354/450/99 367/488/7 370/470/103 355/451/99 
f 337/433/62 339/435/63 359/455/80 358/454/101 
f 352/448/74 333/429/58 338/434/58 361/457/74 
f 340/436/64 342/438/58 366/462/74 365/461/84 
f 368/464/102 343/439/95 341/437/94 369/465/102 
f 365/467/84 364/489/83 370/466/103 369/465/102 
f 346/469/96 327/471/92 336/432/61 355/451/99 
f 371/487/6 363/459/82 366/462/74 353/449/75 
f 325/420/51 328/423/54 347/443/69 344/440/66 
f 374/490/88 356/452/77 359/455/80 373/475/87 
f 331/426/57 330/425/93 350/446/97 375/478/89 
f 358/479/101 357/491/100 362/458/81 361/457/74 
f 349/481/71 351/483/98 329/424/55 348/444/70 
f 302/394/5 376/492/5 377/493/5 303/395/27 
f 305/397/9 317/411/9 378/494/9 304/396/9 
f 310/402/19 379/495/19 306/398/2 203/261/2 
f 314/406/22 313/405/15 380/496/15 381/497/23 
f 308/400/3 204/262/2 307/399/2 382/498/4 
f 313/405/15 303/395/27 377/493/5 380/496/15 
f 383/499/1 384/500/2 385/501/2 386/502/1 
f 387/503/3 388/504/4 386/502/1 389/505/4 
f 390/506/6 391/507/6 392/508/6 393/509/6 
f 394/510/9 395/511/9 396/512/9 397/513/9 
f 382/498/4 307/399/2 388/504/4 387/503/3 
f 377/493/5 376/492/5 391/507/6 390/506/6 
f 378/494/9 317/411/9 396/512/9 395/511/9 
f 398/514/10 399/515/10 400/516/10 401/517/10 
f 402/518/1 383/499/1 386/502/1 388/504/4 
f 403/519/10 404/520/11 405/521/11 406/522/11 
f 407/523/8 408/524/12 409/525/12 410/526/13 
f 411/527/14 412/528/14 390/506/6 393/509/6 
f 412/528/14 380/496/15 377/493/5 390/506/6 
f 413/529/16 414/530/17 387/503/3 389/505/4 
f 414/530/17 415/531/17 382/498/4 387/503/3 
f 383/499/1 402/518/1 416/532/18 417/533/19 
f 402/518/1 306/398/2 379/495/19 416/532/18 
f 418/534/9 419/535/9 420/536/20 421/537/20 
f 419/535/9 316/410/9 422/538/20 420/536/20 
f 423/539/22 424/540/23 412/528/14 411/527/14 
f 424/540/23 381/497/23 380/496/15 412/528/14 
f 425/541/24 426/542/25 414/530/17 413/529/16 
f 426/542/25 427/543/25 415/531/17 414/530/17 
f 417/533/19 416/532/18 424/544/23 423/545/22 
f 416/532/18 379/495/19 381/546/23 424/544/23 
f 421/537/20 420/536/20 426/547/25 425/548/24 
f 420/536/20 422/538/20 427/549/25 426/547/25 
f 428/550/31 429/551/31 430/552/6 431/553/6 
f 432/554/44 398/514/10 401/517/10 433/555/44 
f 428/556/31 400/516/10 399/515/10 429/557/31 
f 433/558/44 408/524/12 407/523/8 432/559/44 
f 434/560/29 435/561/30 436/562/31 437/563/6 
f 438/564/32 401/517/10 400/516/10 439/565/32 
f 440/566/33 441/567/31 405/521/11 442/568/32 
f 443/569/9 444/570/9 409/525/12 408/524/12 
f 431/553/6 445/571/34 428/550/31 
f 446/572/35 433/555/44 401/517/10 438/564/32 
f 439/565/32 400/516/10 428/556/31 445/573/34 
f 445/573/34 447/574/36 448/575/37 439/565/32 
f 443/569/9 408/524/12 433/558/44 446/576/35 
f 439/565/32 448/575/37 449/577/37 438/564/32 
f 450/578/36 440/566/33 442/579/32 451/580/37 
f 443/569/9 452/581/9 453/582/9 444/570/9 
f 447/583/36 445/571/34 431/553/6 
f 438/564/32 449/577/37 454/584/38 446/572/35 
f 446/576/35 454/585/38 452/581/9 443/569/9 
f 455/586/6 441/567/31 440/566/33 450/578/36 
f 456/587/39 399/515/10 398/514/10 457/588/39 
f 458/589/39 403/519/10 406/522/11 459/590/39 
f 460/591/9 407/523/8 410/526/13 461/592/13 
f 429/551/31 462/593/40 430/552/6 
f 457/588/39 398/514/10 432/554/44 463/594/41 
f 462/595/40 429/557/31 399/515/10 456/587/39 
f 463/596/41 432/559/44 407/523/8 460/591/9 
f 456/597/39 464/598/42 465/599/29 462/600/40 
f 460/591/9 466/601/9 467/602/43 463/596/41 
f 463/603/41 467/604/43 468/605/42 457/606/39 
f 457/606/39 468/605/42 464/598/42 456/597/39 
f 459/607/39 469/608/42 470/609/42 458/610/39 
f 460/591/9 461/592/13 471/611/9 466/601/9 
f 430/552/6 462/593/40 465/612/29 
f 436/562/31 406/522/11 405/521/11 441/567/31 
f 404/520/11 472/613/32 442/568/32 405/521/11 
f 472/614/32 473/615/37 451/580/37 442/579/32 
f 406/522/11 436/562/31 435/561/30 459/590/39 
f 459/607/39 435/561/30 434/560/29 469/608/42 
f 455/586/6 437/563/6 436/562/31 441/567/31 
f 474/616/44 404/520/11 403/519/10 475/617/28 
f 475/618/28 410/526/13 409/525/12 474/619/44 
f 474/619/44 409/525/12 444/570/9 476/620/45 
f 476/620/45 444/570/9 453/582/9 477/621/38 
f 475/617/28 403/519/10 458/589/39 478/622/104 
f 478/623/104 461/592/13 410/526/13 475/618/28 
f 478/624/104 458/610/39 470/609/42 479/625/43 
f 479/626/43 471/611/9 461/592/13 478/623/104 
f 476/627/45 472/613/32 404/520/11 474/616/44 
f 477/628/38 473/615/37 472/614/32 476/629/45 
f 393/509/6 392/508/6 480/630/5 481/631/27 
f 482/632/9 394/510/9 397/513/9 483/633/9 
f 384/500/2 484/634/2 485/635/2 385/501/2 
f 413/529/16 389/505/4 486/636/3 487/637/17 
f 383/499/1 417/533/19 488/638/19 384/500/2 
f 418/534/9 421/537/20 489/639/20 490/640/9 
f 423/539/22 411/527/14 491/641/15 492/642/23 
f 417/533/19 423/545/22 492/643/23 488/638/19 
f 389/505/4 386/502/1 385/501/2 486/636/3 
f 411/527/14 393/509/6 481/631/27 491/641/15 
f 425/541/24 413/529/16 487/637/17 493/644/25 
f 421/537/20 425/548/24 493/645/25 489/639/20 
f 490/640/9 494/646/9 495/647/9 483/633/9 
f 431/553/6 430/552/6 496/648/6 497/649/6 
f 419/535/9 418/534/9 397/513/9 396/512/9 
f 332/427/5 498/650/6 376/651/5 302/428/5 
f 430/552/6 499/652/6 500/653/6 496/648/6 
f 418/534/9 490/640/9 483/633/9 397/513/9 
f 402/518/1 388/504/4 307/399/2 306/398/2 
f 309/401/17 308/400/3 382/498/4 415/531/17 
f 316/410/9 312/404/9 311/403/20 422/538/20 
f 315/408/25 309/401/17 415/531/17 427/543/25 
f 310/402/19 314/407/22 381/546/23 379/495/19 
f 311/403/20 315/409/25 427/549/25 422/538/20 
f 431/553/6 497/649/6 501/654/6 502/655/6 
f 419/535/9 396/512/9 317/411/9 316/410/9 
f 503/656/51 504/657/52 392/508/6 391/507/6 
f 376/492/5 505/658/92 506/659/54 
f 392/508/6 504/657/52 507/660/55 480/630/5 
f 508/661/93 509/662/57 510/663/27 480/664/5 
f 511/665/58 512/666/59 497/649/6 496/648/6 
f 498/650/6 513/667/60 514/668/61 376/651/5 
f 515/669/62 516/670/58 500/653/6 517/671/105 
f 500/653/6 516/670/58 511/665/58 496/648/6 
f 518/672/64 519/673/94 501/654/6 520/674/58 
f 501/654/6 519/673/94 521/675/95 502/655/6 
f 522/676/66 523/677/67 504/657/52 503/656/51 
f 524/678/106 525/679/69 506/659/54 505/658/92 
f 504/657/52 523/677/67 526/680/70 507/660/55 
f 527/681/71 528/682/72 508/661/93 529/683/73 
f 530/684/74 531/685/75 512/666/59 511/665/58 
f 513/667/60 532/686/76 533/687/76 514/668/61 
f 534/688/77 535/689/107 536/690/79 537/691/80 
f 538/692/7 530/684/74 539/693/74 540/694/81 
f 541/695/82 542/696/83 543/697/84 544/698/74 
f 545/699/5 546/700/102 547/701/85 548/702/27 
f 477/628/38 549/703/38 550/704/37 473/615/37 
f 518/672/64 543/705/84 547/701/85 519/673/94 
f 542/706/83 524/707/106 533/687/76 548/708/27 
f 514/668/61 505/709/92 376/651/5 
f 512/666/59 520/674/58 501/654/6 497/649/6 
f 520/674/58 512/666/59 531/685/75 544/698/74 
f 541/710/82 551/711/6 522/676/66 525/679/69 
f 506/659/54 503/656/51 391/507/6 376/492/5 
f 552/712/86 517/671/105 500/653/6 499/652/6 
f 517/671/105 552/712/86 553/713/87 537/691/80 
f 534/714/77 554/715/108 555/716/89 528/682/72 
f 515/669/62 536/717/79 539/693/74 516/670/58 
f 535/718/107 527/719/71 526/680/70 540/720/81 
f 507/660/55 529/721/73 480/630/5 
f 480/664/5 529/683/73 508/661/93 
f 551/711/6 538/722/7 523/677/67 522/676/66 
f 542/723/83 541/710/82 525/679/69 524/678/106 
f 523/677/67 538/722/7 540/720/81 526/680/70 
f 535/724/107 534/714/77 528/682/72 527/681/71 
f 538/692/7 551/725/6 531/685/75 530/684/74 
f 532/686/76 545/726/5 548/708/27 533/687/76 
f 515/669/62 517/671/105 537/691/80 536/690/79 
f 530/684/74 511/665/58 516/670/58 539/693/74 
f 518/672/64 520/674/58 544/698/74 543/697/84 
f 546/700/102 521/675/95 519/673/94 547/701/85 
f 543/705/84 542/727/83 548/702/27 547/701/85 
f 524/707/106 505/709/92 514/668/61 533/687/76 
f 551/725/6 541/695/82 544/698/74 531/685/75 
f 503/656/51 506/659/54 525/679/69 522/676/66 
f 554/728/108 534/688/77 537/691/80 553/713/87 
f 509/662/57 508/661/93 528/682/72 555/716/89 
f 536/717/79 535/729/107 540/694/81 539/693/74 
f 527/719/71 529/721/73 507/660/55 526/680/70 
f 480/630/5 556/730/5 557/731/5 481/631/27 
f 483/633/9 495/647/9 558/732/9 482/632/9 
f 487/637/17 486/636/3 559/733/4 560/734/17 
f 490/640/9 489/639/20 561/735/20 494/646/9 
f 492/642/23 491/641/15 562/736/15 563/737/23 
f 486/636/3 385/501/2 485/635/2 559/733/4 
f 491/641/15 481/631/27 557/731/5 562/736/15 
f 493/644/25 487/637/17 560/734/17 564/738/25 
f 489/639/20 493/645/25 564/739/25 561/735/20 
f 565/740/1 566/741/1 567/742/2 568/743/1 
f 569/744/3 570/745/4 568/743/1 571/746/4 
f 572/747/6 573/748/6 574/749/6 575/750/6 
f 576/751/8 577/752/9 578/753/13 579/754/8 
f 559/733/4 485/635/2 570/745/4 569/744/3 
f 557/731/5 556/730/5 573/748/6 572/747/6 
f 558/732/9 495/647/9 578/753/13 577/752/9 
f 580/755/10 581/756/10 582/757/10 583/758/10 
f 584/759/1 565/740/1 568/743/1 570/745/4 
f 585/760/10 586/761/11 587/762/11 588/763/11 
f 589/764/9 590/765/9 591/766/9 592/767/9 
f 593/768/14 594/769/14 572/747/6 575/750/6 
f 594/769/14 562/736/15 557/731/5 572/747/6 
f 595/770/16 596/771/17 569/744/3 571/746/4 
f 596/771/17 560/734/17 559/733/4 569/744/3 
f 565/740/1 584/759/1 597/772/18 598/773/19 
f 584/759/1 484/634/2 599/774/19 597/772/18 
f 600/775/8 601/776/13 602/777/20 603/778/21 
f 601/776/13 494/646/9 561/735/20 602/777/20 
f 604/779/22 605/780/23 594/769/14 593/768/14 
f 605/780/23 563/737/23 562/736/15 594/769/14 
f 606/781/24 607/782/25 596/771/17 595/770/16 
f 607/782/25 564/738/25 560/734/17 596/771/17 
f 598/773/19 597/772/18 605/783/23 604/784/22 
f 597/772/18 599/774/19 563/785/23 605/783/23 
f 603/778/21 602/777/20 607/786/25 606/787/24 
f 602/777/20 561/735/20 564/739/25 607/786/25 
f 608/788/31 609/789/31 610/790/7 611/791/6 
f 612/792/28 580/755/10 583/758/10 613/793/28 
f 608/794/31 582/757/10 581/756/10 609/795/31 
f 613/796/28 590/765/9 589/764/9 612/797/28 
f 614/798/29 615/799/30 616/800/31 617/801/6 
f 618/802/32 583/758/10 582/757/10 619/803/32 
f 620/804/33 621/805/31 587/762/11 622/806/32 
f 623/807/9 624/808/9 591/766/9 590/765/9 
f 611/791/6 625/809/34 608/788/31 
f 626/810/35 613/793/28 583/758/10 618/802/32 
f 619/803/32 582/757/10 608/794/31 625/811/34 
f 625/811/34 627/812/36 628/813/37 619/803/32 
f 623/807/9 590/765/9 613/796/28 626/814/35 
f 619/803/32 628/813/37 629/815/37 618/802/32 
f 630/816/36 620/804/33 622/817/32 631/818/37 
f 623/807/9 632/819/9 633/820/9 624/808/9 
f 627/821/36 625/809/34 611/791/6 
f 618/802/32 629/815/37 634/822/38 626/810/35 
f 626/814/35 634/823/38 632/819/9 623/807/9 
f 635/824/6 621/805/31 620/804/33 630/816/36 
f 636/825/39 581/756/10 580/755/10 637/826/39 
f 638/827/39 585/760/10 588/763/11 639/828/39 
f 640/829/9 589/764/9 592/767/9 641/830/9 
f 609/789/31 642/831/40 610/790/7 
f 637/826/39 580/755/10 612/792/28 643/832/41 
f 642/833/40 609/795/31 581/756/10 636/825/39 
f 643/834/41 612/797/28 589/764/9 640/829/9 
f 636/835/39 644/836/42 645/837/29 642/838/40 
f 640/829/9 646/839/9 647/840/43 643/834/41 
f 643/841/41 647/842/43 648/843/42 637/844/39 
f 637/844/39 648/843/42 644/836/42 636/835/39 
f 639/845/39 649/846/42 650/847/42 638/848/39 
f 640/829/9 641/830/9 651/849/9 646/839/9 
f 610/790/7 642/831/40 645/850/29 
f 616/800/31 588/763/11 587/762/11 621/805/31 
f 586/761/11 652/851/32 622/806/32 587/762/11 
f 652/852/32 653/853/37 631/818/37 622/817/32 
f 588/763/11 616/800/31 615/799/30 639/828/39 
f 639/845/39 615/799/30 614/798/29 649/846/42 
f 635/824/6 617/801/6 616/800/31 621/805/31 
f 654/854/28 586/761/11 585/760/10 655/855/28 
f 655/856/28 592/767/9 591/766/9 654/857/28 
f 654/857/28 591/766/9 624/808/9 656/858/45 
f 656/858/45 624/808/9 633/820/9 657/859/38 
f 655/855/28 585/760/10 638/827/39 658/860/46 
f 658/861/46 641/830/9 592/767/9 655/856/28 
f 658/862/46 638/848/39 650/847/42 659/863/43 
f 659/864/43 651/849/9 641/830/9 658/861/46 
f 656/865/45 652/851/32 586/761/11 654/854/28 
f 657/866/38 653/853/37 652/852/32 656/867/45 
f 575/750/6 574/749/6 660/868/7 661/869/7 
f 662/870/8 576/751/8 579/754/8 663/871/8 
f 595/770/16 571/746/4 664/872/4 665/873/17 
f 565/740/1 598/773/19 666/874/19 566/741/1 
f 600/775/8 603/778/21 667/875/21 668/876/8 
f 604/779/22 593/768/14 669/877/14 670/878/22 
f 598/773/19 604/784/22 670/879/22 666/874/19 
f 571/746/4 568/743/1 567/742/2 664/872/4 
f 593/768/14 575/750/6 661/869/7 669/877/14 
f 606/781/24 595/770/16 665/873/17 671/880/24 
f 603/778/21 606/787/24 671/881/24 667/875/21 
f 668/876/8 672/882/12 673/883/8 663/871/8 
f 611/791/6 610/790/7 674/884/6 675/885/6 
f 601/776/13 600/775/8 579/754/8 578/753/13 
f 510/663/27 676/886/27 556/887/5 480/664/5 
f 610/790/7 677/888/7 678/889/7 674/884/6 
f 600/775/8 668/876/8 663/871/8 579/754/8 
f 584/759/1 570/745/4 485/635/2 484/634/2 
f 384/500/2 488/638/19 599/774/19 484/634/2 
f 488/638/19 492/643/23 563/785/23 599/774/19 
f 611/791/6 675/885/6 679/890/6 680/891/6 
f 601/776/13 578/753/13 495/647/9 494/646/9 
f 681/892/51 682/893/52 574/749/6 573/748/6 
f 556/730/5 683/894/92 684/895/54 
f 574/749/6 682/893/52 685/896/55 660/868/7 
f 686/897/93 687/898/57 688/899/7 660/900/7 
f 689/901/58 690/902/59 675/885/6 674/884/6 
f 676/886/27 691/903/61 692/904/61 556/887/5 
f 693/905/62 694/906/58 678/889/7 695/907/105 
f 678/889/7 694/906/58 689/901/58 674/884/6 
f 696/908/64 697/909/94 679/890/6 698/910/58 
f 679/890/6 697/909/94 699/911/95 680/891/6 
f 700/912/66 701/913/67 682/893/52 681/892/51 
f 702/914/106 703/915/69 684/895/54 683/894/92 
f 682/893/52 701/913/67 704/916/70 685/896/55 
f 705/917/71 706/918/72 686/897/93 707/919/98 
f 708/920/74 709/921/75 690/902/59 689/901/58 
f 691/903/61 710/922/76 711/923/76 692/904/61 
f 712/924/7 713/925/107 714/926/79 715/927/80 
f 716/928/7 708/920/74 717/929/74 718/930/81 
f 719/931/82 720/932/83 721/933/84 722/934/75 
f 723/935/5 724/936/102 725/937/102 726/938/27 
f 696/908/64 721/939/84 725/937/102 697/909/94 
f 720/940/83 702/941/106 711/923/76 726/942/27 
f 692/904/61 683/943/92 556/887/5 
f 690/902/59 698/910/58 679/890/6 675/885/6 
f 698/910/58 690/902/59 709/921/75 722/934/75 
f 719/944/82 727/945/27 700/912/66 703/915/69 
f 684/895/54 681/892/51 573/748/6 556/730/5 
f 728/946/86 695/907/105 678/889/7 677/888/7 
f 695/907/105 728/946/86 729/947/87 715/927/80 
f 712/948/7 730/949/88 731/950/89 706/918/72 
f 693/905/62 714/951/79 717/929/74 694/906/58 
f 713/952/107 705/953/71 704/916/70 718/954/81 
f 685/896/55 707/955/98 660/868/7 
f 660/900/7 707/919/98 686/897/93 
f 727/945/27 716/956/7 701/913/67 700/912/66 
f 720/957/83 719/944/82 703/915/69 702/914/106 
f 701/913/67 716/956/7 718/954/81 704/916/70 
f 713/958/107 712/948/7 706/918/72 705/917/71 
f 716/928/7 727/959/27 709/921/75 708/920/74 
f 710/922/76 723/960/5 726/942/27 711/923/76 
f 693/905/62 695/907/105 715/927/80 714/926/79 
f 708/920/74 689/901/58 694/906/58 717/929/74 
f 696/908/64 698/910/58 722/934/75 721/933/84 
f 724/936/102 699/911/95 697/909/94 725/937/102 
f 721/939/84 720/961/83 726/938/27 725/937/102 
f 702/941/106 683/943/92 692/904/61 711/923/76 
f 727/959/27 719/931/82 722/934/75 709/921/75 
f 681/892/51 684/895/54 703/915/69 700/912/66 
f 730/962/88 712/924/7 715/927/80 729/947/87 
f 687/898/57 686/897/93 706/918/72 731/950/89 
f 714/951/79 713/963/107 718/930/81 717/929/74 
f 705/953/71 707/955/98 685/896/55 704/916/70 
f 662/870/8 663/871/8 673/883/8 732/964/12 
f 664/872/4 733/965/1 734/966/16 665/873/17 
f 671/880/24 665/873/17 734/966/16 735/967/24 
f 667/875/21 671/881/24 735/968/24 736/969/21 
f 737/970/37 738/971/37 739/972/37 740/973/37 
f 741/974/37 742/975/37 738/971/37 743/976/37 
f 744/977/109 745/978/109 743/976/37 746/979/37 
f 747/980/110 748/981/110 742/975/37 741/974/37 
f 749/982/111 750/983/111 737/970/37 740/973/37 
f 745/978/109 751/984/112 741/974/37 743/976/37 
f 752/985/7 753/986/7 754/987/113 755/988/114 
f 733/965/1 756/989/2 757/990/115 758/991/115 
f 756/989/2 759/992/3 760/993/116 757/990/115 
f 732/964/12 673/883/8 761/994/117 762/995/118 
f 759/992/3 763/996/18 764/997/119 760/993/116 
f 752/985/7 755/988/114 765/998/120 766/999/15 
f 741/974/37 751/984/112 767/1000/121 747/980/110 
f 733/965/1 758/991/115 768/1001/122 734/966/16 
f 746/979/37 769/1002/111 770/1003/123 744/977/109 
f 672/882/12 736/969/21 771/1004/124 772/1005/118 
f 773/1006/36 774/1007/125 748/981/110 747/980/110 
f 775/1008/126 776/1009/126 745/978/109 744/977/109 
f 776/1009/126 777/1010/127 751/984/112 745/978/109 
f 778/1011/38 779/1012/38 750/983/111 749/982/111 
f 777/1010/127 780/1013/128 767/1000/121 751/984/112 
f 781/1014/23 782/1015/129 764/997/119 763/996/18 
f 773/1016/36 783/1017/130 765/998/120 755/988/114 
f 735/968/24 784/1018/131 771/1004/124 736/969/21 
f 775/1019/126 785/1020/132 768/1001/122 758/991/115 
f 786/1021/38 787/1022/133 770/1003/123 769/1002/111 
f 755/988/114 754/987/113 774/1023/125 773/1016/36 
f 747/980/110 767/1000/121 783/1024/130 773/1006/36 
f 758/991/115 757/990/115 776/1025/126 775/1019/126 
f 757/990/115 760/993/116 777/1026/127 776/1025/126 
f 760/993/116 764/997/119 780/1027/128 777/1026/127 
f 744/977/109 770/1003/123 785/1028/132 775/1008/126 
f 766/999/15 765/998/120 782/1029/129 781/1030/23 
f 762/995/118 761/994/117 779/1031/38 778/1032/38 
f 772/1005/118 771/1004/124 787/1033/133 786/1034/38 
f 734/966/16 768/1001/122 784/1035/131 735/967/24 
f 764/997/119 782/1015/129 788/1036/134 780/1027/128 
f 765/998/120 783/1017/130 788/1037/134 782/1029/129 
f 767/1000/121 780/1013/128 788/1038/134 783/1024/130 
f 771/1004/124 784/1018/131 789/1039/135 787/1033/133 
f 768/1001/122 785/1020/132 789/1040/135 784/1035/131 
f 770/1003/123 787/1022/133 789/1041/135 785/1028/132 
f 753/1042/7 660/900/7 688/899/7 790/1043/6 
f 733/965/1 664/872/4 567/742/2 756/989/2 
f 766/999/15 669/877/14 661/869/7 752/985/7 
f 759/992/3 566/741/1 666/874/19 763/996/18 
f 672/882/12 668/876/8 667/875/21 736/969/21 
f 781/1030/23 670/878/22 669/877/14 766/999/15 
f 763/996/18 666/874/19 670/879/22 781/1014/23 
f 148/185/6 19/188/6 130/1044/6 791/1045/6 
f 17/17/2 16/16/2 134/170/2 29/29/2 
f 46/46/19 28/28/1 27/27/2 792/1046/19 
f 40/40/14 55/55/22 793/1047/22 132/168/14 
f 43/43/17 58/58/25 794/1048/136 133/169/49 
f 55/61/22 46/46/19 792/1046/19 793/1049/22 
f 58/64/25 52/52/21 135/171/50 794/1050/136 
f 746/979/37 743/976/37 738/971/37 737/970/37 
f 795/1051/37 739/972/37 738/971/37 742/975/37 
f 796/1052/137 795/1051/37 742/975/37 748/981/110 
f 769/1002/111 746/979/37 737/970/37 750/983/111 
f 790/1043/6 797/1053/113 754/1054/113 753/1042/7 
f 672/882/12 772/1005/118 761/994/117 673/883/8 
f 798/1055/125 796/1052/137 748/981/110 774/1007/125 
f 786/1021/38 769/1002/111 750/983/111 779/1012/38 
f 797/1053/113 798/1056/125 774/1057/125 754/1054/113 
f 772/1005/118 786/1034/38 779/1031/38 761/994/117 
f 752/985/7 661/869/7 660/868/7 753/986/7 
f 759/992/3 756/989/2 567/742/2 566/741/1 
f 799/1058/138 791/1045/6 130/1044/6 800/1059/139 
f 801/1060/140 27/27/2 29/29/2 802/1061/141 
f 802/1061/141 29/29/2 134/170/2 803/1062/142 
f 804/1063/143 125/161/47 126/162/48 805/1064/144 
f 806/1065/145 792/1046/19 27/27/2 801/1060/140 
f 807/1066/138 129/165/6 132/168/14 808/1067/146 
f 803/1062/142 134/170/2 133/169/49 809/1068/147 
f 810/1069/148 135/171/50 125/161/47 804/1063/143 
f 808/1067/146 132/168/14 793/1047/22 811/1070/149 
f 809/1068/147 133/169/49 794/1048/136 812/1071/150 
f 811/1072/149 793/1049/22 792/1046/19 806/1065/145 
f 812/1073/150 794/1050/136 135/171/50 810/1069/148 
f 800/1074/139 130/166/6 129/165/6 807/1066/138 
f 805/1064/144 126/162/48 131/167/47 813/1075/143 
f 113/147/8 814/1076/12 815/1077/12 12/12/8 
f 62/68/27 137/173/6 816/1078/6 817/1079/5 
f 97/116/12 818/1080/12 819/1081/43 98/117/43 
f 99/120/42 98/119/43 819/1082/43 820/1083/42 
f 378/494/9 821/1084/9 822/1085/9 304/396/9 
f 552/712/86 823/1086/90 824/1087/91 553/713/87 
f 676/886/27 510/663/27 825/1088/5 826/1089/27 
f 611/791/6 680/891/6 827/1090/6 828/1091/6 
f 101/124/42 829/1092/42 830/1093/43 110/140/43 
f 144/180/57 831/1094/151 832/1095/5 145/181/27 
f 269/347/36 253/317/7 833/1096/6 834/1097/36 
f 473/615/37 550/704/37 835/1098/37 451/580/37 
f 630/816/36 836/1099/36 837/1100/7 635/824/6 
f 650/847/42 838/1101/42 839/1102/43 659/863/43 
f 631/818/37 840/1103/37 836/1099/36 630/816/36 
f 739/972/37 841/1104/37 842/1105/37 740/973/37 
f 762/995/118 843/1106/117 844/1107/12 732/964/12 
f 797/1053/113 790/1043/6 845/1108/6 846/1109/114 
f 740/973/37 842/1105/37 847/1110/111 749/982/111 
f 634/823/38 848/1111/38 849/1112/9 632/819/9 
f 796/1052/137 850/1113/110 851/1114/37 795/1051/37 
f 86/101/6 852/1115/6 853/1116/6 68/78/6 
f 83/96/9 854/1117/9 855/1118/9 84/97/9 
f 80/92/37 856/1119/37 857/1120/38 85/99/38 
f 100/123/42 65/75/29 858/1121/29 859/1122/42 
f 102/126/12 110/141/43 830/1123/43 860/1124/12 
f 320/414/27 145/181/27 832/1095/5 861/1125/27 
f 301/390/43 862/1126/43 863/1127/9 293/375/9 
f 466/601/9 864/1128/9 865/1129/43 467/602/43 
f 468/605/42 467/604/43 865/1130/43 866/1131/42 
f 509/662/57 555/716/89 867/1132/152 868/1133/151 
f 372/474/86 321/416/5 869/1134/27 870/1135/90 
f 452/581/9 871/1136/9 872/1137/9 453/582/9 
f 635/824/6 837/1100/7 873/1138/7 617/801/6 
f 649/846/42 614/798/29 874/1139/29 875/1140/42 
f 688/899/7 876/1141/6 845/1108/6 790/1043/6 
f 85/100/38 857/1142/38 854/1117/9 83/96/9 
f 292/373/42 291/372/42 877/1143/42 878/1144/42 
f 644/836/42 648/843/42 879/1145/42 880/1146/42 
f 148/185/6 791/1045/6 881/1147/6 882/1148/6 
f 275/346/9 883/1149/9 884/1150/38 299/385/38 
f 214/272/9 885/1151/9 886/1152/9 197/255/9 
f 450/578/36 887/1153/36 888/1154/6 455/586/6 
f 451/580/37 835/1098/37 887/1153/36 450/578/36 
f 482/632/9 889/1155/9 890/1156/13 394/510/9 
f 554/715/108 891/1157/88 867/1132/152 555/716/89 
f 687/898/57 892/1158/151 876/1141/6 688/899/7 
f 633/820/9 893/1159/9 894/1160/38 657/859/38 
f 269/338/36 834/1161/36 895/1162/37 270/339/37 
f 288/365/9 896/1163/9 897/1164/43 289/366/43 
f 290/369/42 289/368/43 897/1165/43 898/1166/42 
f 324/419/6 343/439/95 899/1167/95 900/1168/6 
f 502/655/6 521/675/95 901/1169/95 902/1170/6 
f 274/345/9 903/1171/9 883/1149/9 275/346/9 
f 394/510/9 890/1156/13 904/1172/9 395/511/9 
f 449/577/37 905/1173/37 906/1174/38 454/584/38 
f 469/608/42 434/560/29 907/1175/29 908/1176/42 
f 276/349/38 909/1177/38 903/1171/9 274/345/9 
f 256/324/29 910/1178/29 877/1143/42 291/372/42 
f 448/575/37 911/1179/37 905/1173/37 449/577/37 
f 553/713/87 824/1087/91 891/1180/88 554/728/108 
f 61/67/7 96/127/29 912/1181/29 913/1182/6 
f 157/195/65 191/241/65 816/1078/6 137/173/6 
f 68/78/6 853/1116/6 858/1121/29 65/75/29 
f 149/186/60 914/1183/60 915/1184/76 168/206/76 
f 332/427/5 331/426/57 916/1185/151 917/1186/27 
f 335/431/61 918/1187/61 919/1188/99 354/450/99 
f 479/625/43 470/609/42 920/1189/42 921/1190/43 
f 610/790/7 645/850/29 922/1191/29 923/1192/6 
f 662/870/8 924/1193/12 925/1194/12 576/751/8 
f 749/982/111 847/1110/111 926/1195/153 778/1011/38 
f 437/563/6 455/586/6 888/1154/6 927/1196/6 
f 271/341/37 928/1197/37 909/1198/38 276/348/38 
f 454/585/38 906/1199/38 871/1136/9 452/581/9 
f 729/947/87 929/1200/91 930/1201/108 730/962/88 
f 131/167/47 931/1202/48 932/1203/144 813/1075/143 
f 181/246/27 168/206/76 915/1184/76 933/1204/27 
f 182/220/85 181/219/27 933/1205/27 190/240/85 
f 295/379/37 934/1206/37 935/1207/37 273/344/37 
f 378/494/9 395/511/9 904/1172/9 821/1084/9 
f 723/960/5 710/922/76 936/1208/76 937/1209/27 
f 614/798/29 617/801/6 873/1138/7 874/1139/29 
f 691/903/61 938/1210/61 936/1208/76 710/922/76 
f 724/936/102 723/935/5 937/1211/27 939/1212/85 
f 731/950/89 730/949/88 930/1213/108 940/1214/152 
f 20/20/9 941/1215/9 931/1202/48 131/167/47 
f 942/1216/11 943/1217/11 944/1218/10 945/1219/10 
f 946/1220/154 947/1221/155 943/1217/11 948/1222/155 
f 949/1223/27 950/1224/6 951/1225/7 952/1226/27 
f 815/1077/12 953/1227/12 954/1228/13 955/1229/9 
f 956/1230/10 946/1220/154 948/1222/155 957/1231/10 
f 958/1232/6 949/1223/27 952/1226/27 959/1233/6 
f 941/1215/9 955/1229/9 954/1228/13 960/1234/9 
f 961/1235/2 962/1236/2 963/1237/2 964/1238/2 
f 965/1239/11 948/1222/155 943/1217/11 942/1216/11 
f 966/1240/10 967/1241/10 957/1231/10 968/1242/11 
f 969/1243/1 970/1244/1 971/1245/1 972/1246/1 
f 973/1247/8 974/1248/8 975/1249/8 976/1250/9 
f 977/1251/156 950/1224/6 949/1223/27 978/1252/157 
f 978/1252/157 949/1223/27 958/1232/6 979/1253/156 
f 980/1254/158 947/1221/155 946/1220/154 981/1255/159 
f 981/1255/159 946/1220/154 956/1230/10 982/1256/159 
f 942/1216/11 983/1257/160 984/1258/161 965/1239/11 
f 965/1239/11 984/1258/161 985/1259/160 968/1242/11 
f 986/1260/12 987/1261/162 988/1262/163 989/1263/13 
f 989/1263/13 988/1262/163 990/1264/162 991/1265/9 
f 992/1266/31 977/1251/156 978/1252/157 993/1267/26 
f 993/1267/26 978/1252/157 979/1253/156 994/1268/31 
f 995/1269/44 980/1254/158 981/1255/159 996/1270/28 
f 996/1270/28 981/1255/159 982/1256/159 997/1271/28 
f 983/1257/160 992/1272/31 993/1273/26 984/1258/161 
f 984/1258/161 993/1273/26 994/1274/31 985/1259/160 
f 987/1261/162 995/1275/44 996/1276/28 988/1262/163 
f 988/1262/163 996/1276/28 997/1277/28 990/1264/162 
f 998/1278/23 817/1079/5 913/1182/6 999/1279/23 
f 1000/1280/25 1001/1281/25 962/1236/2 961/1235/2 
f 998/1282/23 999/1283/23 964/1238/2 963/1237/2 
f 1001/1284/25 1000/1285/25 973/1247/8 976/1250/9 
f 858/1121/29 853/1116/6 1002/1286/22 1003/1287/164 
f 1004/1288/126 1005/1289/126 963/1237/2 962/1236/2 
f 1006/1290/165 1007/1291/126 971/1245/1 1008/1292/22 
f 1009/1293/9 976/1250/9 975/1249/8 1010/1294/9 
f 817/1079/5 998/1278/23 1011/1295/166 
f 1012/1296/167 1004/1288/126 962/1236/2 1001/1281/25 
f 1005/1289/126 1011/1297/166 998/1282/23 963/1237/2 
f 1011/1297/166 1005/1289/126 1013/1298/37 1014/1299/36 
f 1009/1293/9 1012/1300/167 1001/1284/25 976/1250/9 
f 1005/1289/126 1004/1288/126 856/1119/37 1013/1298/37 
f 1015/1301/36 1016/1302/37 1007/1303/126 1006/1290/165 
f 1009/1293/9 1010/1294/9 855/1118/9 854/1117/9 
f 1014/1304/36 817/1079/5 1011/1295/166 
f 1004/1288/126 1012/1296/167 857/1120/38 856/1119/37 
f 1012/1300/167 1009/1293/9 854/1117/9 857/1142/38 
f 852/1115/6 1015/1301/36 1006/1290/165 1008/1292/22 
f 1017/1305/168 1018/1306/168 961/1235/2 964/1238/2 
f 1019/1307/168 1020/1308/168 970/1244/1 969/1243/1 
f 1021/1309/8 1022/1310/8 974/1248/8 973/1247/8 
f 999/1279/23 913/1182/6 1023/1311/169 
f 1018/1306/168 1024/1312/170 1000/1280/25 961/1235/2 
f 1023/1313/169 1017/1305/168 964/1238/2 999/1283/23 
f 1024/1314/170 1021/1309/8 973/1247/8 1000/1285/25 
f 1017/1305/168 1023/1313/169 912/1315/29 1025/1316/42 
f 1021/1309/8 1024/1314/170 819/1081/43 818/1080/12 
f 1024/1312/170 1018/1306/168 820/1083/42 819/1082/43 
f 1018/1306/168 1017/1305/168 1025/1316/42 820/1083/42 
f 1020/1317/168 1019/1318/168 829/1092/42 859/1122/42 
f 1021/1309/8 818/1080/12 860/1124/12 1022/1310/8 
f 913/1182/6 912/1181/29 1023/1311/169 
f 1002/1286/22 1008/1292/22 971/1245/1 970/1244/1 
f 972/1246/1 971/1245/1 1007/1291/126 1026/1319/126 
f 1026/1320/126 1007/1303/126 1016/1302/37 1027/1321/37 
f 970/1244/1 1020/1308/168 1003/1287/164 1002/1286/22 
f 1020/1317/168 859/1122/42 858/1121/29 1003/1287/164 
f 852/1115/6 1008/1292/22 1002/1286/22 853/1116/6 
f 1028/1322/24 1029/1323/24 969/1243/1 972/1246/1 
f 1029/1324/24 1028/1325/24 975/1249/8 974/1248/8 
f 1028/1325/24 1030/1326/171 1010/1294/9 975/1249/8 
f 1030/1326/171 1031/1327/38 855/1118/9 1010/1294/9 
f 1029/1323/24 1032/1328/172 1019/1307/168 969/1243/1 
f 1032/1329/172 1029/1324/24 974/1248/8 1022/1310/8 
f 1032/1330/172 830/1093/43 829/1092/42 1019/1318/168 
f 830/1123/43 1032/1329/172 1022/1310/8 860/1124/12 
f 1030/1331/171 1028/1322/24 972/1246/1 1026/1319/126 
f 1031/1332/38 1030/1333/171 1026/1320/126 1027/1321/37 
f 950/1224/6 1033/1334/5 1034/1335/5 951/1225/7 
f 814/1076/12 1035/1336/12 953/1227/12 815/1077/12 
f 980/1254/158 1036/1337/159 1037/1338/154 947/1221/155 
f 942/1216/11 945/1219/10 1038/1339/160 983/1257/160 
f 986/1260/12 1039/1340/12 1040/1341/162 987/1261/162 
f 992/1266/31 1041/1342/31 1042/1343/157 977/1251/156 
f 983/1257/160 1038/1339/160 1041/1344/31 992/1272/31 
f 947/1221/155 1037/1338/154 944/1218/10 943/1217/11 
f 977/1251/156 1042/1343/157 1033/1334/5 950/1224/6 
f 995/1269/44 1043/1345/28 1036/1337/159 980/1254/158 
f 987/1261/162 1040/1341/162 1043/1346/28 995/1275/44 
f 817/1079/5 1044/1347/27 1045/1348/7 913/1182/6 
f 989/1263/13 954/1228/13 953/1227/12 986/1260/12 
f 1046/1349/48 1047/1350/47 960/1234/9 991/1265/9 
f 913/1182/6 1045/1348/7 1048/1351/7 1049/1352/7 
f 986/1260/12 953/1227/12 1035/1336/12 1039/1340/12 
f 852/1115/6 86/101/6 81/93/36 1015/1301/36 
f 81/93/36 82/95/37 1016/1302/37 1015/1301/36 
f 958/1232/6 959/1233/6 1050/1353/6 1051/1354/6 
f 931/1202/48 941/1215/9 960/1234/9 1047/1350/47 
f 965/1239/11 968/1242/11 957/1231/10 948/1222/155 
f 1052/1355/156 979/1253/156 958/1232/6 1051/1354/6 
f 1053/1356/173 982/1256/159 956/1230/10 1054/1357/10 
f 1046/1349/48 991/1265/9 990/1264/162 1055/1358/174 
f 817/1079/5 816/1078/6 1056/1359/6 1044/1347/27 
f 989/1263/13 991/1265/9 960/1234/9 954/1228/13 
f 1057/1360/175 952/1226/27 951/1225/7 1058/1361/59 
f 959/1233/6 1059/1362/176 1060/1363/177 
f 951/1225/7 1034/1335/5 1061/1364/178 1058/1361/59 
f 1062/1365/179 1034/1366/5 832/1095/5 831/1094/151 
f 1063/1367/180 1045/1348/7 1044/1347/27 1064/1368/52 
f 882/1148/6 959/1369/6 1065/1370/181 914/1183/60 
f 1066/1371/182 1067/1372/183 1048/1351/7 1068/1373/180 
f 1048/1351/7 1045/1348/7 1063/1367/180 1068/1373/180 
f 1069/1374/184 1070/1375/180 1056/1359/6 1071/1376/65 
f 1056/1359/6 816/1078/6 191/241/65 1071/1376/65 
f 1072/1377/185 1057/1360/175 1058/1361/59 1073/1378/75 
f 1074/1379/186 1060/1363/177 1059/1362/176 1075/1380/187 
f 1058/1361/59 1061/1364/178 1076/1381/188 1073/1378/75 
f 1077/1382/189 1078/1383/190 1062/1365/179 1079/1384/191 
f 1080/1385/192 1063/1367/180 1064/1368/52 1081/1386/67 
f 914/1183/60 1065/1370/181 1082/1387/193 915/1184/76 
f 1083/1388/103 1084/1389/194 1085/1390/195 1086/1391/196 
f 1087/1392/6 1088/1393/197 1089/1394/192 1080/1385/192 
f 1090/1395/198 1091/1396/192 1092/1397/199 1093/1398/200 
f 933/1205/27 1094/1399/5 1095/1400/102 190/240/85 
f 1069/1374/184 1071/1376/65 1095/1400/102 1092/1401/199 
f 1093/1402/200 1094/1403/5 1082/1387/193 1074/1404/186 
f 1065/1370/181 959/1369/6 1060/1405/177 
f 1064/1368/52 1044/1347/27 1056/1359/6 1070/1375/180 
f 1070/1375/180 1091/1396/192 1081/1386/67 1064/1368/52 
f 1090/1406/198 1075/1380/187 1072/1377/185 1096/1407/7 
f 1059/1362/176 959/1233/6 952/1226/27 1057/1360/175 
f 192/250/90 1049/1352/7 1048/1351/7 1067/1372/183 
f 1067/1372/183 1084/1389/194 193/251/91 192/250/90 
f 1083/1408/103 1079/1384/191 1097/1409/152 1098/1410/108 
f 1066/1371/182 1068/1373/180 1089/1394/192 1085/1411/195 
f 1086/1412/196 1088/1413/197 1076/1381/188 1077/1414/189 
f 1061/1364/178 1034/1335/5 1078/1415/190 
f 1034/1366/5 1062/1365/179 1078/1383/190 
f 1096/1407/7 1072/1377/185 1073/1378/75 1087/1416/6 
f 1093/1417/200 1074/1379/186 1075/1380/187 1090/1406/198 
f 1073/1378/75 1076/1381/188 1088/1413/197 1087/1416/6 
f 1086/1418/196 1077/1382/189 1079/1384/191 1083/1408/103 
f 1087/1392/6 1080/1385/192 1081/1386/67 1096/1419/7 
f 915/1184/76 1082/1387/193 1094/1403/5 933/1204/27 
f 1066/1371/182 1085/1390/195 1084/1389/194 1067/1372/183 
f 1080/1385/192 1089/1394/192 1068/1373/180 1063/1367/180 
f 1069/1374/184 1092/1397/199 1091/1396/192 1070/1375/180 
f 190/240/85 1095/1400/102 1071/1376/65 191/241/65 
f 1092/1401/199 1095/1400/102 1094/1399/5 1093/1420/200 
f 1074/1404/186 1082/1387/193 1065/1370/181 1060/1405/177 
f 1096/1419/7 1081/1386/67 1091/1396/192 1090/1395/198 
f 1057/1360/175 1072/1377/185 1075/1380/187 1059/1362/176 
f 1098/1421/108 193/251/91 1084/1389/194 1083/1388/103 
f 831/1094/151 1097/1409/152 1079/1384/191 1062/1365/179 
f 1085/1411/195 1089/1394/192 1088/1393/197 1086/1422/196 
f 1077/1414/189 1076/1381/188 1061/1364/178 1078/1415/190 
f 189/234/89 188/233/88 1098/1410/108 1097/1409/152 
f 1034/1335/5 1033/1334/5 1099/1423/27 1100/1424/27 
f 1035/1336/12 814/1076/12 886/1152/9 1101/1425/9 
f 1037/1338/154 1036/1337/159 1102/1426/159 1103/1427/155 
f 1041/1342/31 1104/1428/26 1105/1429/157 1042/1343/157 
f 1042/1343/157 1105/1429/157 1099/1423/27 1033/1334/5 
f 1106/1430/11 1107/1431/11 1108/1432/10 1109/1433/10 
f 1110/1434/154 1111/1435/155 1107/1431/11 1112/1436/155 
f 1113/1437/7 1114/1438/7 1115/1439/7 1116/1440/7 
f 1117/1441/9 1118/1442/9 1119/1443/9 885/1151/9 
f 1103/1427/155 1110/1434/154 1112/1436/155 1120/1444/10 
f 1099/1423/27 1113/1437/7 1116/1440/7 1100/1424/27 
f 886/1152/9 885/1151/9 1119/1443/9 1101/1425/9 
f 1121/1445/2 1122/1446/2 1123/1447/2 1124/1448/2 
f 1125/1449/11 1112/1436/155 1107/1431/11 1106/1430/11 
f 945/1219/10 944/1218/10 1120/1444/10 1126/1450/10 
f 1127/1451/1 1128/1452/1 1129/1453/1 1130/1454/1 
f 1131/1455/12 1132/1456/9 1133/1457/12 1134/1458/8 
f 1135/1459/156 1114/1438/7 1113/1437/7 1136/1460/156 
f 1136/1460/156 1113/1437/7 1099/1423/27 1105/1429/157 
f 1137/1461/158 1111/1435/155 1110/1434/154 1138/1462/159 
f 1138/1462/159 1110/1434/154 1103/1427/155 1102/1426/159 
f 1106/1430/11 1139/1463/160 1140/1464/161 1125/1449/11 
f 1125/1449/11 1140/1464/161 1141/1465/160 1126/1450/10 
f 1142/1466/9 1143/1467/163 1144/1468/163 1145/1469/9 
f 1145/1469/9 1144/1468/163 1146/1470/163 1147/1471/9 
f 1148/1472/31 1135/1459/156 1136/1460/156 1149/1473/26 
f 1149/1473/26 1136/1460/156 1105/1429/157 1104/1428/26 
f 1150/1474/44 1137/1461/158 1138/1462/159 1151/1475/28 
f 1151/1475/28 1138/1462/159 1102/1426/159 1152/1476/28 
f 1139/1463/160 1148/1477/31 1149/1478/26 1140/1464/161 
f 1140/1464/161 1149/1478/26 1104/1479/26 1141/1465/160 
f 1143/1467/163 1150/1480/44 1151/1481/28 1144/1468/163 
f 1144/1468/163 1151/1481/28 1152/1482/28 1146/1470/163 
f 1153/1483/22 833/1096/6 1154/1484/27 1155/1485/22 
f 1156/1486/24 1157/1487/24 1122/1446/2 1121/1445/2 
f 1153/1488/22 1155/1489/22 1124/1448/2 1123/1447/2 
f 1157/1490/24 1156/1491/24 1131/1455/12 1134/1458/8 
f 910/1178/29 1158/1492/6 1159/1493/22 1160/1494/164 
f 1161/1495/126 1162/1496/126 1123/1447/2 1122/1446/2 
f 1163/1497/165 1164/1498/126 1129/1453/1 1165/1499/22 
f 1166/1500/9 1134/1458/8 1133/1457/12 1167/1501/9 
f 833/1096/6 1153/1483/22 1168/1502/166 
f 1169/1503/167 1161/1495/126 1122/1446/2 1157/1487/24 
f 1162/1496/126 1168/1504/166 1153/1488/22 1123/1447/2 
f 1168/1504/166 1162/1496/126 895/1162/37 834/1161/36 
f 1166/1500/9 1169/1505/167 1157/1490/24 1134/1458/8 
f 1162/1496/126 1161/1495/126 928/1197/37 895/1162/37 
f 1170/1506/36 935/1207/37 1164/1507/126 1163/1497/165 
f 1166/1500/9 1167/1501/9 883/1149/9 903/1171/9 
f 834/1097/36 833/1096/6 1168/1502/166 
f 1161/1495/126 1169/1503/167 909/1198/38 928/1197/37 
f 1169/1505/167 1166/1500/9 903/1171/9 909/1177/38 
f 1171/1508/6 1170/1506/36 1163/1497/165 1165/1499/22 
f 1172/1509/168 1173/1510/168 1121/1445/2 1124/1448/2 
f 1174/1511/168 1175/1512/168 1128/1452/1 1127/1451/1 
f 1176/1513/9 1177/1514/9 1132/1456/9 1131/1455/12 
f 1155/1485/22 1154/1484/27 1178/1515/169 
f 1173/1510/168 1179/1516/170 1156/1486/24 1121/1445/2 
f 1178/1517/169 1172/1509/168 1124/1448/2 1155/1489/22 
f 1179/1518/170 1176/1513/9 1131/1455/12 1156/1491/24 
f 1172/1509/168 1178/1517/169 1180/1519/29 1181/1520/42 
f 1176/1513/9 1179/1518/170 897/1164/43 896/1163/9 
f 1179/1516/170 1173/1510/168 898/1166/42 897/1165/43 
f 1173/1510/168 1172/1509/168 1181/1520/42 898/1166/42 
f 1175/1521/168 1174/1522/168 878/1144/42 877/1143/42 
f 1176/1513/9 896/1163/9 863/1127/9 1177/1514/9 
f 1154/1484/27 1180/1523/29 1178/1515/169 
f 1159/1493/22 1165/1499/22 1129/1453/1 1128/1452/1 
f 1130/1454/1 1129/1453/1 1164/1498/126 1182/1524/126 
f 1182/1525/126 1164/1507/126 935/1207/37 934/1206/37 
f 1128/1452/1 1175/1512/168 1160/1494/164 1159/1493/22 
f 1175/1521/168 877/1143/42 910/1178/29 1160/1494/164 
f 1171/1508/6 1165/1499/22 1159/1493/22 1158/1492/6 
f 1183/1526/25 1184/1527/25 1127/1451/1 1130/1454/1 
f 1184/1528/25 1183/1529/25 1133/1457/12 1132/1456/9 
f 1183/1529/25 1185/1530/171 1167/1501/9 1133/1457/12 
f 1185/1530/171 884/1150/38 883/1149/9 1167/1501/9 
f 1184/1527/25 1186/1531/172 1174/1511/168 1127/1451/1 
f 1186/1532/172 1184/1528/25 1132/1456/9 1177/1514/9 
f 1186/1533/172 862/1534/43 878/1144/42 1174/1522/168 
f 862/1126/43 1186/1532/172 1177/1514/9 863/1127/9 
f 1185/1535/171 1183/1526/25 1130/1454/1 1182/1524/126 
f 884/1536/38 1185/1537/171 1182/1525/126 934/1206/37 
f 1114/1438/7 1187/1538/5 1188/1539/27 1115/1439/7 
f 822/1085/9 1189/1540/9 1118/1442/9 1117/1441/9 
f 1190/1541/10 1109/1433/10 1108/1432/10 1191/1542/10 
f 1137/1461/158 1192/1543/159 1193/1544/154 1111/1435/155 
f 1106/1430/11 1109/1433/10 1194/1545/160 1139/1463/160 
f 1142/1466/9 1195/1546/9 1196/1547/163 1143/1467/163 
f 1148/1472/31 1197/1548/31 1198/1549/157 1135/1459/156 
f 1139/1463/160 1194/1545/160 1197/1550/31 1148/1477/31 
f 1111/1435/155 1193/1544/154 1108/1432/10 1107/1431/11 
f 1135/1459/156 1198/1549/157 1187/1538/5 1114/1438/7 
f 1150/1474/44 1199/1551/28 1192/1543/159 1137/1461/158 
f 1143/1467/163 1196/1547/163 1199/1552/28 1150/1480/44 
f 1195/1546/9 1189/1540/9 1200/1553/9 1201/1554/9 
f 833/1096/6 1202/1555/7 1203/1556/7 1154/1484/27 
f 1145/1469/9 1119/1443/9 1118/1442/9 1142/1466/9 
f 832/1095/5 1034/1366/5 1100/1557/27 861/1125/27 
f 1039/1340/12 1035/1336/12 1101/1425/9 1147/1471/9 
f 1154/1484/27 1203/1556/7 1204/1558/27 869/1134/27 
f 1142/1466/9 1118/1442/9 1189/1540/9 1195/1546/9 
f 277/350/6 272/342/36 1170/1506/36 1171/1508/6 
f 272/342/36 273/344/37 935/1207/37 1170/1506/36 
f 1037/1338/154 1103/1427/155 1120/1444/10 944/1218/10 
f 1125/1449/11 1126/1450/10 1120/1444/10 1112/1436/155 
f 945/1219/10 1126/1450/10 1141/1465/160 1038/1339/160 
f 1039/1340/12 1147/1471/9 1146/1470/163 1040/1341/162 
f 1043/1345/28 1152/1476/28 1102/1426/159 1036/1337/159 
f 1038/1339/160 1141/1465/160 1104/1479/26 1041/1344/31 
f 1040/1341/162 1146/1470/163 1152/1482/28 1043/1346/28 
f 833/1096/6 900/1168/6 1205/1559/6 1202/1555/7 
f 1145/1469/9 1147/1471/9 1101/1425/9 1119/1443/9 
f 1206/1560/175 1116/1440/7 1115/1439/7 1207/1561/59 
f 1100/1424/27 1208/1562/176 1209/1563/201 
f 1115/1439/7 1188/1539/27 1210/1564/178 1207/1561/59 
f 1211/1565/202 1188/1566/27 917/1186/27 916/1185/151 
f 1212/1567/180 1203/1556/7 1202/1555/7 1213/1568/52 
f 861/1125/27 1100/1557/27 1214/1569/61 918/1187/61 
f 1215/1570/182 1216/1571/183 1204/1558/27 1217/1572/180 
f 1204/1558/27 1203/1556/7 1212/1567/180 1217/1572/180 
f 1218/1573/184 1219/1574/180 1205/1559/6 1220/1575/95 
f 1205/1559/6 900/1168/6 899/1167/95 1220/1575/95 
f 1221/1576/185 1206/1560/175 1207/1561/59 1222/1577/75 
f 1223/1578/203 1209/1563/201 1208/1562/176 1224/1579/187 
f 1207/1561/59 1210/1564/178 1225/1580/188 1222/1577/75 
f 1226/1581/189 1227/1582/204 1211/1565/202 1228/1583/205 
f 1229/1584/192 1212/1567/180 1213/1568/52 1230/1585/67 
f 918/1187/61 1214/1569/61 1231/1586/99 919/1188/99 
f 1232/1587/103 1233/1588/194 1234/1589/206 1235/1590/207 
f 1236/1591/6 1237/1592/197 1238/1593/192 1229/1584/192 
f 1239/1594/198 1240/1595/192 1241/1596/199 1242/1597/200 
f 1243/1598/6 1244/1599/103 1245/1600/85 1246/1601/85 
f 1218/1573/184 1220/1575/95 1245/1600/85 1241/1602/199 
f 1242/1603/200 1244/1604/103 1231/1586/99 1223/1605/203 
f 1214/1569/61 1100/1557/27 1209/1606/201 
f 1213/1568/52 1202/1555/7 1205/1559/6 1219/1574/180 
f 1219/1574/180 1240/1595/192 1230/1585/67 1213/1568/52 
f 1239/1607/198 1224/1579/187 1221/1576/185 1247/1608/7 
f 1208/1562/176 1100/1424/27 1116/1440/7 1206/1560/175 
f 288/365/9 293/375/9 863/1127/9 896/1163/9 
f 870/1135/90 869/1134/27 1204/1558/27 1216/1571/183 
f 1216/1571/183 1233/1588/194 1248/1609/91 870/1135/90 
f 1232/1610/103 1228/1583/205 1249/1611/152 1250/1612/108 
f 1215/1570/182 1217/1572/180 1238/1593/192 1234/1613/206 
f 1235/1614/207 1237/1615/197 1225/1580/188 1226/1616/189 
f 1210/1564/178 1188/1539/27 1227/1617/204 
f 1188/1566/27 1211/1565/202 1227/1582/204 
f 899/1167/95 343/439/95 368/464/102 1246/1601/85 
f 910/1178/29 256/324/29 259/327/6 1158/1492/6 
f 1247/1608/7 1221/1576/185 1222/1577/75 1236/1618/6 
f 1242/1619/200 1223/1578/203 1224/1579/187 1239/1607/198 
f 1222/1577/75 1225/1580/188 1237/1615/197 1236/1618/6 
f 1235/1620/207 1226/1581/189 1228/1583/205 1232/1610/103 
f 1236/1591/6 1229/1584/192 1230/1585/67 1247/1621/7 
f 919/1188/99 1231/1586/99 1244/1604/103 1243/1622/6 
f 1215/1570/182 1234/1589/206 1233/1588/194 1216/1571/183 
f 1229/1584/192 1238/1593/192 1217/1572/180 1212/1567/180 
f 1218/1573/184 1241/1596/199 1240/1595/192 1219/1574/180 
f 1246/1601/85 1245/1600/85 1220/1575/95 899/1167/95 
f 1241/1602/199 1245/1600/85 1244/1599/103 1242/1623/200 
f 1223/1605/203 1231/1586/99 1214/1569/61 1209/1606/201 
f 1247/1621/7 1230/1585/67 1240/1595/192 1239/1594/198 
f 1206/1560/175 1221/1576/185 1224/1579/187 1208/1562/176 
f 1250/1624/108 1248/1609/91 1233/1588/194 1232/1587/103 
f 916/1185/151 1249/1611/152 1228/1583/205 1211/1565/202 
f 1234/1613/206 1238/1593/192 1237/1592/197 1235/1625/207 
f 1226/1616/189 1225/1580/188 1210/1564/178 1227/1617/204 
f 1188/1539/27 1187/1538/5 1251/1626/27 1252/1627/27 
f 1189/1540/9 822/1085/9 821/1084/9 1200/1553/9 
f 1194/1545/160 1109/1433/10 1190/1541/10 1253/1628/160 
f 1197/1548/31 1254/1629/26 1255/1630/157 1198/1549/157 
f 1193/1544/154 1256/1631/155 1191/1542/10 1108/1432/10 
f 1198/1549/157 1255/1630/157 1251/1626/27 1187/1538/5 
f 1257/1632/11 1258/1633/11 1259/1634/10 1260/1635/10 
f 1261/1636/154 1262/1637/155 1258/1633/11 1263/1638/155 
f 1264/1639/6 1265/1640/6 1266/1641/6 1267/1642/6 
f 890/1156/13 1268/1643/13 1269/1644/13 904/1172/9 
f 1256/1631/155 1261/1636/154 1263/1638/155 1191/1542/10 
f 1251/1626/27 1264/1639/6 1267/1642/6 1252/1627/27 
f 821/1084/9 904/1172/9 1269/1644/13 1200/1553/9 
f 1270/1645/2 1271/1646/2 1272/1647/2 1273/1648/2 
f 1274/1649/11 1263/1638/155 1258/1633/11 1257/1632/11 
f 1275/1650/2 1276/1651/1 1277/1652/1 1278/1653/1 
f 1279/1654/12 1280/1655/9 1281/1656/8 1282/1657/8 
f 1283/1658/156 1265/1640/6 1264/1639/6 1284/1659/156 
f 1284/1659/156 1264/1639/6 1251/1626/27 1255/1630/157 
f 1285/1660/158 1262/1637/155 1261/1636/154 1286/1661/159 
f 1286/1661/159 1261/1636/154 1256/1631/155 1287/1662/159 
f 1257/1632/11 1288/1663/160 1289/1664/161 1274/1649/11 
f 1274/1649/11 1289/1664/161 1253/1628/160 1190/1541/10 
f 1290/1665/13 1291/1666/163 1292/1667/163 1293/1668/13 
f 1293/1668/13 1292/1667/163 1294/1669/163 1201/1554/9 
f 1295/1670/31 1283/1658/156 1284/1659/156 1296/1671/26 
f 1296/1671/26 1284/1659/156 1255/1630/157 1254/1629/26 
f 1297/1672/44 1285/1660/158 1286/1661/159 1298/1673/28 
f 1298/1673/28 1286/1661/159 1287/1662/159 1299/1674/28 
f 1288/1663/160 1295/1675/31 1296/1676/26 1289/1664/161 
f 1289/1664/161 1296/1676/26 1254/1677/26 1253/1628/160 
f 1291/1666/163 1297/1678/44 1298/1679/28 1292/1667/163 
f 1292/1667/163 1298/1679/28 1299/1680/28 1294/1669/163 
f 1300/1681/22 1301/1682/6 1302/1683/6 1303/1684/22 
f 1304/1685/24 1305/1686/24 1271/1646/2 1270/1645/2 
f 1300/1687/22 1303/1688/22 1273/1648/2 1272/1647/2 
f 1305/1689/24 1304/1690/24 1279/1654/12 1282/1657/8 
f 907/1175/29 927/1196/6 1306/1691/22 1307/1692/164 
f 1308/1693/126 1309/1694/126 1272/1647/2 1271/1646/2 
f 1310/1695/165 1311/1696/126 1277/1652/1 1312/1697/22 
f 1313/1698/9 1282/1657/8 1281/1656/8 1314/1699/9 
f 1301/1682/6 1300/1681/22 1315/1700/166 
f 1316/1701/167 1308/1693/126 1271/1646/2 1305/1686/24 
f 1309/1694/126 1315/1702/166 1300/1687/22 1272/1647/2 
f 1315/1702/166 1309/1694/126 911/1179/37 1317/1703/36 
f 1313/1698/9 1316/1704/167 1305/1689/24 1282/1657/8 
f 1309/1694/126 1308/1693/126 905/1173/37 911/1179/37 
f 887/1153/36 835/1098/37 1311/1705/126 1310/1695/165 
f 1313/1698/9 1314/1699/9 872/1137/9 871/1136/9 
f 1317/1706/36 1301/1682/6 1315/1700/166 
f 1308/1693/126 1316/1701/167 906/1174/38 905/1173/37 
f 1316/1704/167 1313/1698/9 871/1136/9 906/1199/38 
f 888/1154/6 887/1153/36 1310/1695/165 1312/1697/22 
f 1318/1707/168 1319/1708/168 1270/1645/2 1273/1648/2 
f 1320/1709/168 1321/1710/168 1276/1651/1 1275/1650/2 
f 1322/1711/9 1323/1712/9 1280/1655/9 1279/1654/12 
f 1303/1684/22 1302/1683/6 1324/1713/169 
f 1319/1708/168 1325/1714/170 1304/1685/24 1270/1645/2 
f 1324/1715/169 1318/1707/168 1273/1648/2 1303/1688/22 
f 1325/1716/170 1322/1711/9 1279/1654/12 1304/1690/24 
f 1318/1707/168 1324/1715/169 1326/1717/29 1327/1718/42 
f 1322/1711/9 1325/1716/170 865/1129/43 864/1128/9 
f 1325/1714/170 1319/1708/168 866/1131/42 865/1130/43 
f 1319/1708/168 1318/1707/168 1327/1718/42 866/1131/42 
f 1321/1719/168 1320/1720/168 920/1189/42 908/1176/42 
f 1322/1711/9 864/1128/9 1328/1721/9 1323/1712/9 
f 1302/1683/6 1326/1722/29 1324/1713/169 
f 1306/1691/22 1312/1697/22 1277/1652/1 1276/1651/1 
f 1278/1653/1 1277/1652/1 1311/1696/126 1329/1723/126 
f 1329/1724/126 1311/1705/126 835/1098/37 550/704/37 
f 1276/1651/1 1321/1710/168 1307/1692/164 1306/1691/22 
f 1321/1719/168 908/1176/42 907/1175/29 1307/1692/164 
f 888/1154/6 1312/1697/22 1306/1691/22 927/1196/6 
f 1330/1725/24 1331/1726/25 1275/1650/2 1278/1653/1 
f 1331/1727/25 1330/1728/24 1281/1656/8 1280/1655/9 
f 1330/1728/24 1332/1729/171 1314/1699/9 1281/1656/8 
f 1332/1729/171 549/1730/38 872/1137/9 1314/1699/9 
f 1331/1726/25 1333/1731/208 1320/1709/168 1275/1650/2 
f 1333/1732/208 1331/1727/25 1280/1655/9 1323/1712/9 
f 1333/1733/208 921/1190/43 920/1189/42 1320/1720/168 
f 921/1734/43 1333/1732/208 1323/1712/9 1328/1721/9 
f 1332/1735/171 1330/1725/24 1278/1653/1 1329/1723/126 
f 549/703/38 1332/1736/171 1329/1724/126 550/704/37 
f 1265/1640/6 1334/1737/5 1335/1738/27 1266/1641/6 
f 889/1155/9 1336/1739/9 1268/1643/13 890/1156/13 
f 1260/1635/10 1259/1634/10 1337/1740/10 1338/1741/10 
f 1285/1660/158 1339/1742/159 1340/1743/154 1262/1637/155 
f 1257/1632/11 1260/1635/10 1341/1744/160 1288/1663/160 
f 1290/1665/13 1342/1745/9 1343/1746/163 1291/1666/163 
f 1295/1670/31 1344/1747/26 1345/1748/157 1283/1658/156 
f 1288/1663/160 1341/1744/160 1344/1749/26 1295/1675/31 
f 1262/1637/155 1340/1743/154 1259/1634/10 1258/1633/11 
f 1283/1658/156 1345/1748/157 1334/1737/5 1265/1640/6 
f 1297/1672/44 1346/1750/28 1339/1742/159 1285/1660/158 
f 1291/1666/163 1343/1746/163 1346/1751/28 1297/1678/44 
f 1342/1745/9 1336/1739/9 1347/1752/9 1348/1753/9 
f 1301/1682/6 1349/1754/6 1350/1755/6 1302/1683/6 
f 1293/1668/13 1269/1644/13 1268/1643/13 1290/1665/13 
f 917/1186/27 1188/1566/27 1252/1756/27 1351/1757/6 
f 1302/1683/6 1350/1755/6 1352/1758/6 1353/1759/6 
f 1290/1665/13 1268/1643/13 1336/1739/9 1342/1745/9 
f 1274/1649/11 1190/1541/10 1191/1542/10 1263/1638/155 
f 1192/1543/159 1287/1662/159 1256/1631/155 1193/1544/154 
f 1201/1554/9 1294/1669/163 1196/1547/163 1195/1546/9 
f 1199/1551/28 1299/1674/28 1287/1662/159 1192/1543/159 
f 1194/1545/160 1253/1628/160 1254/1677/26 1197/1550/31 
f 1196/1547/163 1294/1669/163 1299/1680/28 1199/1552/28 
f 1301/1682/6 902/1170/6 1354/1760/6 1349/1754/6 
f 1293/1668/13 1201/1554/9 1200/1553/9 1269/1644/13 
f 1355/1761/175 1267/1642/6 1266/1641/6 1356/1762/59 
f 1252/1627/27 1357/1763/176 1358/1764/201 
f 1266/1641/6 1335/1738/27 1359/1765/178 1356/1762/59 
f 1360/1766/202 1335/1767/27 825/1088/5 868/1133/151 
f 1361/1768/180 1350/1755/6 1349/1754/6 1362/1769/52 
f 1351/1757/6 1252/1756/27 1363/1770/181 1364/1771/60 
f 1365/1772/182 1366/1773/209 1352/1758/6 1367/1774/180 
f 1352/1758/6 1350/1755/6 1361/1768/180 1367/1774/180 
f 1368/1775/184 1369/1776/180 1354/1760/6 1370/1777/95 
f 1354/1760/6 902/1170/6 901/1169/95 1370/1777/95 
f 1371/1778/185 1355/1761/175 1356/1762/59 1372/1779/75 
f 1373/1780/210 1358/1764/201 1357/1763/176 1374/1781/187 
f 1356/1762/59 1359/1765/178 1375/1782/188 1372/1779/75 
f 1376/1783/189 1377/1784/190 1360/1766/202 1378/1785/191 
f 1379/1786/192 1361/1768/180 1362/1769/52 1380/1787/67 
f 1364/1771/60 1363/1770/181 1381/1788/193 1382/1789/76 
f 1383/1790/103 1384/1791/194 1385/1792/195 1386/1793/211 
f 1387/1794/6 1388/1795/197 1389/1796/192 1379/1786/192 
f 1390/1797/198 1391/1798/192 1392/1799/199 1393/1800/200 
f 1394/1801/27 1395/1802/5 1396/1803/102 1397/1804/85 
f 1317/1706/36 447/583/36 431/553/6 1301/1682/6 
f 1368/1775/184 1370/1777/95 1396/1803/102 1392/1805/199 
f 1393/1806/200 1395/1807/5 1381/1788/193 1373/1808/210 
f 1363/1770/181 1252/1756/27 1358/1809/201 
f 1362/1769/52 1349/1754/6 1354/1760/6 1369/1776/180 
f 1369/1776/180 1391/1798/192 1380/1787/67 1362/1769/52 
f 1390/1810/198 1374/1781/187 1371/1778/185 1398/1811/7 
f 1357/1763/176 1252/1627/27 1267/1642/6 1355/1761/175 
f 864/1128/9 466/601/9 471/611/9 1328/1721/9 
f 431/553/6 502/655/6 902/1170/6 1301/1682/6 
f 823/1086/90 1353/1759/6 1352/1758/6 1366/1773/209 
f 1366/1773/209 1384/1791/194 824/1087/91 823/1086/90 
f 1383/1812/103 1378/1785/191 867/1132/152 891/1157/88 
f 1365/1772/182 1367/1774/180 1389/1796/192 1385/1813/195 
f 1386/1814/211 1388/1815/197 1375/1782/188 1376/1816/189 
f 1359/1765/178 1335/1738/27 1377/1817/190 
f 1335/1767/27 1360/1766/202 1377/1784/190 
f 1398/1811/7 1371/1778/185 1372/1779/75 1387/1818/6 
f 1393/1819/200 1373/1780/210 1374/1781/187 1390/1810/198 
f 1372/1779/75 1375/1782/188 1388/1815/197 1387/1818/6 
f 1386/1820/211 1376/1783/189 1378/1785/191 1383/1812/103 
f 1387/1794/6 1379/1786/192 1380/1787/67 1398/1821/7 
f 1382/1789/76 1381/1788/193 1395/1807/5 1394/1822/27 
f 1365/1772/182 1385/1792/195 1384/1791/194 1366/1773/209 
f 1379/1786/192 1389/1796/192 1367/1774/180 1361/1768/180 
f 1368/1775/184 1392/1799/199 1391/1798/192 1369/1776/180 
f 1397/1804/85 1396/1803/102 1370/1777/95 901/1169/95 
f 1392/1805/199 1396/1803/102 1395/1802/5 1393/1823/200 
f 1373/1808/210 1381/1788/193 1363/1770/181 1358/1809/201 
f 1398/1821/7 1380/1787/67 1391/1798/192 1390/1797/198 
f 1355/1761/175 1371/1778/185 1374/1781/187 1357/1763/176 
f 891/1180/88 824/1087/91 1384/1791/194 1383/1790/103 
f 868/1133/151 867/1132/152 1378/1785/191 1360/1766/202 
f 1385/1813/195 1389/1796/192 1388/1795/197 1386/1824/211 
f 1376/1816/189 1375/1782/188 1359/1765/178 1377/1817/190 
f 1335/1738/27 1334/1737/5 1399/1825/27 1400/1826/27 
f 1336/1739/9 889/1155/9 1401/1827/9 1347/1752/9 
f 1339/1742/159 1402/1828/159 1403/1829/155 1340/1743/154 
f 1342/1745/9 1348/1753/9 1404/1830/163 1343/1746/163 
f 1344/1747/26 1405/1831/26 1406/1832/157 1345/1748/157 
f 1340/1743/154 1403/1829/155 1337/1740/10 1259/1634/10 
f 1345/1748/157 1406/1832/157 1399/1825/27 1334/1737/5 
f 1346/1750/28 1407/1833/28 1402/1828/159 1339/1742/159 
f 1343/1746/163 1404/1830/163 1407/1834/28 1346/1751/28 
f 1408/1835/11 1409/1836/11 1410/1837/10 1411/1838/11 
f 1412/1839/154 1413/1840/155 1409/1836/11 1414/1841/155 
f 1415/1842/6 1416/1843/7 1417/1844/7 1418/1845/6 
f 925/1194/12 1419/1846/12 1420/1847/9 1421/1848/9 
f 1403/1829/155 1412/1839/154 1414/1841/155 1337/1740/10 
f 1399/1825/27 1415/1842/6 1418/1845/6 1400/1826/27 
f 1401/1827/9 1421/1848/9 1420/1847/9 1347/1752/9 
f 1422/1849/2 1423/1850/2 1424/1851/2 1425/1852/2 
f 1426/1853/11 1414/1841/155 1409/1836/11 1408/1835/11 
f 1427/1854/2 1428/1855/1 1429/1856/1 1430/1857/1 
f 1431/1858/9 1432/1859/9 1433/1860/9 1434/1861/9 
f 1435/1862/156 1416/1843/7 1415/1842/6 1436/1863/156 
f 1436/1863/156 1415/1842/6 1399/1825/27 1406/1832/157 
f 1437/1864/158 1413/1840/155 1412/1839/154 1438/1865/159 
f 1438/1865/159 1412/1839/154 1403/1829/155 1402/1828/159 
f 1408/1835/11 1439/1866/160 1440/1867/161 1426/1853/11 
f 1426/1853/11 1440/1867/161 1441/1868/160 1338/1741/10 
f 1442/1869/12 1443/1870/162 1444/1871/163 1445/1872/9 
f 1445/1872/9 1444/1871/163 1404/1830/163 1348/1753/9 
f 1446/1873/31 1435/1862/156 1436/1863/156 1447/1874/26 
f 1447/1874/26 1436/1863/156 1406/1832/157 1405/1831/26 
f 1448/1875/44 1437/1864/158 1438/1865/159 1449/1876/28 
f 1449/1876/28 1438/1865/159 1402/1828/159 1407/1833/28 
f 1439/1866/160 1446/1877/31 1447/1878/26 1440/1867/161 
f 1440/1867/161 1447/1878/26 1405/1879/26 1441/1868/160 
f 1443/1870/162 1448/1880/44 1449/1881/28 1444/1871/163 
f 1444/1871/163 1449/1881/28 1407/1834/28 1404/1830/163 
f 1450/1882/22 828/1091/6 923/1192/6 1451/1883/22 
f 1452/1884/25 1453/1885/25 1423/1850/2 1422/1849/2 
f 1450/1886/22 1451/1887/22 1425/1852/2 1424/1851/2 
f 1453/1888/25 1452/1889/25 1431/1858/9 1434/1861/9 
f 874/1139/29 873/1138/7 1454/1890/22 1455/1891/164 
f 1456/1892/126 1457/1893/126 1424/1851/2 1423/1850/2 
f 1458/1894/165 1459/1895/126 1429/1856/1 1460/1896/22 
f 1461/1897/9 1434/1861/9 1433/1860/9 1462/1898/9 
f 828/1091/6 1450/1882/22 1463/1899/166 
f 1464/1900/167 1456/1892/126 1423/1850/2 1453/1885/25 
f 1457/1893/126 1463/1901/166 1450/1886/22 1424/1851/2 
f 1463/1901/166 1457/1893/126 1465/1902/37 1466/1903/36 
f 1461/1897/9 1464/1904/167 1453/1888/25 1434/1861/9 
f 1457/1893/126 1456/1892/126 1467/1905/37 1465/1902/37 
f 836/1099/36 840/1103/37 1459/1906/126 1458/1894/165 
f 1461/1897/9 1462/1898/9 893/1159/9 849/1112/9 
f 1466/1907/36 828/1091/6 1463/1899/166 
f 1456/1892/126 1464/1900/167 848/1908/38 1467/1905/37 
f 1464/1904/167 1461/1897/9 849/1112/9 848/1111/38 
f 837/1100/7 836/1099/36 1458/1894/165 1460/1896/22 
f 1468/1909/168 1469/1910/168 1422/1849/2 1425/1852/2 
f 1470/1911/168 1471/1912/168 1428/1855/1 1427/1854/2 
f 1472/1913/9 1473/1914/9 1432/1859/9 1431/1858/9 
f 1451/1883/22 923/1192/6 1474/1915/169 
f 1469/1910/168 1475/1916/170 1452/1884/25 1422/1849/2 
f 1474/1917/169 1468/1909/168 1425/1852/2 1451/1887/22 
f 1475/1918/170 1472/1913/9 1431/1858/9 1452/1889/25 
f 1468/1909/168 1474/1917/169 922/1919/29 880/1146/42 
f 1472/1913/9 1475/1918/170 1476/1920/43 1477/1921/9 
f 1475/1916/170 1469/1910/168 879/1145/42 1476/1922/43 
f 1469/1910/168 1468/1909/168 880/1146/42 879/1145/42 
f 1471/1923/168 1470/1924/168 838/1101/42 875/1140/42 
f 1472/1913/9 1477/1921/9 1478/1925/9 1473/1914/9 
f 923/1192/6 922/1191/29 1474/1915/169 
f 1454/1890/22 1460/1896/22 1429/1856/1 1428/1855/1 
f 1430/1857/1 1429/1856/1 1459/1895/126 1479/1926/126 
f 1479/1927/126 1459/1906/126 840/1103/37 1480/1928/37 
f 1428/1855/1 1471/1912/168 1455/1891/164 1454/1890/22 
f 1471/1923/168 875/1140/42 874/1139/29 1455/1891/164 
f 837/1100/7 1460/1896/22 1454/1890/22 873/1138/7 
f 1481/1929/25 1482/1930/25 1427/1854/2 1430/1857/1 
f 1482/1931/25 1481/1932/25 1433/1860/9 1432/1859/9 
f 1481/1932/25 1483/1933/171 1462/1898/9 1433/1860/9 
f 1483/1933/171 894/1160/38 893/1159/9 1462/1898/9 
f 1482/1930/25 1484/1934/172 1470/1911/168 1427/1854/2 
f 1484/1935/172 1482/1931/25 1432/1859/9 1473/1914/9 
f 1484/1936/172 839/1102/43 838/1101/42 1470/1924/168 
f 839/1937/43 1484/1935/172 1473/1914/9 1478/1925/9 
f 1483/1938/171 1481/1929/25 1430/1857/1 1479/1926/126 
f 894/1939/38 1483/1940/171 1479/1927/126 1480/1928/37 
f 1416/1843/7 1485/1941/6 1486/1942/6 1417/1844/7 
f 924/1193/12 1487/1943/12 1419/1846/12 925/1194/12 
f 1437/1864/158 1488/1944/159 1489/1945/155 1413/1840/155 
f 1408/1835/11 1411/1838/11 1490/1946/160 1439/1866/160 
f 1442/1869/12 1491/1947/12 1492/1948/162 1443/1870/162 
f 1446/1873/31 1493/1949/31 1494/1950/156 1435/1862/156 
f 1439/1866/160 1490/1946/160 1493/1951/31 1446/1877/31 
f 1413/1840/155 1489/1945/155 1410/1837/10 1409/1836/11 
f 1435/1862/156 1494/1950/156 1485/1941/6 1416/1843/7 
f 1448/1875/44 1495/1952/44 1488/1944/159 1437/1864/158 
f 1443/1870/162 1492/1948/162 1495/1953/44 1448/1880/44 
f 1491/1947/12 1487/1943/12 1496/1954/12 1497/1955/12 
f 828/1091/6 1498/1956/6 1499/1957/7 923/1192/6 
f 1445/1872/9 1420/1847/9 1419/1846/12 1442/1869/12 
f 825/1088/5 1335/1767/27 1400/1958/27 826/1089/27 
f 923/1192/6 1499/1957/7 1500/1959/6 1501/1960/6 
f 1442/1869/12 1419/1846/12 1487/1943/12 1491/1947/12 
f 1426/1853/11 1338/1741/10 1337/1740/10 1414/1841/155 
f 1260/1635/10 1338/1741/10 1441/1868/160 1341/1744/160 
f 1341/1744/160 1441/1868/160 1405/1879/26 1344/1749/26 
f 828/1091/6 827/1090/6 1502/1961/6 1498/1956/6 
f 1445/1872/9 1348/1753/9 1347/1752/9 1420/1847/9 
f 1503/1962/175 1418/1845/6 1417/1844/7 1504/1963/59 
f 1400/1826/27 1505/1964/176 1506/1965/201 
f 1417/1844/7 1486/1942/6 1507/1966/178 1504/1963/59 
f 1508/1967/202 1486/1968/6 876/1141/6 892/1158/151 
f 1509/1969/180 1499/1957/7 1498/1956/6 1510/1970/52 
f 826/1089/27 1400/1958/27 1511/1971/181 938/1210/61 
f 1512/1972/182 1513/1973/209 1500/1959/6 1514/1974/180 
f 1500/1959/6 1499/1957/7 1509/1969/180 1514/1974/180 
f 1515/1975/184 1516/1976/180 1502/1961/6 1517/1977/95 
f 1502/1961/6 827/1090/6 1518/1978/95 1517/1977/95 
f 1519/1979/185 1503/1962/175 1504/1963/59 1520/1980/75 
f 1521/1981/210 1506/1965/201 1505/1964/176 1522/1982/187 
f 1504/1963/59 1507/1966/178 1523/1983/188 1520/1980/75 
f 1524/1984/189 1525/1985/204 1508/1967/202 1526/1986/191 
f 1527/1987/192 1509/1969/180 1510/1970/52 1528/1988/67 
f 938/1210/61 1511/1971/181 1529/1989/193 936/1208/76 
f 1530/1990/6 1531/1991/194 1532/1992/195 1533/1993/211 
f 1534/1994/6 1535/1995/197 1536/1996/192 1527/1987/192 
f 1537/1997/198 1538/1998/67 1539/1999/199 1540/2000/200 
f 937/1211/27 1541/2001/27 1542/2002/85 939/1212/85 
f 1515/1975/184 1517/1977/95 1542/2002/85 1539/2003/199 
f 1540/2004/200 1541/2005/27 1529/1989/193 1521/2006/210 
f 1511/1971/181 1400/1958/27 1506/2007/201 
f 1510/1970/52 1498/1956/6 1502/1961/6 1516/1976/180 
f 1516/1976/180 1538/1998/67 1528/1988/67 1510/1970/52 
f 1537/2008/198 1522/1982/187 1519/1979/185 1543/2009/5 
f 1505/1964/176 1400/1826/27 1418/1845/6 1503/1962/175 
f 1544/2010/90 1501/1960/6 1500/1959/6 1513/1973/209 
f 1513/1973/209 1531/1991/194 929/1200/91 1544/2010/90 
f 1530/2011/6 1526/1986/191 940/1214/152 930/1213/108 
f 1512/1972/182 1514/1974/180 1536/1996/192 1532/2012/195 
f 1533/2013/211 1535/2014/197 1523/1983/188 1524/2015/189 
f 1507/1966/178 1486/1942/6 1525/2016/204 
f 1486/1968/6 1508/1967/202 1525/1985/204 
f 922/1919/29 645/837/29 644/836/42 880/1146/42 
f 1543/2009/5 1519/1979/185 1520/1980/75 1534/2017/6 
f 1540/2018/200 1521/1981/210 1522/1982/187 1537/2008/198 
f 1520/1980/75 1523/1983/188 1535/2014/197 1534/2017/6 
f 1533/2019/211 1524/1984/189 1526/1986/191 1530/2011/6 
f 1534/1994/6 1527/1987/192 1528/1988/67 1543/2020/5 
f 936/1208/76 1529/1989/193 1541/2005/27 937/1209/27 
f 1512/1972/182 1532/1992/195 1531/1991/194 1513/1973/209 
f 1527/1987/192 1536/1996/192 1514/1974/180 1509/1969/180 
f 1515/1975/184 1539/1999/199 1538/1998/67 1516/1976/180 
f 939/1212/85 1542/2002/85 1517/1977/95 1518/1978/95 
f 1539/2003/199 1542/2002/85 1541/2001/27 1540/2021/200 
f 1521/2006/210 1529/1989/193 1511/1971/181 1506/2007/201 
f 1543/2020/5 1528/1988/67 1538/1998/67 1537/1997/198 
f 1503/1962/175 1519/1979/185 1522/1982/187 1505/1964/176 
f 930/1201/108 929/1200/91 1531/1991/194 1530/1990/6 
f 892/1158/151 940/1214/152 1526/1986/191 1508/1967/202 
f 1532/2012/195 1536/1996/192 1535/1995/197 1533/2022/211 
f 1524/2015/189 1523/1983/188 1507/1966/178 1525/2016/204 
f 924/1193/12 844/1107/12 1496/1954/12 1487/1943/12 
f 1489/1945/155 1488/1944/159 1545/2023/158 1546/2024/11 
f 1495/1952/44 1547/2025/44 1545/2023/158 1488/1944/159 
f 1492/1948/162 1548/2026/162 1547/2027/44 1495/1953/44 
f 1549/2028/37 842/1105/37 841/1104/37 1550/2029/37 
f 1551/2030/37 1552/2031/37 1550/2029/37 1553/2032/37 
f 1554/2033/212 1555/2034/37 1552/2031/37 1556/2035/212 
f 1557/2036/137 1551/2030/37 1553/2032/37 1558/2037/137 
f 847/1110/111 842/1105/37 1549/2028/37 1559/2038/213 
f 1556/2035/212 1552/2031/37 1551/2030/37 1560/2039/214 
f 1561/2040/6 1562/2041/114 1563/2042/114 1564/2043/6 
f 1546/2024/11 1565/2044/215 1566/2045/215 1567/2046/10 
f 1567/2046/10 1566/2045/215 1568/2047/216 1569/2048/154 
f 844/1107/12 843/1106/117 1570/2049/118 1496/1954/12 
f 1569/2048/154 1568/2047/216 1571/2050/217 1572/2051/161 
f 1561/2040/6 1573/2052/157 1574/2053/218 1562/2041/114 
f 1551/2030/37 1557/2036/137 1575/2054/219 1560/2039/214 
f 1546/2024/11 1545/2023/158 1576/2055/220 1565/2044/215 
f 1555/2034/37 1554/2033/212 1577/2056/221 1578/2057/111 
f 1497/1955/12 1579/2058/118 1580/2059/222 1548/2026/162 
f 1581/2060/125 1557/2036/137 1558/2037/137 1582/2061/36 
f 1583/2062/32 1554/2033/212 1556/2035/212 1584/2063/32 
f 1584/2063/32 1556/2035/212 1560/2039/214 1585/2064/223 
f 926/1195/153 847/1110/111 1559/2038/213 1586/2065/153 
f 1585/2064/223 1560/2039/214 1575/2054/219 1587/2066/224 
f 1588/2067/26 1572/2051/161 1571/2050/217 1589/2068/225 
f 1581/2069/125 1562/2041/114 1574/2053/218 1590/2070/226 
f 1547/2027/44 1548/2026/162 1580/2059/222 1591/2071/227 
f 1583/2072/32 1565/2044/215 1576/2055/220 1592/2073/228 
f 1593/2074/38 1578/2057/111 1577/2056/221 1594/2075/229 
f 1562/2041/114 1581/2069/125 1582/2076/36 1563/2042/114 
f 1557/2036/137 1581/2060/125 1590/2077/226 1575/2054/219 
f 1565/2044/215 1583/2072/32 1584/2078/32 1566/2045/215 
f 1566/2045/215 1584/2078/32 1585/2079/223 1568/2047/216 
f 1568/2047/216 1585/2079/223 1587/2080/224 1571/2050/217 
f 1554/2033/212 1583/2062/32 1592/2081/228 1577/2056/221 
f 1573/2052/157 1588/2082/26 1589/2083/225 1574/2053/218 
f 843/1106/117 926/2084/153 1586/2085/153 1570/2049/118 
f 1579/2058/118 1593/2086/38 1594/2087/229 1580/2059/222 
f 1545/2023/158 1547/2025/44 1591/2088/227 1576/2055/220 
f 1571/2050/217 1587/2080/224 1595/2089/230 1589/2068/225 
f 1574/2053/218 1589/2083/225 1595/2090/230 1590/2070/226 
f 1575/2054/219 1590/2077/226 1595/2091/230 1587/2066/224 
f 1580/2059/222 1594/2087/229 1596/2092/231 1591/2071/227 
f 1576/2055/220 1591/2088/227 1596/2093/231 1592/2073/228 
f 1577/2056/221 1592/2081/228 1596/2094/231 1594/2075/229 
f 1564/2095/6 845/1108/6 876/1141/6 1486/1968/6 
f 1546/2024/11 1567/2046/10 1410/1837/10 1489/1945/155 
f 1573/2052/157 1561/2040/6 1485/1941/6 1494/1950/156 
f 1569/2048/154 1572/2051/161 1490/1946/160 1411/1838/11 
f 1497/1955/12 1548/2026/162 1492/1948/162 1491/1947/12 
f 1588/2082/26 1573/2052/157 1494/1950/156 1493/1949/31 
f 1572/2051/161 1588/2067/26 1493/1951/31 1490/1946/160 
f 882/1148/6 881/1147/6 1050/2096/6 959/1369/6 
f 957/1231/10 967/1241/10 1054/1357/10 956/1230/10 
f 985/1259/160 1597/2097/160 966/1240/10 968/1242/11 
f 979/1253/156 1052/1355/156 1598/2098/31 994/1268/31 
f 982/1256/159 1053/1356/173 1599/2099/232 997/1271/28 
f 994/1274/31 1598/2100/31 1597/2097/160 985/1259/160 
f 997/1277/28 1599/2101/232 1055/1358/174 990/1264/162 
f 1555/2034/37 1549/2028/37 1550/2029/37 1552/2031/37 
f 851/1114/37 1553/2032/37 1550/2029/37 841/1104/37 
f 850/1113/110 1558/2037/137 1553/2032/37 851/1114/37 
f 1578/2057/111 1559/2038/213 1549/2028/37 1555/2034/37 
f 845/1108/6 1564/2095/6 1563/2102/114 846/1109/114 
f 1497/1955/12 1496/1954/12 1570/2049/118 1579/2058/118 
f 1600/2103/36 1582/2061/36 1558/2037/137 850/1113/110 
f 1593/2074/38 1586/2065/153 1559/2038/213 1578/2057/111 
f 846/1109/114 1563/2102/114 1582/2104/36 1600/2105/36 
f 1579/2058/118 1570/2049/118 1586/2085/153 1593/2086/38 
f 1561/2040/6 1564/2043/6 1486/1942/6 1485/1941/6 
f 1569/2048/154 1411/1838/11 1410/1837/10 1567/2046/10 
f 1601/2106/138 1602/2107/233 1050/2096/6 881/1147/6 
f 1603/2108/234 1604/2109/235 967/1241/10 966/1240/10 
f 1604/2109/235 1605/2110/236 1054/1357/10 967/1241/10 
f 1606/2111/144 1607/2112/143 1047/1350/47 1046/1349/48 
f 1608/2113/237 1603/2108/234 966/1240/10 1597/2097/160 
f 1609/2114/238 1610/2115/239 1052/1355/156 1051/1354/6 
f 1605/2110/236 1611/2116/240 1053/1356/173 1054/1357/10 
f 1612/2117/241 1606/2111/144 1046/1349/48 1055/1358/174 
f 1610/2115/239 1613/2118/242 1598/2098/31 1052/1355/156 
f 1611/2116/240 1614/2119/243 1599/2099/232 1053/1356/173 
f 1613/2120/242 1608/2113/237 1597/2097/160 1598/2100/31 
f 1614/2121/243 1612/2117/241 1055/1358/174 1599/2101/232 
f 1602/2122/233 1609/2114/238 1051/1354/6 1050/1353/6 
f 1607/2112/143 932/1203/144 931/1202/48 1047/1350/47 
f 881/1147/6 791/1045/6 799/1058/138 1601/2106/138 
f 104/130/37 108/143/38 1031/1332/38 1027/1321/37 
f 448/575/37 447/574/36 1317/1703/36 911/1179/37 
f 1466/1907/36 627/821/36 611/791/6 828/1091/6 
f 628/813/37 627/812/36 1466/1903/36 1465/1902/37 
f 1476/1920/43 647/840/43 646/839/9 1477/1921/9 
f 879/1145/42 648/843/42 647/842/43 1476/1922/43 
f 631/818/37 653/853/37 1480/1928/37 840/1103/37 
f 762/995/118 778/1032/38 926/2084/153 843/1106/117 
f 79/90/37 78/89/36 1014/1299/36 1013/1298/37 
f 149/186/60 148/185/6 882/1148/6 914/1183/60 
f 912/1315/29 96/114/29 95/113/42 1025/1316/42 
f 831/1094/151 144/180/57 189/234/89 1097/1409/152 
f 833/1096/6 253/317/7 324/419/6 900/1168/6 
f 532/686/76 513/667/60 1364/1771/60 1382/1789/76 
f 651/849/9 659/864/43 839/1937/43 1478/1925/9 
f 192/250/90 186/230/86 127/163/6 1049/1352/7 
f 829/1092/42 101/124/42 100/123/42 859/1122/42 
f 271/341/37 270/339/37 895/1162/37 928/1197/37 
f 108/136/38 84/97/9 855/1118/9 1031/1327/38 
f 252/316/5 287/376/29 1180/1523/29 1154/1484/27 
f 301/389/43 292/373/42 878/1144/42 862/1534/43 
f 1328/1721/9 471/611/9 479/626/43 921/1734/43 
f 545/726/5 532/686/76 1382/1789/76 1394/1822/27 
f 546/700/102 545/699/5 1394/1801/27 1397/1804/85 
f 677/888/7 610/790/7 923/1192/6 1501/1960/6 
f 892/1158/151 687/898/57 731/950/89 940/1214/152 
f 739/972/37 795/1051/37 851/1114/37 841/1104/37 
f 259/327/6 277/350/6 1171/1508/6 1158/1492/6 
f 920/1189/42 470/609/42 469/608/42 908/1176/42 
f 188/248/88 187/231/87 193/251/91 1098/1421/108 
f 728/946/86 677/888/7 1501/1960/6 1544/2010/90 
f 127/163/6 61/67/7 913/1182/6 1049/1352/7 
f 97/116/12 102/126/12 860/1124/12 818/1080/12 
f 869/1134/27 321/416/5 252/316/5 1154/1484/27 
f 373/475/87 372/474/86 870/1135/90 1248/1609/91 
f 375/478/89 374/477/88 1250/1612/108 1249/1611/152 
f 430/552/6 465/612/29 1326/1722/29 1302/1683/6 
f 1364/1771/60 513/667/60 498/650/6 1351/1757/6 
f 477/621/38 453/582/9 872/1137/9 549/1730/38 
f 1477/1921/9 646/839/9 651/849/9 1478/1925/9 
f 827/1090/6 680/891/6 699/911/95 1518/1978/95 
f 20/20/9 13/13/9 955/1229/9 941/1215/9 
f 335/431/61 320/414/27 861/1125/27 918/1187/61 
f 287/363/29 286/362/42 1181/1520/42 1180/1519/29 
f 825/1088/5 510/663/27 509/662/57 868/1133/151 
f 465/599/29 464/598/42 1327/1718/42 1326/1717/29 
f 80/92/37 79/90/37 1013/1298/37 856/1119/37 
f 629/815/37 628/813/37 1465/1902/37 1467/1905/37 
f 838/1101/42 650/847/42 649/846/42 875/1140/42 
f 633/820/9 632/819/9 849/1112/9 893/1159/9 
f 13/13/9 12/12/8 815/1077/12 955/1229/9 
f 95/113/42 99/120/42 820/1083/42 1025/1316/42 
f 214/272/9 213/271/9 1117/1441/9 885/1151/9 
f 374/490/88 373/475/87 1248/1609/91 1250/1624/108 
f 464/598/42 468/605/42 866/1131/42 1327/1718/42 
f 577/752/9 576/751/8 925/1194/12 1421/1848/9 
f 798/1056/125 797/1053/113 846/1109/114 1600/2105/36 
f 662/870/8 732/964/12 844/1107/12 924/1193/12 
f 82/95/37 104/130/37 1027/1321/37 1016/1302/37 
f 367/488/7 354/450/99 919/1188/99 1243/1622/6 
f 368/464/102 367/463/7 1243/1598/6 1246/1601/85 
f 901/1169/95 521/675/95 546/700/102 1397/1804/85 
f 653/853/37 657/866/38 894/1939/38 1480/1928/37 
f 699/911/95 724/936/102 939/1212/85 1518/1978/95 
f 796/1052/137 798/1055/125 1600/2103/36 850/1113/110 
f 286/362/42 290/369/42 898/1166/42 1181/1520/42 
f 498/650/6 332/427/5 917/1186/27 1351/1757/6 
f 552/712/86 499/652/6 1353/1759/6 823/1086/90 
f 634/822/38 629/815/37 1467/1905/37 848/1908/38 
f 62/68/27 817/1079/5 1014/1304/36 78/98/36 
f 113/147/8 197/255/9 886/1152/9 814/1076/12 
f 295/379/37 299/392/38 884/1536/38 934/1206/37 
f 213/271/9 304/396/9 822/1085/9 1117/1441/9 
f 375/478/89 1249/1611/152 916/1185/151 331/426/57 
f 430/552/6 1302/1683/6 1353/1759/6 499/652/6 
f 558/732/9 1401/1827/9 889/1155/9 482/632/9 
f 437/563/6 927/1196/6 907/1175/29 434/560/29 
f 676/886/27 826/1089/27 938/1210/61 691/903/61 
f 577/752/9 1421/1848/9 1401/1827/9 558/732/9 
f 728/946/86 1544/2010/90 929/1200/91 729/947/87 
f 1615/2123/42 1616/2124/42 1617/2125/42 1618/2126/42 
f 1619/2127/244 1620/2128/245 1621/2129/42 1622/2130/42 
f 1623/2131/246 1624/2132/247 1615/2123/42 1618/2126/42 
f 1620/2128/245 1625/2133/245 1626/2134/42 1621/2129/42 
f 1622/2130/42 1627/2135/247 1628/2136/248 1619/2127/244 
f 1629/2137/249 1630/2138/250 1624/2132/247 1623/2131/246 
f 1631/2139/251 1632/2140/252 1620/2128/245 1619/2127/244 
f 1631/2139/251 1633/2141/253 1634/2142/254 1635/2143/255 
f 1636/2144/250 1637/2145/256 1628/2136/248 1627/2135/247 
f 1638/2146/257 1639/2147/258 1630/2138/250 1629/2137/249 
f 1640/2148/259 1641/2149/260 1637/2145/256 1636/2144/250 
f 1635/2143/255 1642/2150/261 1632/2140/252 1631/2139/251 
f 1619/2127/244 1628/2136/248 1633/2141/253 1631/2139/251 
f 1628/2136/248 1637/2145/256 1643/2151/262 1633/2141/253 
f 1641/2149/260 1644/2152/263 1643/2151/262 1637/2145/256 
f 1634/2142/254 1633/2141/253 1643/2151/262 1644/2152/263 
f 1622/2130/42 1621/2129/42 1616/2124/42 1615/2123/42 
f 1627/2135/247 1622/2130/42 1615/2123/42 1624/2132/247 
f 1636/2144/250 1627/2135/247 1624/2132/247 1630/2138/250 
f 1640/2148/259 1636/2144/250 1630/2138/250 1639/2147/258 
f 1645/2153/264 1646/2154/265 1647/2155/266 1648/2156/264 
f 1646/2154/265 1649/2157/267 1650/2158/268 1647/2155/266 
f 1649/2157/267 1651/2159/269 1652/2160/270 1650/2158/268 
f 1652/2161/270 1651/2162/269 1653/2163/271 1654/2164/272 
f 1654/2164/272 1653/2163/271 1655/2165/273 1656/2166/274 
f 1656/2166/274 1655/2165/273 1657/2167/275 1658/2168/276 
f 1658/2168/276 1657/2167/275 1659/2169/275 1660/2170/276 
f 1661/2171/277 1662/2172/278 1663/2173/279 1664/2174/277 
f 1662/2172/278 1665/2175/280 1666/2176/281 1663/2173/279 
f 1665/2175/280 1667/2177/282 1668/2178/283 1666/2176/281 
f 1668/2179/283 1667/2180/282 1669/2181/284 1670/2182/285 
f 1670/2182/285 1669/2181/284 1671/2183/286 1672/2184/287 
f 1672/2184/287 1671/2183/286 1673/2185/288 1674/2186/289 
f 1674/2186/289 1673/2185/288 1675/2187/290 1676/2188/291 
f 1677/2189/292 1678/2190/293 1679/2191/294 1680/2192/292 
f 1678/2190/293 1681/2193/295 1682/2194/296 1679/2191/294 
f 1681/2193/295 1683/2195/297 1684/2196/298 1682/2194/296 
f 1684/2197/298 1683/2198/297 1685/2199/299 1686/2200/300 
f 1686/2200/300 1685/2199/299 1687/2201/301 1688/2202/302 
f 1688/2202/302 1687/2201/301 1689/2203/303 1690/2204/304 
f 1690/2204/304 1689/2203/303 1691/2205/305 1692/2206/306 
f 1693/2207/307 1694/2208/308 1695/2209/309 1696/2210/310 
f 1697/2211/311 1694/2208/308 1693/2207/307 1698/2212/312 
f 1699/2213/313 1697/2211/311 1698/2212/312 1700/2214/314 
f 1701/2215/315 1699/2213/313 1700/2214/314 1702/2216/316 
f 1703/2217/317 1704/2218/318 1701/2219/315 1702/2220/316 
f 1705/2221/319 1706/2222/320 1704/2218/318 1703/2217/317 
f 1707/2223/321 1708/2224/322 1706/2222/320 1705/2221/319 
f 1709/2225/323 1710/2226/324 1708/2224/322 1707/2223/321 
f 1711/2227/325 1646/2154/265 1645/2153/264 1712/2228/326 
f 1713/2229/327 1649/2157/267 1646/2154/265 1711/2227/325 
f 1714/2230/328 1651/2159/269 1649/2157/267 1713/2229/327 
f 1715/2231/329 1653/2163/271 1651/2162/269 1714/2232/328 
f 1716/2233/330 1655/2165/273 1653/2163/271 1715/2231/329 
f 1717/2234/331 1657/2167/275 1655/2165/273 1716/2233/330 
f 1718/2235/332 1659/2169/275 1657/2167/275 1717/2234/331 
f 1719/2236/333 1664/2174/277 1663/2173/279 1720/2237/334 
f 1720/2237/334 1663/2173/279 1666/2176/281 1721/2238/335 
f 1721/2238/335 1666/2176/281 1668/2178/283 1722/2239/336 
f 1722/2240/336 1668/2179/283 1670/2182/285 1723/2241/337 
f 1723/2241/337 1670/2182/285 1672/2184/287 1724/2242/338 
f 1724/2242/338 1672/2184/287 1674/2186/289 1725/2243/339 
f 1725/2243/339 1674/2186/289 1676/2188/291 1726/2244/340 
f 1727/2245/341 1678/2190/293 1677/2189/292 1728/2246/342 
f 1712/2228/326 1680/2192/292 1679/2191/294 1711/2227/325 
f 1729/2247/343 1681/2193/295 1678/2190/293 1727/2245/341 
f 1711/2227/325 1679/2191/294 1682/2194/296 1713/2229/327 
f 1730/2248/344 1683/2195/297 1681/2193/295 1729/2247/343 
f 1713/2229/327 1682/2194/296 1684/2196/298 1714/2230/328 
f 1731/2249/345 1685/2199/299 1683/2198/297 1730/2250/344 
f 1714/2232/328 1684/2197/298 1686/2200/300 1715/2231/329 
f 1732/2251/346 1687/2201/301 1685/2199/299 1731/2249/345 
f 1715/2231/329 1686/2200/300 1688/2202/302 1716/2233/330 
f 1733/2252/347 1689/2203/303 1687/2201/301 1732/2251/346 
f 1716/2233/330 1688/2202/302 1690/2204/304 1717/2234/331 
f 1734/2253/348 1691/2205/305 1689/2203/303 1733/2252/347 
f 1717/2234/331 1690/2204/304 1692/2206/306 1718/2235/332 
f 1728/2246/342 1694/2208/308 1697/2211/311 1727/2245/341 
f 1720/2237/334 1698/2212/312 1693/2207/307 1719/2236/333 
f 1727/2245/341 1697/2211/311 1699/2213/313 1729/2247/343 
f 1721/2238/335 1700/2214/314 1698/2212/312 1720/2237/334 
f 1729/2247/343 1699/2213/313 1701/2215/315 1730/2248/344 
f 1722/2239/336 1702/2216/316 1700/2214/314 1721/2238/335 
f 1730/2250/344 1701/2219/315 1704/2218/318 1731/2249/345 
f 1723/2241/337 1703/2217/317 1702/2220/316 1722/2240/336 
f 1731/2249/345 1704/2218/318 1706/2222/320 1732/2251/346 
f 1724/2242/338 1705/2221/319 1703/2217/317 1723/2241/337 
f 1732/2251/346 1706/2222/320 1708/2224/322 1733/2252/347 
f 1725/2243/339 1707/2223/321 1705/2221/319 1724/2242/338 
f 1733/2252/347 1708/2224/322 1710/2226/324 1734/2253/348 
f 1726/2244/340 1709/2225/323 1707/2223/321 1725/2243/339 
f 1642/2254/261 1635/2255/255 1662/2172/278 1661/2171/277 
f 1635/2255/255 1634/2256/254 1665/2175/280 1662/2172/278 
f 1634/2256/254 1644/2257/263 1667/2177/282 1665/2175/280 
f 1667/2180/282 1644/2258/263 1641/2259/260 1669/2181/284 
f 1669/2181/284 1641/2259/260 1640/2260/259 1671/2183/286 
f 1671/2183/286 1640/2260/259 1639/2261/258 1673/2185/288 
f 1673/2185/288 1639/2261/258 1638/2262/257 1675/2187/290 
f 802/2263/141 803/2264/142 1735/2265/349 1648/2156/264 
f 802/2263/141 1648/2156/264 1647/2155/266 801/2266/140 
f 801/2266/140 1647/2155/266 1650/2158/268 806/2267/145 
f 806/2267/145 1650/2158/268 1652/2160/270 811/2268/149 
f 811/2269/149 1652/2161/270 1654/2164/272 808/2270/146 
f 808/2270/146 1654/2164/272 1656/2166/274 807/2271/138 
f 807/2271/138 1656/2166/274 1658/2168/276 800/2272/139 
f 800/2272/139 1658/2168/276 1660/2170/276 799/2273/138 
f 1638/2146/257 1629/2137/249 1736/2274/250 1737/2275/258 
f 1718/2235/332 1692/2206/306 1738/2276/350 1739/2277/332 
f 1623/2131/246 1740/2278/247 1736/2274/250 1629/2137/249 
f 1726/2244/340 1676/2188/291 1741/2279/289 1742/2280/351 
f 1743/2281/42 1744/2282/42 1745/2283/42 1746/2284/42 
f 1747/2285/352 1748/2286/42 1749/2287/42 1750/2288/353 
f 1740/2278/247 1744/2282/42 1743/2281/42 1751/2289/246 
f 1748/2286/42 1747/2285/352 1752/2290/354 1753/2291/246 
f 1736/2274/250 1740/2278/247 1751/2289/246 1754/2292/249 
f 1755/2293/355 1747/2285/352 1750/2288/353 1756/2294/356 
f 1750/2288/353 1757/2295/353 1758/2296/356 1756/2294/356 
f 1755/2293/355 1759/2297/357 1760/2298/358 1761/2299/359 
f 1762/2300/249 1753/2291/246 1752/2290/354 1763/2301/360 
f 1737/2275/258 1736/2274/250 1754/2292/249 1764/2302/258 
f 1765/2303/361 1762/2300/249 1763/2301/360 1766/2304/362 
f 1759/2297/357 1755/2293/355 1756/2294/356 1767/2305/363 
f 1756/2294/356 1758/2296/356 1768/2306/364 1767/2305/363 
f 1747/2285/352 1755/2293/355 1761/2299/359 1752/2290/354 
f 1752/2290/354 1761/2299/359 1769/2307/365 1763/2301/360 
f 1766/2304/362 1763/2301/360 1769/2307/365 1770/2308/366 
f 1760/2298/358 1770/2308/366 1769/2307/365 1761/2299/359 
f 1748/2286/42 1743/2281/42 1746/2284/42 1749/2287/42 
f 1753/2291/246 1751/2289/246 1743/2281/42 1748/2286/42 
f 1762/2300/249 1754/2292/249 1751/2289/246 1753/2291/246 
f 1765/2303/361 1764/2302/258 1754/2292/249 1762/2300/249 
f 1771/2309/367 1772/2310/367 1773/2311/368 1774/2312/369 
f 1774/2312/369 1773/2311/368 1775/2313/370 1776/2314/371 
f 1776/2314/371 1775/2313/370 1777/2315/372 1778/2316/373 
f 1777/2317/372 1779/2318/374 1780/2319/375 1778/2320/373 
f 1779/2318/374 1781/2321/376 1782/2322/377 1780/2319/375 
f 1781/2321/376 1783/2323/378 1784/2324/379 1782/2322/377 
f 1783/2323/378 1785/2325/378 1786/2326/379 1784/2324/379 
f 1787/2327/380 1788/2328/380 1789/2329/381 1790/2330/382 
f 1790/2330/382 1789/2329/381 1791/2331/383 1792/2332/384 
f 1792/2332/384 1791/2331/383 1793/2333/385 1794/2334/386 
f 1793/2335/385 1795/2336/387 1796/2337/388 1794/2338/386 
f 1795/2336/387 1797/2339/389 1798/2340/390 1796/2337/388 
f 1797/2339/389 1799/2341/291 1800/2342/290 1798/2340/390 
f 1799/2341/291 1741/2279/289 1801/2343/290 1800/2342/290 
f 1802/2344/391 1803/2345/391 1804/2346/392 1805/2347/393 
f 1805/2347/393 1804/2346/392 1806/2348/394 1807/2349/395 
f 1807/2349/395 1806/2348/394 1808/2350/396 1809/2351/397 
f 1808/2352/396 1810/2353/398 1811/2354/399 1809/2355/397 
f 1810/2353/398 1812/2356/400 1813/2357/401 1811/2354/399 
f 1812/2356/400 1814/2358/402 1815/2359/403 1813/2357/401 
f 1814/2358/402 1738/2276/350 1816/2360/404 1815/2359/403 
f 1817/2361/405 1818/2362/406 1819/2363/407 1820/2364/408 
f 1821/2365/409 1822/2366/410 1818/2362/406 1817/2361/405 
f 1823/2367/411 1824/2368/412 1822/2366/410 1821/2365/409 
f 1825/2369/413 1824/2370/412 1823/2371/411 1826/2372/414 
f 1827/2373/415 1825/2369/413 1826/2372/414 1828/2374/416 
f 1829/2375/417 1827/2373/415 1828/2374/416 1830/2376/418 
f 1831/2377/419 1829/2375/417 1830/2376/418 1832/2378/420 
f 1691/2205/305 1734/2253/348 1833/2379/421 1816/2360/404 
f 1834/2380/422 1835/2381/423 1771/2309/367 1774/2312/369 
f 1836/2382/424 1834/2380/422 1774/2312/369 1776/2314/371 
f 1837/2383/425 1836/2382/424 1776/2314/371 1778/2316/373 
f 1838/2384/426 1837/2385/425 1778/2320/373 1780/2319/375 
f 1839/2386/427 1838/2384/426 1780/2319/375 1782/2322/377 
f 1840/2387/428 1839/2386/427 1782/2322/377 1784/2324/379 
f 1739/2277/332 1840/2387/428 1784/2324/379 1786/2326/379 
f 1841/2388/429 1842/2389/430 1843/2390/431 1788/2328/380 
f 1843/2390/431 1844/2391/432 1789/2329/381 1788/2328/380 
f 1844/2391/432 1845/2392/433 1791/2331/383 1789/2329/381 
f 1845/2392/433 1846/2393/434 1793/2333/385 1791/2331/383 
f 1846/2394/434 1847/2395/435 1795/2336/387 1793/2335/385 
f 1847/2395/435 1848/2396/436 1797/2339/389 1795/2336/387 
f 1848/2396/436 1849/2397/437 1799/2341/291 1797/2339/389 
f 1849/2397/437 1742/2280/351 1741/2279/289 1799/2341/291 
f 1803/2345/391 1850/2398/438 1851/2399/439 1835/2381/423 
f 1852/2400/440 1853/2401/441 1802/2344/391 1805/2347/393 
f 1835/2381/423 1834/2380/422 1804/2346/392 1803/2345/391 
f 1854/2402/442 1852/2400/440 1805/2347/393 1807/2349/395 
f 1834/2380/422 1836/2382/424 1806/2348/394 1804/2346/392 
f 1855/2403/443 1854/2402/442 1807/2349/395 1809/2351/397 
f 1836/2382/424 1837/2383/425 1808/2350/396 1806/2348/394 
f 1856/2404/444 1855/2405/443 1809/2355/397 1811/2354/399 
f 1837/2385/425 1838/2384/426 1810/2353/398 1808/2352/396 
f 1857/2406/445 1856/2404/444 1811/2354/399 1813/2357/401 
f 1838/2384/426 1839/2386/427 1812/2356/400 1810/2353/398 
f 1858/2407/446 1857/2406/445 1813/2357/401 1815/2359/403 
f 1839/2386/427 1840/2387/428 1814/2358/402 1812/2356/400 
f 1833/2379/421 1858/2407/446 1815/2359/403 1816/2360/404 
f 1840/2387/428 1739/2277/332 1738/2276/350 1814/2358/402 
f 1853/2401/441 1852/2400/440 1817/2361/405 1820/2364/408 
f 1844/2391/432 1843/2390/431 1819/2363/407 1818/2362/406 
f 1852/2400/440 1854/2402/442 1821/2365/409 1817/2361/405 
f 1845/2392/433 1844/2391/432 1818/2362/406 1822/2366/410 
f 1854/2402/442 1855/2403/443 1823/2367/411 1821/2365/409 
f 1846/2393/434 1845/2392/433 1822/2366/410 1824/2368/412 
f 1855/2405/443 1856/2404/444 1826/2372/414 1823/2371/411 
f 1847/2395/435 1846/2394/434 1824/2370/412 1825/2369/413 
f 1856/2404/444 1857/2406/445 1828/2374/416 1826/2372/414 
f 1848/2396/436 1847/2395/435 1825/2369/413 1827/2373/415 
f 1857/2406/445 1858/2407/446 1830/2376/418 1828/2374/416 
f 1849/2397/437 1848/2396/436 1827/2373/415 1829/2375/417 
f 1858/2407/446 1833/2379/421 1832/2378/420 1830/2376/418 
f 1742/2280/351 1849/2397/437 1829/2375/417 1831/2377/419 
f 1767/2408/363 1787/2327/380 1790/2330/382 1759/2409/357 
f 1759/2409/357 1790/2330/382 1792/2332/384 1760/2410/358 
f 1760/2410/358 1792/2332/384 1794/2334/386 1770/2411/366 
f 1794/2338/386 1796/2337/388 1766/2412/362 1770/2413/366 
f 1796/2337/388 1798/2340/390 1765/2414/361 1766/2412/362 
f 1798/2340/390 1800/2342/290 1764/2415/258 1765/2414/361 
f 1800/2342/290 1801/2343/290 1737/2416/258 1764/2415/258 
f 1604/2417/235 1603/2418/234 1773/2311/368 1772/2310/367 
f 1603/2418/234 1608/2419/237 1775/2313/370 1773/2311/368 
f 1608/2419/237 1613/2420/242 1777/2315/372 1775/2313/370 
f 1613/2421/242 1610/2422/239 1779/2318/374 1777/2317/372 
f 1610/2422/239 1609/2423/238 1781/2321/376 1779/2318/374 
f 1609/2423/238 1602/2424/233 1783/2323/378 1781/2321/376 
f 1602/2424/233 1601/2425/138 1785/2325/378 1783/2323/378 
f 1832/2378/420 1710/2226/324 1709/2225/323 1831/2377/419 
f 1734/2253/348 1710/2226/324 1832/2378/420 1833/2379/421 
f 1741/2279/289 1676/2188/291 1675/2187/290 1801/2343/290 
f 1740/2278/247 1623/2131/246 1618/2126/42 1744/2282/42 
f 1675/2187/290 1638/2262/257 1737/2416/258 1801/2343/290 
f 1785/2325/378 1660/2170/276 1659/2169/275 1786/2326/379 
f 1659/2169/275 1718/2235/332 1739/2277/332 1786/2326/379 
f 1726/2244/340 1742/2280/351 1831/2377/419 1709/2225/323 
f 1691/2205/305 1816/2360/404 1738/2276/350 1692/2206/306 
f 1617/2125/42 1745/2283/42 1744/2282/42 1618/2126/42 
f 1660/2170/276 1785/2325/378 1601/2425/138 799/2273/138 
f 1677/2189/292 1680/2192/292 1859/2426/447 1860/2427/448 
f 1645/2153/264 1861/2428/449 1862/2429/450 1712/2228/326 
f 1677/2189/292 1860/2427/448 1863/2430/451 1728/2246/342 
f 1693/2207/307 1696/2210/310 1864/2431/452 1719/2236/333 
f 1788/2328/380 1787/2327/380 1865/2432/453 1841/2388/429 
f 1843/2390/431 1842/2389/430 1866/2433/454 1819/2363/407 
f 1767/2408/363 1768/2434/364 1865/2432/453 1787/2327/380 
f 1867/2435/42 1617/2125/42 1616/2124/42 1868/2436/42 
f 1869/2437/455 1867/2435/42 1868/2436/42 1870/2438/456 
f 1626/2134/42 1625/2133/245 1871/2439/457 1872/2440/456 
f 1873/2441/458 1869/2437/455 1870/2438/456 1874/2442/459 
f 1632/2140/252 1875/2443/252 1625/2133/245 1620/2128/245 
f 1875/2443/252 1876/2444/460 1877/2445/461 1878/2446/462 
f 1879/2447/459 1872/2440/456 1871/2439/457 1880/2448/463 
f 1881/2449/464 1873/2441/458 1874/2442/459 1882/2450/465 
f 1883/2451/466 1879/2447/459 1880/2448/463 1884/2452/467 
f 1642/2150/261 1876/2444/460 1875/2443/252 1632/2140/252 
f 1625/2133/245 1875/2443/252 1878/2446/462 1871/2439/457 
f 1871/2439/457 1878/2446/462 1885/2453/468 1880/2448/463 
f 1884/2452/467 1880/2448/463 1885/2453/468 1886/2454/469 
f 1877/2445/461 1886/2454/469 1885/2453/468 1878/2446/462 
f 1616/2124/42 1621/2129/42 1626/2134/42 1868/2436/42 
f 1872/2440/456 1870/2438/456 1868/2436/42 1626/2134/42 
f 1879/2447/459 1874/2442/459 1870/2438/456 1872/2440/456 
f 1883/2451/466 1882/2450/465 1874/2442/459 1879/2447/459 
f 1861/2428/449 1735/2265/349 1887/2455/470 1888/2456/471 
f 1888/2456/471 1887/2455/470 1889/2457/472 1890/2458/473 
f 1889/2459/472 1891/2460/474 1892/2461/475 1890/2462/473 
f 1891/2460/474 1893/2463/476 1894/2464/477 1892/2461/475 
f 1893/2463/476 1895/2465/478 1896/2466/479 1894/2464/477 
f 1895/2465/478 1897/2467/478 1898/2468/479 1896/2466/479 
f 1899/2469/480 1900/2470/481 1901/2471/482 1902/2472/483 
f 1902/2472/483 1901/2471/482 1903/2473/484 1904/2474/485 
f 1903/2475/484 1905/2476/486 1906/2477/487 1904/2478/485 
f 1905/2476/486 1907/2479/488 1908/2480/489 1906/2477/487 
f 1907/2479/488 1909/2481/490 1910/2482/491 1908/2480/489 
f 1909/2481/490 1911/2483/490 1912/2484/492 1910/2482/491 
f 1860/2427/448 1859/2426/447 1913/2485/493 1914/2486/494 
f 1914/2486/494 1913/2485/493 1915/2487/495 1916/2488/496 
f 1915/2489/495 1917/2490/497 1918/2491/498 1916/2492/496 
f 1917/2490/497 1919/2493/499 1920/2494/500 1918/2491/498 
f 1919/2493/499 1921/2495/501 1922/2496/502 1920/2494/500 
f 1921/2495/501 1923/2497/503 1924/2498/504 1922/2496/502 
f 1925/2499/505 1926/2500/506 1696/2210/310 1695/2209/309 
f 1927/2501/507 1928/2502/508 1926/2500/506 1925/2499/505 
f 1929/2503/509 1928/2504/508 1927/2505/507 1930/2506/510 
f 1931/2507/511 1929/2503/509 1930/2506/510 1932/2508/512 
f 1933/2509/513 1931/2507/511 1932/2508/512 1934/2510/514 
f 1935/2511/515 1933/2509/513 1934/2510/514 1936/2512/516 
f 1937/2513/517 1862/2429/450 1861/2428/449 1888/2456/471 
f 1938/2514/518 1937/2513/517 1888/2456/471 1890/2458/473 
f 1939/2515/519 1938/2516/518 1890/2462/473 1892/2461/475 
f 1940/2517/520 1939/2515/519 1892/2461/475 1894/2464/477 
f 1941/2518/521 1940/2517/520 1894/2464/477 1896/2466/479 
f 1942/2519/522 1941/2518/521 1896/2466/479 1898/2468/479 
f 1664/2174/277 1719/2236/333 1864/2431/452 1900/2470/481 
f 1864/2431/452 1943/2520/523 1901/2471/482 1900/2470/481 
f 1943/2520/523 1944/2521/524 1903/2473/484 1901/2471/482 
f 1944/2522/524 1945/2523/525 1905/2476/486 1903/2475/484 
f 1945/2523/525 1946/2524/526 1907/2479/488 1905/2476/486 
f 1946/2524/526 1947/2525/527 1909/2481/490 1907/2479/488 
f 1947/2525/527 1948/2526/528 1911/2483/490 1909/2481/490 
f 1712/2228/326 1862/2429/450 1859/2426/447 1680/2192/292 
f 1949/2527/529 1863/2430/451 1860/2427/448 1914/2486/494 
f 1862/2429/450 1937/2513/517 1913/2485/493 1859/2426/447 
f 1950/2528/530 1949/2527/529 1914/2486/494 1916/2488/496 
f 1937/2513/517 1938/2514/518 1915/2487/495 1913/2485/493 
f 1951/2529/531 1950/2530/530 1916/2492/496 1918/2491/498 
f 1938/2516/518 1939/2515/519 1917/2490/497 1915/2489/495 
f 1952/2531/532 1951/2529/531 1918/2491/498 1920/2494/500 
f 1939/2515/519 1940/2517/520 1919/2493/499 1917/2490/497 
f 1953/2532/533 1952/2531/532 1920/2494/500 1922/2496/502 
f 1940/2517/520 1941/2518/521 1921/2495/501 1919/2493/499 
f 1954/2533/534 1953/2532/533 1922/2496/502 1924/2498/504 
f 1941/2518/521 1942/2519/522 1923/2497/503 1921/2495/501 
f 1728/2246/342 1863/2430/451 1695/2209/309 1694/2208/308 
f 1863/2430/451 1949/2527/529 1925/2499/505 1695/2209/309 
f 1943/2520/523 1864/2431/452 1696/2210/310 1926/2500/506 
f 1949/2527/529 1950/2528/530 1927/2501/507 1925/2499/505 
f 1944/2521/524 1943/2520/523 1926/2500/506 1928/2502/508 
f 1950/2530/530 1951/2529/531 1930/2506/510 1927/2505/507 
f 1945/2523/525 1944/2522/524 1928/2504/508 1929/2503/509 
f 1951/2529/531 1952/2531/532 1932/2508/512 1930/2506/510 
f 1946/2524/526 1945/2523/525 1929/2503/509 1931/2507/511 
f 1952/2531/532 1953/2532/533 1934/2510/514 1932/2508/512 
f 1947/2525/527 1946/2524/526 1931/2507/511 1933/2509/513 
f 1953/2532/533 1954/2533/534 1936/2512/516 1934/2510/514 
f 1948/2526/528 1947/2525/527 1933/2509/513 1935/2511/515 
f 1876/2534/460 1899/2469/480 1902/2472/483 1877/2535/461 
f 1877/2535/461 1902/2472/483 1904/2474/485 1886/2536/469 
f 1904/2478/485 1906/2477/487 1884/2537/467 1886/2538/469 
f 1906/2477/487 1908/2480/489 1883/2539/466 1884/2537/467 
f 1908/2480/489 1910/2482/491 1882/2540/465 1883/2539/466 
f 1910/2482/491 1912/2484/492 1881/2541/464 1882/2540/465 
f 803/2264/142 809/2542/147 1887/2455/470 1735/2265/349 
f 809/2542/147 812/2543/150 1889/2457/472 1887/2455/470 
f 812/2544/150 810/2545/148 1891/2460/474 1889/2459/472 
f 810/2545/148 804/2546/143 1893/2463/476 1891/2460/474 
f 804/2546/143 805/2547/144 1895/2465/478 1893/2463/476 
f 805/2547/144 813/2548/143 1897/2467/478 1895/2465/478 
f 1881/2449/464 1955/2549/465 1956/2550/459 1873/2441/458 
f 1942/2519/522 1957/2551/522 1958/2552/535 1923/2497/503 
f 1956/2550/459 1959/2553/456 1869/2437/455 1873/2441/458 
f 1960/2554/536 1911/2483/490 1948/2526/528 1961/2555/537 
f 1962/2556/42 1746/2284/42 1745/2283/42 1963/2557/42 
f 1959/2553/456 1964/2558/455 1962/2556/42 1963/2557/42 
f 1757/2295/353 1750/2288/353 1749/2287/42 1965/2559/42 
f 1965/2559/42 1966/2560/455 1967/2561/538 1757/2295/353 
f 1956/2550/459 1968/2562/458 1964/2558/455 1959/2553/456 
f 1758/2296/356 1969/2563/539 1970/2564/540 1768/2306/364 
f 1971/2565/458 1972/2566/541 1967/2561/538 1966/2560/455 
f 1955/2549/465 1973/2567/465 1968/2562/458 1956/2550/459 
f 1974/2568/542 1975/2569/543 1972/2566/541 1971/2565/458 
f 1757/2295/353 1967/2561/538 1969/2563/539 1758/2296/356 
f 1967/2561/538 1972/2566/541 1976/2570/544 1969/2563/539 
f 1975/2569/543 1977/2571/545 1976/2570/544 1972/2566/541 
f 1970/2564/540 1969/2563/539 1976/2570/544 1977/2571/545 
f 1965/2559/42 1749/2287/42 1746/2284/42 1962/2556/42 
f 1966/2560/455 1965/2559/42 1962/2556/42 1964/2558/455 
f 1971/2565/458 1966/2560/455 1964/2558/455 1968/2562/458 
f 1974/2568/542 1971/2565/458 1968/2562/458 1973/2567/465 
f 1978/2572/546 1979/2573/547 1980/2574/548 1981/2575/549 
f 1979/2573/547 1982/2576/550 1983/2577/551 1980/2574/548 
f 1983/2578/551 1982/2579/550 1984/2580/552 1985/2581/553 
f 1985/2581/553 1984/2580/552 1986/2582/554 1987/2583/555 
f 1987/2583/555 1986/2582/554 1988/2584/556 1989/2585/557 
f 1989/2585/557 1988/2584/556 1990/2586/556 1991/2587/557 
f 1865/2432/453 1992/2588/558 1993/2589/559 1841/2388/429 
f 1992/2588/558 1994/2590/560 1995/2591/561 1993/2589/559 
f 1995/2592/561 1994/2593/560 1996/2594/562 1997/2595/563 
f 1997/2595/563 1996/2594/562 1998/2596/564 1999/2597/565 
f 1999/2597/565 1998/2596/564 2000/2598/492 2001/2599/536 
f 2001/2599/536 2000/2598/492 2002/2600/492 1960/2554/536 
f 2003/2601/566 2004/2602/567 2005/2603/568 1850/2398/438 
f 2004/2602/567 2006/2604/569 2007/2605/570 2005/2603/568 
f 2007/2606/570 2006/2607/569 2008/2608/571 2009/2609/572 
f 2009/2609/572 2008/2608/571 2010/2610/573 2011/2611/574 
f 2011/2611/574 2010/2610/573 2012/2612/575 2013/2613/576 
f 2013/2613/576 2012/2612/575 2014/2614/577 1958/2552/535 
f 1866/2433/454 2015/2615/578 1820/2364/408 1819/2363/407 
f 2016/2616/579 2015/2615/578 1866/2433/454 2017/2617/580 
f 2018/2618/581 2016/2616/579 2017/2617/580 2019/2619/582 
f 2020/2620/583 2021/2621/584 2018/2622/581 2019/2623/582 
f 2022/2624/585 2023/2625/586 2021/2621/584 2020/2620/583 
f 2024/2626/587 2025/2627/588 2023/2625/586 2022/2624/585 
f 2026/2628/589 2027/2629/590 2025/2627/588 2024/2626/587 
f 2028/2630/591 1954/2533/534 1924/2498/504 2014/2614/577 
f 2029/2631/592 1979/2573/547 1978/2572/546 1851/2399/439 
f 2030/2632/593 1982/2576/550 1979/2573/547 2029/2631/592 
f 2031/2633/594 1984/2580/552 1982/2579/550 2030/2634/593 
f 2032/2635/595 1986/2582/554 1984/2580/552 2031/2633/594 
f 2033/2636/596 1988/2584/556 1986/2582/554 2032/2635/595 
f 1957/2551/522 1990/2586/556 1988/2584/556 2033/2636/596 
f 1842/2389/430 1841/2388/429 1993/2589/559 2034/2637/597 
f 2034/2637/597 1993/2589/559 1995/2591/561 2035/2638/598 
f 2035/2639/598 1995/2592/561 1997/2595/563 2036/2640/599 
f 2036/2640/599 1997/2595/563 1999/2597/565 2037/2641/600 
f 2037/2641/600 1999/2597/565 2001/2599/536 2038/2642/601 
f 2038/2642/601 2001/2599/536 1960/2554/536 1961/2555/537 
f 2039/2643/602 2004/2602/567 2003/2601/566 2040/2644/603 
f 1851/2399/439 1850/2398/438 2005/2603/568 2029/2631/592 
f 2041/2645/604 2006/2604/569 2004/2602/567 2039/2643/602 
f 2029/2631/592 2005/2603/568 2007/2605/570 2030/2632/593 
f 2042/2646/605 2008/2608/571 2006/2607/569 2041/2647/604 
f 2030/2634/593 2007/2606/570 2009/2609/572 2031/2633/594 
f 2043/2648/606 2010/2610/573 2008/2608/571 2042/2646/605 
f 2031/2633/594 2009/2609/572 2011/2611/574 2032/2635/595 
f 2044/2649/607 2012/2612/575 2010/2610/573 2043/2648/606 
f 2032/2635/595 2011/2611/574 2013/2613/576 2033/2636/596 
f 2028/2630/591 2014/2614/577 2012/2612/575 2044/2649/607 
f 2033/2636/596 2013/2613/576 1958/2552/535 1957/2551/522 
f 2040/2644/603 1853/2401/441 1820/2364/408 2015/2615/578 
f 2040/2644/603 2015/2615/578 2016/2616/579 2039/2643/602 
f 2034/2637/597 2017/2617/580 1866/2433/454 1842/2389/430 
f 2039/2643/602 2016/2616/579 2018/2618/581 2041/2645/604 
f 2035/2638/598 2019/2619/582 2017/2617/580 2034/2637/597 
f 2041/2647/604 2018/2622/581 2021/2621/584 2042/2646/605 
f 2036/2640/599 2020/2620/583 2019/2623/582 2035/2639/598 
f 2042/2646/605 2021/2621/584 2023/2625/586 2043/2648/606 
f 2037/2641/600 2022/2624/585 2020/2620/583 2036/2640/599 
f 2043/2648/606 2023/2625/586 2025/2627/588 2044/2649/607 
f 2038/2642/601 2024/2626/587 2022/2624/585 2037/2641/600 
f 2044/2649/607 2025/2627/588 2027/2629/590 2028/2630/591 
f 1961/2555/537 2026/2628/589 2024/2626/587 2038/2642/601 
f 1768/2434/364 1970/2650/540 1992/2588/558 1865/2432/453 
f 1970/2650/540 1977/2651/545 1994/2590/560 1992/2588/558 
f 1994/2593/560 1977/2652/545 1975/2653/543 1996/2594/562 
f 1996/2594/562 1975/2653/543 1974/2654/542 1998/2596/564 
f 1998/2596/564 1974/2654/542 1973/2655/465 2000/2598/492 
f 2000/2598/492 1973/2655/465 1955/2656/465 2002/2600/492 
f 1981/2575/549 1605/2657/236 1604/2417/235 1772/2310/367 
f 1605/2657/236 1981/2575/549 1980/2574/548 1611/2658/240 
f 1611/2658/240 1980/2574/548 1983/2577/551 1614/2659/243 
f 1614/2660/243 1983/2578/551 1985/2581/553 1612/2661/241 
f 1612/2661/241 1985/2581/553 1987/2583/555 1606/2662/144 
f 1606/2662/144 1987/2583/555 1989/2585/557 1607/2663/143 
f 1607/2663/143 1989/2585/557 1991/2587/557 932/2664/144 
f 2027/2629/590 2026/2628/589 1935/2511/515 1936/2512/516 
f 2027/2629/590 1936/2512/516 1954/2533/534 2028/2630/591 
f 1960/2554/536 2002/2600/492 1912/2484/492 1911/2483/490 
f 1959/2553/456 1963/2557/42 1867/2435/42 1869/2437/455 
f 1955/2656/465 1881/2541/464 1912/2484/492 2002/2600/492 
f 1991/2587/557 1990/2586/556 1898/2468/479 1897/2467/478 
f 1957/2551/522 1942/2519/522 1898/2468/479 1990/2586/556 
f 2026/2628/589 1961/2555/537 1948/2526/528 1935/2511/515 
f 1958/2552/535 2014/2614/577 1924/2498/504 1923/2497/503 
f 1745/2283/42 1617/2125/42 1867/2435/42 1963/2557/42 
f 932/2664/144 1991/2587/557 1897/2467/478 813/2548/143 
f 1645/2153/264 1648/2156/264 1735/2265/349 1861/2428/449 
f 1661/2171/277 1664/2174/277 1900/2470/481 1899/2469/480 
f 1642/2254/261 1661/2171/277 1899/2469/480 1876/2534/460 
f 1772/2310/367 1771/2309/367 1978/2572/546 1981/2575/549 
f 1803/2345/391 1802/2344/391 2003/2601/566 1850/2398/438 
f 1771/2309/367 1835/2381/423 1851/2399/439 1978/2572/546 
f 1853/2401/441 2040/2644/603 2003/2601/566 1802/2344/391 
f 2045/2665/10 2046/2666/10 2047/2667/10 2048/2668/10 
f 2049/2669/10 2045/2665/10 2048/2668/10 2050/2670/10 
f 2051/2671/10 2049/2669/10 2050/2670/10 2052/2672/10 
f 2053/2673/10 2051/2671/10 2052/2672/10 2054/2674/10 
f 2055/2675/10 2053/2673/10 2054/2674/10 2056/2676/10 
f 2057/2677/10 2055/2675/10 2056/2676/10 2058/2678/10 
f 2059/2679/10 2057/2677/10 2058/2678/10 2060/2680/10 
f 2061/2681/10 2059/2679/10 2060/2680/10 2062/2682/10 
f 2063/2683/10 2061/2681/10 2062/2682/10 2064/2684/10 
f 2065/2685/10 2063/2683/10 2064/2684/10 2066/2686/10 
f 2067/2687/10 2068/2688/10 2065/2685/10 2066/2686/10 
f 2069/2689/2 2070/2690/2 2071/2691/2 2072/2692/2 
f 2072/2692/2 2071/2691/2 2073/2693/2 2074/2694/2 
f 2074/2694/2 2073/2693/2 2075/2695/2 2076/2696/2 
f 2076/2696/2 2075/2695/2 2077/2697/2 2078/2698/2 
f 2078/2698/2 2077/2697/2 2079/2699/2 2080/2700/2 
f 2080/2700/2 2079/2699/2 2081/2701/2 2082/2702/2 
f 2082/2702/2 2081/2701/2 2083/2703/2 2084/2704/2 
f 2084/2704/2 2083/2703/2 2085/2705/2 2086/2706/2 
f 2086/2706/2 2085/2705/2 2087/2707/2 2088/2708/2 
f 2088/2708/2 2087/2707/2 2089/2709/2 2090/2710/2 
f 2091/2711/37 2092/2712/608 2093/2713/608 2094/2714/609 
f 2095/2715/42 2096/2716/610 2097/2717/611 2098/2718/42 
f 2099/2719/8 2100/2720/13 2101/2721/9 2102/2722/12 
f 2092/2712/608 2103/2723/612 2104/2724/612 2093/2713/608 
f 2105/2725/42 2095/2715/42 2098/2718/42 2106/2726/42 
f 2103/2723/612 2107/2727/613 2108/2728/613 2104/2724/612 
f 2109/2729/42 2105/2725/42 2106/2726/42 2110/2730/42 
f 2107/2727/613 2111/2731/614 2112/2732/614 2108/2728/613 
f 2113/2733/42 2109/2729/42 2110/2730/42 2114/2734/42 
f 2111/2731/614 2115/2735/615 2116/2736/615 2112/2732/614 
f 2117/2737/42 2113/2733/42 2114/2734/42 2118/2738/42 
f 2115/2735/615 2119/2739/616 2120/2740/616 2116/2736/615 
f 2121/2741/42 2117/2737/42 2118/2738/42 2122/2742/42 
f 2119/2739/616 2123/2743/617 2124/2744/617 2120/2740/616 
f 2125/2745/42 2121/2741/42 2122/2742/42 2126/2746/42 
f 2123/2743/617 2127/2747/618 2128/2748/618 2124/2744/617 
f 2129/2749/42 2125/2745/42 2126/2746/42 2130/2750/42 
f 2127/2747/618 2131/2751/619 2132/2752/619 2128/2748/618 
f 2133/2753/42 2129/2749/42 2130/2750/42 2134/2754/42 
f 2131/2751/619 2135/2755/620 2136/2756/621 2132/2752/619 
f 2137/2757/42 2133/2753/42 2134/2754/42 2138/2758/42 
f 2139/2759/622 2140/2760/42 2137/2757/42 2138/2758/42 
f 2141/2761/32 2142/2762/623 2048/2668/10 2047/2667/10 
f 2143/2763/39 2144/2764/624 2046/2666/10 2045/2665/10 
f 2145/2765/44 2146/2766/28 2047/2667/10 2046/2666/10 
f 2048/2668/10 2142/2762/623 2147/2767/625 2050/2670/10 
f 2148/2768/39 2143/2763/39 2045/2665/10 2049/2669/10 
f 2050/2670/10 2147/2767/625 2149/2769/626 2052/2672/10 
f 2150/2770/39 2148/2768/39 2049/2669/10 2051/2671/10 
f 2052/2672/10 2149/2769/626 2151/2771/627 2054/2674/10 
f 2152/2772/39 2150/2770/39 2051/2671/10 2053/2673/10 
f 2054/2674/10 2151/2771/627 2153/2773/628 2056/2676/10 
f 2154/2774/39 2152/2772/39 2053/2673/10 2055/2675/10 
f 2056/2676/10 2153/2773/628 2155/2775/629 2058/2678/10 
f 2156/2776/39 2154/2774/39 2055/2675/10 2057/2677/10 
f 2058/2678/10 2155/2775/629 2157/2777/630 2060/2680/10 
f 2158/2778/39 2156/2776/39 2057/2677/10 2059/2679/10 
f 2060/2680/10 2157/2777/630 2159/2779/631 2062/2682/10 
f 2160/2780/39 2158/2778/39 2059/2679/10 2061/2681/10 
f 2062/2682/10 2159/2779/631 2161/2781/632 2064/2684/10 
f 2162/2782/39 2160/2780/39 2061/2681/10 2063/2683/10 
f 2064/2684/10 2161/2781/632 2163/2783/633 2066/2686/10 
f 2164/2784/624 2162/2782/39 2063/2683/10 2065/2685/10 
f 2066/2686/10 2163/2783/633 2165/2785/634 2067/2687/10 
f 2166/2786/635 2167/2787/126 2069/2689/2 2072/2692/2 
f 2168/2788/25 2169/2789/24 2070/2690/2 2069/2689/2 
f 2170/2790/636 2171/2791/168 2071/2691/2 2070/2690/2 
f 2172/2792/637 2166/2786/635 2072/2692/2 2074/2694/2 
f 2171/2791/168 2173/2793/168 2073/2693/2 2071/2691/2 
f 2174/2794/638 2172/2792/637 2074/2694/2 2076/2696/2 
f 2173/2793/168 2175/2795/168 2075/2695/2 2073/2693/2 
f 2176/2796/639 2174/2794/638 2076/2696/2 2078/2698/2 
f 2175/2795/168 2177/2797/168 2077/2697/2 2075/2695/2 
f 2178/2798/640 2176/2796/639 2078/2698/2 2080/2700/2 
f 2177/2797/168 2179/2799/168 2079/2699/2 2077/2697/2 
f 2180/2800/641 2178/2798/640 2080/2700/2 2082/2702/2 
f 2179/2799/168 2181/2801/168 2081/2701/2 2079/2699/2 
f 2182/2802/642 2180/2800/641 2082/2702/2 2084/2704/2 
f 2181/2801/168 2183/2803/168 2083/2703/2 2081/2701/2 
f 2184/2804/643 2182/2802/642 2084/2704/2 2086/2706/2 
f 2183/2803/168 2185/2805/168 2085/2705/2 2083/2703/2 
f 2186/2806/644 2184/2804/643 2086/2706/2 2088/2708/2 
f 2185/2805/168 2187/2807/168 2087/2707/2 2085/2705/2 
f 2188/2808/645 2186/2806/644 2088/2708/2 2090/2710/2 
f 2187/2807/168 2189/2809/168 2089/2709/2 2087/2707/2 
f 2190/2810/646 2188/2808/645 2090/2710/2 2191/2811/2 
f 2189/2809/168 2192/2812/168 2193/2813/2 2089/2709/2 
f 2194/2814/153 2195/2815/38 2091/2711/37 2094/2714/609 
f 2196/2816/647 2197/2817/43 2097/2717/611 2096/2716/610 
f 2094/2714/609 2093/2713/608 2142/2818/623 2141/2819/32 
f 2142/2818/623 2093/2713/608 2104/2724/612 2147/2820/625 
f 2147/2820/625 2104/2724/612 2108/2728/613 2149/2821/626 
f 2149/2821/626 2108/2728/613 2112/2732/614 2151/2822/627 
f 2151/2822/627 2112/2732/614 2116/2736/615 2153/2823/628 
f 2153/2823/628 2116/2736/615 2120/2740/616 2155/2824/629 
f 2155/2824/629 2120/2740/616 2124/2744/617 2157/2825/630 
f 2157/2825/630 2124/2744/617 2128/2748/618 2159/2826/631 
f 2159/2826/631 2128/2748/618 2132/2752/619 2161/2827/632 
f 2161/2827/632 2132/2752/619 2136/2756/621 2163/2828/633 
f 2136/2756/621 2198/2829/609 2165/2830/634 2163/2828/633 
f 2102/2722/12 2101/2721/9 2146/2831/28 2145/2832/44 
f 2101/2721/9 2100/2720/13 2195/2833/38 2194/2834/153 
f 2098/2718/42 2097/2717/611 2144/2835/624 2143/2836/39 
f 2106/2726/42 2098/2718/42 2143/2836/39 2148/2837/39 
f 2110/2730/42 2106/2726/42 2148/2837/39 2150/2838/39 
f 2114/2734/42 2110/2730/42 2150/2838/39 2152/2839/39 
f 2118/2738/42 2114/2734/42 2152/2839/39 2154/2840/39 
f 2122/2742/42 2118/2738/42 2154/2840/39 2156/2841/39 
f 2126/2746/42 2122/2742/42 2156/2841/39 2158/2842/39 
f 2130/2750/42 2126/2746/42 2158/2842/39 2160/2843/39 
f 2134/2754/42 2130/2750/42 2160/2843/39 2162/2844/39 
f 2138/2758/42 2134/2754/42 2162/2844/39 2164/2845/624 
f 2099/2719/8 2102/2722/12 2197/2817/43 2196/2816/647 
f 2092/2712/608 2091/2711/37 2167/2846/126 2166/2847/635 
f 2103/2723/612 2092/2712/608 2166/2847/635 2172/2848/637 
f 2107/2727/613 2103/2723/612 2172/2848/637 2174/2849/638 
f 2111/2731/614 2107/2727/613 2174/2849/638 2176/2850/639 
f 2115/2735/615 2111/2731/614 2176/2850/639 2178/2851/640 
f 2119/2739/616 2115/2735/615 2178/2851/640 2180/2852/641 
f 2123/2743/617 2119/2739/616 2180/2852/641 2182/2853/642 
f 2127/2747/618 2123/2743/617 2182/2853/642 2184/2854/643 
f 2131/2751/619 2127/2747/618 2184/2854/643 2186/2855/644 
f 2135/2755/620 2131/2751/619 2186/2855/644 2188/2856/645 
f 2100/2720/13 2099/2719/8 2169/2857/24 2168/2858/25 
f 2096/2716/610 2095/2715/42 2171/2859/168 2170/2860/636 
f 2095/2715/42 2105/2725/42 2173/2861/168 2171/2859/168 
f 2105/2725/42 2109/2729/42 2175/2862/168 2173/2861/168 
f 2109/2729/42 2113/2733/42 2177/2863/168 2175/2862/168 
f 2113/2733/42 2117/2737/42 2179/2864/168 2177/2863/168 
f 2117/2737/42 2121/2741/42 2181/2865/168 2179/2864/168 
f 2121/2741/42 2125/2745/42 2183/2866/168 2181/2865/168 
f 2125/2745/42 2129/2749/42 2185/2867/168 2183/2866/168 
f 2129/2749/42 2133/2753/42 2187/2868/168 2185/2867/168 
f 2133/2753/42 2137/2757/42 2189/2869/168 2187/2868/168 
f 2137/2757/42 2140/2760/42 2192/2870/168 2189/2869/168 
f 2101/2721/9 2194/2834/153 2199/2871/648 2146/2831/28 
f 2094/2714/609 2141/2819/32 2199/2872/648 2194/2814/153 
f 2047/2667/10 2146/2766/28 2199/2873/648 2141/2761/32 
f 2097/2717/611 2197/2817/43 2200/2874/649 2144/2835/624 
f 2102/2722/12 2145/2832/44 2200/2874/649 2197/2817/43 
f 2046/2666/10 2144/2764/624 2200/2875/649 2145/2765/44 
f 2069/2689/2 2167/2787/126 2201/2876/650 2168/2788/25 
f 2091/2711/37 2195/2815/38 2201/2877/650 2167/2846/126 
f 2100/2720/13 2168/2858/25 2201/2878/650 2195/2833/38 
f 2070/2690/2 2169/2789/24 2202/2879/651 2170/2790/636 
f 2099/2719/8 2196/2816/647 2202/2880/651 2169/2857/24 
f 2096/2716/610 2170/2860/636 2202/2880/651 2196/2816/647 
f 2191/2811/2 2090/2710/2 2089/2709/2 2193/2813/2 
f 2136/2756/621 2135/2755/620 2203/2881/609 2198/2829/609 
f 2164/2784/624 2065/2685/10 2068/2688/10 2204/2882/39 
f 2139/2759/622 2138/2758/42 2164/2845/624 2204/2883/39 
f 2135/2755/620 2188/2856/645 2190/2884/646 2203/2881/609 
f 2205/2885/10 2206/2886/10 2207/2887/10 2208/2888/10 
f 2209/2889/10 2210/2890/10 2206/2886/10 2205/2885/10 
f 2211/2891/10 2212/2892/10 2210/2890/10 2209/2889/10 
f 2213/2893/10 2214/2894/10 2212/2892/10 2211/2891/10 
f 2215/2895/10 2216/2896/10 2214/2894/10 2213/2893/10 
f 2217/2897/10 2218/2898/10 2216/2896/10 2215/2895/10 
f 2219/2899/10 2220/2900/10 2218/2898/10 2217/2897/10 
f 2221/2901/10 2222/2902/10 2220/2900/10 2219/2899/10 
f 2223/2903/10 2224/2904/10 2222/2902/10 2221/2901/10 
f 2225/2905/10 2226/2906/10 2224/2904/10 2223/2903/10 
f 2067/2687/10 2226/2906/10 2225/2905/10 2068/2688/10 
f 2227/2907/2 2228/2908/2 2229/2909/2 2230/2910/2 
f 2228/2908/2 2231/2911/2 2232/2912/2 2229/2909/2 
f 2231/2911/2 2233/2913/2 2234/2914/2 2232/2912/2 
f 2233/2913/2 2235/2915/2 2236/2916/2 2234/2914/2 
f 2235/2915/2 2237/2917/2 2238/2918/2 2236/2916/2 
f 2237/2917/2 2239/2919/2 2240/2920/2 2238/2918/2 
f 2239/2919/2 2241/2921/2 2242/2922/2 2240/2920/2 
f 2241/2921/2 2243/2923/2 2244/2924/2 2242/2922/2 
f 2243/2923/2 2245/2925/2 2246/2926/2 2244/2924/2 
f 2245/2925/2 2247/2927/2 2248/2928/2 2246/2926/2 
f 2249/2929/652 2250/2930/653 2251/2931/654 2252/2932/654 
f 2253/2933/42 2254/2934/42 2255/2935/42 2256/2936/622 
f 2257/2937/5 2258/2938/27 2259/2939/6 2260/2940/7 
f 2252/2932/654 2251/2931/654 2261/2941/655 2262/2942/655 
f 2263/2943/42 2264/2944/42 2254/2934/42 2253/2933/42 
f 2262/2942/655 2261/2941/655 2265/2945/656 2266/2946/656 
f 2267/2947/42 2268/2948/42 2264/2944/42 2263/2943/42 
f 2266/2946/656 2265/2945/656 2269/2949/657 2270/2950/657 
f 2271/2951/42 2272/2952/42 2268/2948/42 2267/2947/42 
f 2270/2950/657 2269/2949/657 2273/2953/658 2274/2954/658 
f 2275/2955/42 2276/2956/42 2272/2952/42 2271/2951/42 
f 2274/2954/658 2273/2953/658 2277/2957/659 2278/2958/659 
f 2279/2959/42 2280/2960/42 2276/2956/42 2275/2955/42 
f 2278/2958/659 2277/2957/659 2281/2961/660 2282/2962/660 
f 2283/2963/42 2284/2964/42 2280/2960/42 2279/2959/42 
f 2282/2962/660 2281/2961/660 2285/2965/661 2286/2966/661 
f 2287/2967/42 2288/2968/42 2284/2964/42 2283/2963/42 
f 2286/2966/661 2285/2965/661 2289/2969/662 2290/2970/662 
f 2291/2971/42 2292/2972/42 2288/2968/42 2287/2967/42 
f 2290/2970/662 2289/2969/662 2293/2973/663 2294/2974/664 
f 2295/2975/42 2296/2976/42 2292/2972/42 2291/2971/42 
f 2139/2759/622 2296/2976/42 2295/2975/42 2140/2760/42 
f 2297/2977/223 2207/2887/10 2206/2886/10 2298/2978/665 
f 2299/2979/39 2205/2885/10 2208/2888/10 2300/2980/39 
f 2301/2981/26 2208/2888/10 2207/2887/10 2302/2982/31 
f 2206/2886/10 2210/2890/10 2303/2983/666 2298/2978/665 
f 2304/2984/39 2209/2889/10 2205/2885/10 2299/2979/39 
f 2210/2890/10 2212/2892/10 2305/2985/667 2303/2983/666 
f 2306/2986/39 2211/2891/10 2209/2889/10 2304/2984/39 
f 2212/2892/10 2214/2894/10 2307/2987/668 2305/2985/667 
f 2308/2988/39 2213/2893/10 2211/2891/10 2306/2986/39 
f 2214/2894/10 2216/2896/10 2309/2989/669 2307/2987/668 
f 2310/2990/39 2215/2895/10 2213/2893/10 2308/2988/39 
f 2216/2896/10 2218/2898/10 2311/2991/670 2309/2989/669 
f 2312/2992/39 2217/2897/10 2215/2895/10 2310/2990/39 
f 2218/2898/10 2220/2900/10 2313/2993/671 2311/2991/670 
f 2314/2994/39 2219/2899/10 2217/2897/10 2312/2992/39 
f 2220/2900/10 2222/2902/10 2315/2995/672 2313/2993/671 
f 2316/2996/39 2221/2901/10 2219/2899/10 2314/2994/39 
f 2222/2902/10 2224/2904/10 2317/2997/673 2315/2995/672 
f 2318/2998/39 2223/2903/10 2221/2901/10 2316/2996/39 
f 2224/2904/10 2226/2906/10 2319/2999/674 2317/2997/673 
f 2320/3000/39 2225/2905/10 2223/2903/10 2318/2998/39 
f 2226/2906/10 2067/2687/10 2165/2785/634 2319/2999/674 
f 2321/3001/675 2228/2908/2 2227/2907/2 2322/3002/127 
f 2323/3003/22 2227/2907/2 2230/2910/2 2324/3004/23 
f 2325/3005/168 2230/2910/2 2229/2909/2 2326/3006/168 
f 2327/3007/676 2231/2911/2 2228/2908/2 2321/3001/675 
f 2326/3006/168 2229/2909/2 2232/2912/2 2328/3008/168 
f 2329/3009/677 2233/2913/2 2231/2911/2 2327/3007/676 
f 2328/3008/168 2232/2912/2 2234/2914/2 2330/3010/168 
f 2331/3011/678 2235/2915/2 2233/2913/2 2329/3009/677 
f 2330/3010/168 2234/2914/2 2236/2916/2 2332/3012/168 
f 2333/3013/679 2237/2917/2 2235/2915/2 2331/3011/678 
f 2332/3012/168 2236/2916/2 2238/2918/2 2334/3014/168 
f 2335/3015/680 2239/2919/2 2237/2917/2 2333/3013/679 
f 2334/3014/168 2238/2918/2 2240/2920/2 2336/3016/168 
f 2337/3017/681 2241/2921/2 2239/2919/2 2335/3015/680 
f 2336/3016/168 2240/2920/2 2242/2922/2 2338/3018/168 
f 2339/3019/682 2243/2923/2 2241/2921/2 2337/3017/681 
f 2338/3018/168 2242/2922/2 2244/2924/2 2340/3020/168 
f 2341/3021/683 2245/2925/2 2243/2923/2 2339/3019/682 
f 2340/3020/168 2244/2924/2 2246/2926/2 2342/3022/168 
f 2343/3023/684 2247/2927/2 2245/2925/2 2341/3021/683 
f 2342/3022/168 2246/2926/2 2248/2928/2 2344/3024/168 
f 2190/2810/646 2191/2811/2 2247/2927/2 2343/3023/684 
f 2344/3024/168 2248/2928/2 2193/2813/2 2192/2812/168 
f 2345/3025/125 2250/2930/653 2249/2929/652 2346/3026/36 
f 2347/3027/685 2256/2936/622 2255/2935/42 2348/3028/29 
f 2250/2930/653 2297/3029/223 2298/3030/665 2251/2931/654 
f 2298/3030/665 2303/3031/666 2261/2941/655 2251/2931/654 
f 2303/3031/666 2305/3032/667 2265/2945/656 2261/2941/655 
f 2305/3032/667 2307/3033/668 2269/2949/657 2265/2945/656 
f 2307/3033/668 2309/3034/669 2273/2953/658 2269/2949/657 
f 2309/3034/669 2311/3035/670 2277/2957/659 2273/2953/658 
f 2311/3035/670 2313/3036/671 2281/2961/660 2277/2957/659 
f 2313/3036/671 2315/3037/672 2285/2965/661 2281/2961/660 
f 2315/3037/672 2317/3038/673 2289/2969/662 2285/2965/661 
f 2317/3038/673 2319/3039/674 2293/2973/663 2289/2969/662 
f 2293/2973/663 2319/3039/674 2165/2830/634 2198/2829/609 
f 2258/2938/27 2301/3040/26 2302/3041/31 2259/2939/6 
f 2259/2939/6 2345/3025/125 2346/3026/36 2260/2940/7 
f 2254/2934/42 2299/3042/39 2300/3043/39 2255/2935/42 
f 2264/2944/42 2304/3044/39 2299/3042/39 2254/2934/42 
f 2268/2948/42 2306/3045/39 2304/3044/39 2264/2944/42 
f 2272/2952/42 2308/3046/39 2306/3045/39 2268/2948/42 
f 2276/2956/42 2310/3047/39 2308/3046/39 2272/2952/42 
f 2280/2960/42 2312/3048/39 2310/3047/39 2276/2956/42 
f 2284/2964/42 2314/3049/39 2312/3048/39 2280/2960/42 
f 2288/2968/42 2316/3050/39 2314/3049/39 2284/2964/42 
f 2292/2972/42 2318/3051/39 2316/3050/39 2288/2968/42 
f 2296/2976/42 2320/3052/39 2318/3051/39 2292/2972/42 
f 2257/2937/5 2347/3053/685 2348/3054/29 2258/2938/27 
f 2252/2932/654 2321/3055/675 2322/3056/127 2249/2929/652 
f 2262/2942/655 2327/3057/676 2321/3055/675 2252/2932/654 
f 2266/2946/656 2329/3058/677 2327/3057/676 2262/2942/655 
f 2270/2950/657 2331/3059/678 2329/3058/677 2266/2946/656 
f 2274/2954/658 2333/3060/679 2331/3059/678 2270/2950/657 
f 2278/2958/659 2335/3061/680 2333/3060/679 2274/2954/658 
f 2282/2962/660 2337/3062/681 2335/3061/680 2278/2958/659 
f 2286/2966/661 2339/3063/682 2337/3062/681 2282/2962/660 
f 2290/2970/662 2341/3064/683 2339/3063/682 2286/2966/661 
f 2294/2974/664 2343/3065/684 2341/3064/683 2290/2970/662 
f 2260/2940/7 2323/3066/22 2324/3067/23 2257/2937/5 
f 2256/2936/622 2325/3068/168 2326/3069/168 2253/2933/42 
f 2253/2933/42 2326/3069/168 2328/3070/168 2263/2943/42 
f 2263/2943/42 2328/3070/168 2330/3071/168 2267/2947/42 
f 2267/2947/42 2330/3071/168 2332/3072/168 2271/2951/42 
f 2271/2951/42 2332/3072/168 2334/3073/168 2275/2955/42 
f 2275/2955/42 2334/3073/168 2336/3074/168 2279/2959/42 
f 2279/2959/42 2336/3074/168 2338/3075/168 2283/2963/42 
f 2283/2963/42 2338/3075/168 2340/3076/168 2287/2967/42 
f 2287/2967/42 2340/3076/168 2342/3077/168 2291/2971/42 
f 2291/2971/42 2342/3077/168 2344/3078/168 2295/2975/42 
f 2295/2975/42 2344/3078/168 2192/2870/168 2140/2760/42 
f 2259/2939/6 2302/3041/31 2349/3079/686 2345/3025/125 
f 2250/2930/653 2345/3025/125 2349/3079/686 2297/3029/223 
f 2207/2887/10 2297/2977/223 2349/3080/686 2302/2982/31 
f 2255/2935/42 2300/3043/39 2350/3081/687 2348/3028/29 
f 2258/2938/27 2348/3054/29 2350/3082/687 2301/3040/26 
f 2208/2888/10 2301/2981/26 2350/3083/687 2300/2980/39 
f 2227/2907/2 2323/3003/22 2351/3084/688 2322/3002/127 
f 2249/2929/652 2322/3056/127 2351/3085/688 2346/3026/36 
f 2260/2940/7 2346/3026/36 2351/3085/688 2323/3066/22 
f 2230/2910/2 2325/3005/168 2352/3086/689 2324/3004/23 
f 2257/2937/5 2324/3067/23 2352/3087/689 2347/3053/685 
f 2256/2936/622 2347/3027/685 2352/3088/689 2325/3068/168 
f 2191/2811/2 2193/2813/2 2248/2928/2 2247/2927/2 
f 2293/2973/663 2198/2829/609 2203/2881/609 2294/2974/664 
f 2320/3000/39 2204/2882/39 2068/2688/10 2225/2905/10 
f 2139/2759/622 2204/2883/39 2320/3052/39 2296/2976/42 
f 2294/2974/664 2203/2881/609 2190/2884/646 2343/3065/684 
f 2353/3089/9 2354/3090/9 2355/3091/9 2356/3092/9 
f 2357/3093/9 2353/3089/9 2356/3092/9 2358/3094/9 
f 2359/3095/9 2357/3093/9 2358/3094/9 2360/3096/9 
f 2361/3097/9 2359/3095/9 2360/3096/9 2362/3098/9 
f 2363/3099/9 2361/3097/9 2362/3098/9 2364/3100/9 
f 2365/3101/9 2363/3099/9 2364/3100/9 2366/3102/9 
f 2367/3103/9 2365/3101/9 2366/3102/9 2368/3104/9 
f 2369/3105/9 2367/3103/9 2368/3104/9 2370/3106/9 
f 2371/3107/9 2369/3105/9 2370/3106/9 2372/3108/9 
f 2373/3109/9 2371/3107/9 2372/3108/9 2374/3110/9 
f 2375/3111/9 2373/3109/9 2374/3110/9 2376/3112/9 
f 2377/3113/9 2375/3111/9 2376/3112/9 2378/3114/9 
f 2379/3115/9 2377/3113/9 2378/3114/9 2380/3116/9 
f 2381/3117/9 2379/3115/9 2380/3116/9 2382/3118/9 
f 2383/3119/9 2381/3117/9 2382/3118/9 2384/3120/9 
f 2385/3121/9 2383/3119/9 2384/3120/9 2386/3122/9 
f 2387/3123/9 2385/3121/9 2386/3122/9 2388/3124/9 
f 2389/3125/9 2387/3123/9 2388/3124/9 2390/3126/9 
f 2391/3127/9 2389/3125/9 2390/3126/9 2392/3128/9 
f 2393/3129/9 2391/3127/9 2392/3128/9 2394/3130/9 
f 2395/3131/9 2393/3129/9 2394/3130/9 2396/3132/9 
f 2397/3133/9 2395/3131/9 2396/3132/9 2398/3134/9 
f 2399/3135/9 2397/3133/9 2398/3134/9 2400/3136/9 
f 2401/3137/9 2399/3135/9 2400/3136/9 2402/3138/9 
f 2403/3139/9 2401/3137/9 2402/3138/9 2404/3140/9 
f 2405/3141/6 2406/3142/6 2407/3143/6 2408/3144/6 
f 2408/3144/6 2407/3143/6 2409/3145/6 2410/3146/6 
f 2410/3146/6 2409/3145/6 2411/3147/6 2412/3148/6 
f 2412/3148/6 2411/3147/6 2413/3149/6 2414/3150/6 
f 2414/3150/6 2413/3149/6 2415/3151/6 2416/3152/6 
f 2416/3152/6 2415/3151/6 2417/3153/6 2418/3154/6 
f 2418/3154/6 2417/3153/6 2419/3155/6 2420/3156/6 
f 2420/3156/6 2419/3155/6 2421/3157/6 2422/3158/6 
f 2422/3158/6 2421/3157/6 2423/3159/6 2424/3160/6 
f 2424/3160/6 2423/3159/6 2425/3161/6 2426/3162/6 
f 2426/3162/6 2425/3161/6 2427/3163/6 2428/3164/6 
f 2428/3164/6 2427/3163/6 2429/3165/6 2430/3166/6 
f 2430/3166/6 2429/3165/6 2431/3167/6 2432/3168/6 
f 2432/3168/6 2431/3167/6 2433/3169/6 2434/3170/6 
f 2434/3170/6 2433/3169/6 2435/3171/6 2436/3172/6 
f 2436/3172/6 2435/3171/6 2437/3173/6 2438/3174/6 
f 2438/3174/6 2437/3173/6 2439/3175/6 2440/3176/6 
f 2440/3176/6 2439/3175/6 2441/3177/6 2442/3178/6 
f 2442/3178/6 2441/3177/6 2443/3179/6 2444/3180/6 
f 2444/3180/6 2443/3179/6 2445/3181/6 2446/3182/6 
f 2446/3182/6 2445/3181/6 2447/3183/6 2448/3184/6 
f 2448/3184/6 2447/3183/6 2449/3185/6 2450/3186/6 
f 2450/3186/6 2449/3185/6 2451/3187/6 2452/3188/6 
f 2452/3188/6 2451/3187/6 2453/3189/6 2454/3190/6 
f 2454/3190/6 2453/3189/6 2455/3191/6 2456/3192/6 
f 2457/3193/652 2458/3194/690 2459/3195/690 2460/3196/37 
f 2461/3197/42 2462/3198/622 2463/3199/610 2464/3200/42 
f 2465/3201/1 2466/3202/2 2467/3203/4 2468/3204/3 
f 2458/3194/690 2469/3205/691 2470/3206/691 2459/3195/690 
f 2471/3207/42 2461/3197/42 2464/3200/42 2472/3208/42 
f 2469/3205/691 2473/3209/692 2474/3210/692 2470/3206/691 
f 2475/3211/42 2471/3207/42 2472/3208/42 2476/3212/42 
f 2473/3209/692 2477/3213/693 2478/3214/693 2474/3210/692 
f 2479/3215/42 2475/3211/42 2476/3212/42 2480/3216/42 
f 2477/3213/693 2481/3217/694 2482/3218/694 2478/3214/693 
f 2483/3219/42 2479/3215/42 2480/3216/42 2484/3220/42 
f 2481/3217/694 2485/3221/695 2486/3222/695 2482/3218/694 
f 2487/3223/42 2483/3219/42 2484/3220/42 2488/3224/42 
f 2485/3221/695 2489/3225/696 2490/3226/696 2486/3222/695 
f 2491/3227/42 2487/3223/42 2488/3224/42 2492/3228/42 
f 2489/3225/696 2493/3229/697 2494/3230/697 2490/3226/696 
f 2495/3231/42 2491/3227/42 2492/3228/42 2496/3232/42 
f 2493/3229/697 2497/3233/698 2498/3234/698 2494/3230/697 
f 2499/3235/42 2495/3231/42 2496/3232/42 2500/3236/42 
f 2497/3233/698 2501/3237/699 2502/3238/699 2498/3234/698 
f 2503/3239/42 2499/3235/42 2500/3236/42 2504/3240/42 
f 2501/3237/699 2505/3241/700 2506/3242/700 2502/3238/699 
f 2507/3243/42 2503/3239/42 2504/3240/42 2508/3244/42 
f 2505/3241/700 2509/3245/701 2510/3246/701 2506/3242/700 
f 2511/3247/42 2507/3243/42 2508/3244/42 2512/3248/42 
f 2509/3245/701 2513/3249/702 2514/3250/702 2510/3246/701 
f 2515/3251/42 2511/3247/42 2512/3248/42 2516/3252/42 
f 2513/3249/702 2517/3253/703 2518/3254/703 2514/3250/702 
f 2519/3255/42 2515/3251/42 2516/3252/42 2520/3256/42 
f 2517/3253/703 2521/3257/704 2522/3258/704 2518/3254/703 
f 2523/3259/42 2519/3255/42 2520/3256/42 2524/3260/42 
f 2521/3257/704 2525/3261/705 2526/3262/705 2522/3258/704 
f 2527/3263/42 2523/3259/42 2524/3260/42 2528/3264/42 
f 2525/3261/705 2529/3265/706 2530/3266/706 2526/3262/705 
f 2531/3267/42 2527/3263/42 2528/3264/42 2532/3268/42 
f 2529/3265/706 2533/3269/707 2534/3270/707 2530/3266/706 
f 2535/3271/42 2531/3267/42 2532/3268/42 2536/3272/42 
f 2533/3269/707 2537/3273/708 2538/3274/708 2534/3270/707 
f 2539/3275/42 2535/3271/42 2536/3272/42 2540/3276/42 
f 2537/3273/708 2541/3277/709 2542/3278/709 2538/3274/708 
f 2543/3279/42 2539/3275/42 2540/3276/42 2544/3280/42 
f 2541/3277/709 2545/3281/710 2546/3282/710 2542/3278/709 
f 2547/3283/42 2543/3279/42 2544/3280/42 2548/3284/42 
f 2545/3281/710 2549/3285/711 2550/3286/711 2546/3282/710 
f 2551/3287/42 2547/3283/42 2548/3284/42 2552/3288/42 
f 2549/3285/711 2553/3289/712 2554/3290/712 2550/3286/711 
f 2555/3291/42 2551/3287/42 2552/3288/42 2556/3292/42 
f 2553/3289/712 2557/3293/713 2558/3294/714 2554/3290/712 
f 2559/3295/42 2555/3291/42 2556/3292/42 2560/3296/42 
f 2557/3293/713 2561/3297/37 2562/3298/652 2558/3294/714 
f 2563/3299/42 2559/3295/42 2560/3296/42 2564/3300/42 
f 2565/3301/38 2566/3302/715 2356/3092/9 2355/3091/9 
f 2567/3303/43 2568/3304/647 2354/3090/9 2353/3089/9 
f 2569/3305/24 2570/3306/25 2355/3091/9 2354/3090/9 
f 2356/3092/9 2566/3302/715 2571/3307/716 2358/3094/9 
f 2572/3308/43 2567/3303/43 2353/3089/9 2357/3093/9 
f 2358/3094/9 2571/3307/716 2573/3309/717 2360/3096/9 
f 2574/3310/43 2572/3308/43 2357/3093/9 2359/3095/9 
f 2360/3096/9 2573/3309/717 2575/3311/718 2362/3098/9 
f 2576/3312/43 2574/3310/43 2359/3095/9 2361/3097/9 
f 2362/3098/9 2575/3311/718 2577/3313/719 2364/3100/9 
f 2578/3314/43 2576/3312/43 2361/3097/9 2363/3099/9 
f 2364/3100/9 2577/3313/719 2579/3315/720 2366/3102/9 
f 2580/3316/43 2578/3314/43 2363/3099/9 2365/3101/9 
f 2366/3102/9 2579/3315/720 2581/3317/721 2368/3104/9 
f 2582/3318/43 2580/3316/43 2365/3101/9 2367/3103/9 
f 2368/3104/9 2581/3317/721 2583/3319/722 2370/3106/9 
f 2584/3320/43 2582/3318/43 2367/3103/9 2369/3105/9 
f 2370/3106/9 2583/3319/722 2585/3321/723 2372/3108/9 
f 2586/3322/43 2584/3320/43 2369/3105/9 2371/3107/9 
f 2372/3108/9 2585/3321/723 2587/3323/724 2374/3110/9 
f 2588/3324/43 2586/3322/43 2371/3107/9 2373/3109/9 
f 2374/3110/9 2587/3323/724 2589/3325/725 2376/3112/9 
f 2590/3326/43 2588/3324/43 2373/3109/9 2375/3111/9 
f 2376/3112/9 2589/3325/725 2591/3327/726 2378/3114/9 
f 2592/3328/43 2590/3326/43 2375/3111/9 2377/3113/9 
f 2378/3114/9 2591/3327/726 2593/3329/727 2380/3116/9 
f 2594/3330/43 2592/3328/43 2377/3113/9 2379/3115/9 
f 2380/3116/9 2593/3329/727 2595/3331/728 2382/3118/9 
f 2596/3332/43 2594/3330/43 2379/3115/9 2381/3117/9 
f 2382/3118/9 2595/3331/728 2597/3333/729 2384/3120/9 
f 2598/3334/43 2596/3332/43 2381/3117/9 2383/3119/9 
f 2384/3120/9 2597/3333/729 2599/3335/730 2386/3122/9 
f 2600/3336/43 2598/3334/43 2383/3119/9 2385/3121/9 
f 2386/3122/9 2599/3335/730 2601/3337/731 2388/3124/9 
f 2602/3338/43 2600/3336/43 2385/3121/9 2387/3123/9 
f 2388/3124/9 2601/3337/731 2603/3339/732 2390/3126/9 
f 2604/3340/43 2602/3338/43 2387/3123/9 2389/3125/9 
f 2390/3126/9 2603/3339/732 2605/3341/733 2392/3128/9 
f 2606/3342/43 2604/3340/43 2389/3125/9 2391/3127/9 
f 2392/3128/9 2605/3341/733 2607/3343/734 2394/3130/9 
f 2608/3344/43 2606/3342/43 2391/3127/9 2393/3129/9 
f 2394/3130/9 2607/3343/734 2609/3345/735 2396/3132/9 
f 2610/3346/43 2608/3344/43 2393/3129/9 2395/3131/9 
f 2609/3345/735 2611/3347/736 2398/3134/9 2396/3132/9 
f 2612/3348/43 2610/3346/43 2395/3131/9 2397/3133/9 
f 2611/3347/736 2613/3349/737 2400/3136/9 2398/3134/9 
f 2614/3350/43 2612/3348/43 2397/3133/9 2399/3135/9 
f 2613/3349/737 2615/3351/738 2402/3138/9 2400/3136/9 
f 2616/3352/43 2614/3350/43 2399/3135/9 2401/3137/9 
f 2615/3351/738 2617/3353/739 2404/3140/9 2402/3138/9 
f 2618/3354/43 2616/3352/43 2401/3137/9 2403/3139/9 
f 2619/3355/740 2620/3356/36 2405/3141/6 2408/3144/6 
f 2621/3357/22 2622/3358/23 2406/3142/6 2405/3141/6 
f 2623/3359/685 2624/3360/29 2407/3143/6 2406/3142/6 
f 2625/3361/741 2619/3355/740 2408/3144/6 2410/3146/6 
f 2624/3360/29 2626/3362/29 2409/3145/6 2407/3143/6 
f 2627/3363/742 2625/3361/741 2410/3146/6 2412/3148/6 
f 2626/3362/29 2628/3364/29 2411/3147/6 2409/3145/6 
f 2629/3365/743 2627/3363/742 2412/3148/6 2414/3150/6 
f 2628/3364/29 2630/3366/29 2413/3149/6 2411/3147/6 
f 2631/3367/744 2629/3365/743 2414/3150/6 2416/3152/6 
f 2630/3366/29 2632/3368/29 2415/3151/6 2413/3149/6 
f 2633/3369/745 2631/3367/744 2416/3152/6 2418/3154/6 
f 2632/3368/29 2634/3370/29 2417/3153/6 2415/3151/6 
f 2635/3371/746 2633/3369/745 2418/3154/6 2420/3156/6 
f 2634/3370/29 2636/3372/29 2419/3155/6 2417/3153/6 
f 2637/3373/747 2635/3371/746 2420/3156/6 2422/3158/6 
f 2636/3372/29 2638/3374/29 2421/3157/6 2419/3155/6 
f 2639/3375/748 2637/3373/747 2422/3158/6 2424/3160/6 
f 2638/3374/29 2640/3376/29 2423/3159/6 2421/3157/6 
f 2641/3377/749 2639/3375/748 2424/3160/6 2426/3162/6 
f 2640/3376/29 2642/3378/29 2425/3161/6 2423/3159/6 
f 2643/3379/750 2641/3377/749 2426/3162/6 2428/3164/6 
f 2642/3378/29 2644/3380/29 2427/3163/6 2425/3161/6 
f 2645/3381/751 2643/3379/750 2428/3164/6 2430/3166/6 
f 2644/3380/29 2646/3382/29 2429/3165/6 2427/3163/6 
f 2647/3383/752 2645/3381/751 2430/3166/6 2432/3168/6 
f 2646/3382/29 2648/3384/29 2431/3167/6 2429/3165/6 
f 2649/3385/753 2647/3383/752 2432/3168/6 2434/3170/6 
f 2648/3384/29 2650/3386/29 2433/3169/6 2431/3167/6 
f 2651/3387/754 2649/3385/753 2434/3170/6 2436/3172/6 
f 2650/3386/29 2652/3388/29 2435/3171/6 2433/3169/6 
f 2653/3389/755 2651/3387/754 2436/3172/6 2438/3174/6 
f 2652/3388/29 2654/3390/29 2437/3173/6 2435/3171/6 
f 2655/3391/756 2653/3389/755 2438/3174/6 2440/3176/6 
f 2654/3390/29 2656/3392/29 2439/3175/6 2437/3173/6 
f 2657/3393/757 2655/3391/756 2440/3176/6 2442/3178/6 
f 2656/3392/29 2658/3394/29 2441/3177/6 2439/3175/6 
f 2659/3395/758 2657/3393/757 2442/3178/6 2444/3180/6 
f 2658/3394/29 2660/3396/29 2443/3179/6 2441/3177/6 
f 2661/3397/759 2659/3395/758 2444/3180/6 2446/3182/6 
f 2660/3396/29 2662/3398/29 2445/3181/6 2443/3179/6 
f 2663/3399/760 2661/3397/759 2446/3182/6 2448/3184/6 
f 2662/3398/29 2664/3400/29 2447/3183/6 2445/3181/6 
f 2665/3401/761 2663/3399/760 2448/3184/6 2450/3186/6 
f 2664/3400/29 2666/3402/29 2449/3185/6 2447/3183/6 
f 2667/3403/762 2665/3401/761 2450/3186/6 2452/3188/6 
f 2666/3402/29 2668/3404/29 2451/3187/6 2449/3185/6 
f 2669/3405/763 2667/3403/762 2452/3188/6 2454/3190/6 
f 2668/3404/29 2670/3406/29 2453/3189/6 2451/3187/6 
f 2671/3407/764 2669/3405/763 2454/3190/6 2456/3192/6 
f 2670/3406/29 2672/3408/29 2455/3191/6 2453/3189/6 
f 2673/3409/126 2674/3410/127 2457/3193/652 2460/3196/37 
f 2675/3411/168 2676/3412/636 2463/3199/610 2462/3198/622 
f 2460/3196/37 2459/3195/690 2566/3413/715 2565/3414/38 
f 2566/3413/715 2459/3195/690 2470/3206/691 2571/3415/716 
f 2571/3415/716 2470/3206/691 2474/3210/692 2573/3416/717 
f 2573/3416/717 2474/3210/692 2478/3214/693 2575/3417/718 
f 2575/3417/718 2478/3214/693 2482/3218/694 2577/3418/719 
f 2577/3418/719 2482/3218/694 2486/3222/695 2579/3419/720 
f 2579/3419/720 2486/3222/695 2490/3226/696 2581/3420/721 
f 2581/3420/721 2490/3226/696 2494/3230/697 2583/3421/722 
f 2583/3421/722 2494/3230/697 2498/3234/698 2585/3422/723 
f 2585/3422/723 2498/3234/698 2502/3238/699 2587/3423/724 
f 2587/3423/724 2502/3238/699 2506/3242/700 2589/3424/725 
f 2589/3424/725 2506/3242/700 2510/3246/701 2591/3425/726 
f 2591/3425/726 2510/3246/701 2514/3250/702 2593/3426/727 
f 2593/3426/727 2514/3250/702 2518/3254/703 2595/3427/728 
f 2595/3427/728 2518/3254/703 2522/3258/704 2597/3428/729 
f 2597/3428/729 2522/3258/704 2526/3262/705 2599/3429/730 
f 2599/3429/730 2526/3262/705 2530/3266/706 2601/3430/731 
f 2601/3430/731 2530/3266/706 2534/3270/707 2603/3431/732 
f 2603/3431/732 2534/3270/707 2538/3274/708 2605/3432/733 
f 2605/3432/733 2538/3274/708 2542/3278/709 2607/3433/734 
f 2607/3433/734 2542/3278/709 2546/3282/710 2609/3434/735 
f 2546/3282/710 2550/3286/711 2611/3435/736 2609/3434/735 
f 2550/3286/711 2554/3290/712 2613/3436/737 2611/3435/736 
f 2554/3290/712 2558/3294/714 2615/3437/738 2613/3436/737 
f 2558/3294/714 2562/3298/652 2617/3438/739 2615/3437/738 
f 2468/3204/3 2467/3203/4 2570/3439/25 2569/3440/24 
f 2467/3203/4 2466/3202/2 2674/3441/127 2673/3442/126 
f 2464/3200/42 2463/3199/610 2568/3443/647 2567/3444/43 
f 2472/3208/42 2464/3200/42 2567/3444/43 2572/3445/43 
f 2476/3212/42 2472/3208/42 2572/3445/43 2574/3446/43 
f 2480/3216/42 2476/3212/42 2574/3446/43 2576/3447/43 
f 2484/3220/42 2480/3216/42 2576/3447/43 2578/3448/43 
f 2488/3224/42 2484/3220/42 2578/3448/43 2580/3449/43 
f 2492/3228/42 2488/3224/42 2580/3449/43 2582/3450/43 
f 2496/3232/42 2492/3228/42 2582/3450/43 2584/3451/43 
f 2500/3236/42 2496/3232/42 2584/3451/43 2586/3452/43 
f 2504/3240/42 2500/3236/42 2586/3452/43 2588/3453/43 
f 2508/3244/42 2504/3240/42 2588/3453/43 2590/3454/43 
f 2512/3248/42 2508/3244/42 2590/3454/43 2592/3455/43 
f 2516/3252/42 2512/3248/42 2592/3455/43 2594/3456/43 
f 2520/3256/42 2516/3252/42 2594/3456/43 2596/3457/43 
f 2524/3260/42 2520/3256/42 2596/3457/43 2598/3458/43 
f 2528/3264/42 2524/3260/42 2598/3458/43 2600/3459/43 
f 2532/3268/42 2528/3264/42 2600/3459/43 2602/3460/43 
f 2536/3272/42 2532/3268/42 2602/3460/43 2604/3461/43 
f 2540/3276/42 2536/3272/42 2604/3461/43 2606/3462/43 
f 2544/3280/42 2540/3276/42 2606/3462/43 2608/3463/43 
f 2548/3284/42 2544/3280/42 2608/3463/43 2610/3464/43 
f 2552/3288/42 2548/3284/42 2610/3464/43 2612/3465/43 
f 2556/3292/42 2552/3288/42 2612/3465/43 2614/3466/43 
f 2560/3296/42 2556/3292/42 2614/3466/43 2616/3467/43 
f 2564/3300/42 2560/3296/42 2616/3467/43 2618/3468/43 
f 2465/3201/1 2468/3204/3 2676/3412/636 2675/3411/168 
f 2458/3194/690 2457/3193/652 2620/3469/36 2619/3470/740 
f 2469/3205/691 2458/3194/690 2619/3470/740 2625/3471/741 
f 2473/3209/692 2469/3205/691 2625/3471/741 2627/3472/742 
f 2477/3213/693 2473/3209/692 2627/3472/742 2629/3473/743 
f 2481/3217/694 2477/3213/693 2629/3473/743 2631/3474/744 
f 2485/3221/695 2481/3217/694 2631/3474/744 2633/3475/745 
f 2489/3225/696 2485/3221/695 2633/3475/745 2635/3476/746 
f 2493/3229/697 2489/3225/696 2635/3476/746 2637/3477/747 
f 2497/3233/698 2493/3229/697 2637/3477/747 2639/3478/748 
f 2501/3237/699 2497/3233/698 2639/3478/748 2641/3479/749 
f 2505/3241/700 2501/3237/699 2641/3479/749 2643/3480/750 
f 2509/3245/701 2505/3241/700 2643/3480/750 2645/3481/751 
f 2513/3249/702 2509/3245/701 2645/3481/751 2647/3482/752 
f 2517/3253/703 2513/3249/702 2647/3482/752 2649/3483/753 
f 2521/3257/704 2517/3253/703 2649/3483/753 2651/3484/754 
f 2525/3261/705 2521/3257/704 2651/3484/754 2653/3485/755 
f 2529/3265/706 2525/3261/705 2653/3485/755 2655/3486/756 
f 2533/3269/707 2529/3265/706 2655/3486/756 2657/3487/757 
f 2537/3273/708 2533/3269/707 2657/3487/757 2659/3488/758 
f 2541/3277/709 2537/3273/708 2659/3488/758 2661/3489/759 
f 2545/3281/710 2541/3277/709 2661/3489/759 2663/3490/760 
f 2549/3285/711 2545/3281/710 2663/3490/760 2665/3491/761 
f 2553/3289/712 2549/3285/711 2665/3491/761 2667/3492/762 
f 2557/3293/713 2553/3289/712 2667/3492/762 2669/3493/763 
f 2561/3297/37 2557/3293/713 2669/3493/763 2671/3494/764 
f 2466/3202/2 2465/3201/1 2622/3495/23 2621/3496/22 
f 2462/3198/622 2461/3197/42 2624/3497/29 2623/3498/685 
f 2461/3197/42 2471/3207/42 2626/3499/29 2624/3497/29 
f 2471/3207/42 2475/3211/42 2628/3500/29 2626/3499/29 
f 2475/3211/42 2479/3215/42 2630/3501/29 2628/3500/29 
f 2479/3215/42 2483/3219/42 2632/3502/29 2630/3501/29 
f 2483/3219/42 2487/3223/42 2634/3503/29 2632/3502/29 
f 2487/3223/42 2491/3227/42 2636/3504/29 2634/3503/29 
f 2491/3227/42 2495/3231/42 2638/3505/29 2636/3504/29 
f 2495/3231/42 2499/3235/42 2640/3506/29 2638/3505/29 
f 2499/3235/42 2503/3239/42 2642/3507/29 2640/3506/29 
f 2503/3239/42 2507/3243/42 2644/3508/29 2642/3507/29 
f 2507/3243/42 2511/3247/42 2646/3509/29 2644/3508/29 
f 2511/3247/42 2515/3251/42 2648/3510/29 2646/3509/29 
f 2515/3251/42 2519/3255/42 2650/3511/29 2648/3510/29 
f 2519/3255/42 2523/3259/42 2652/3512/29 2650/3511/29 
f 2523/3259/42 2527/3263/42 2654/3513/29 2652/3512/29 
f 2527/3263/42 2531/3267/42 2656/3514/29 2654/3513/29 
f 2531/3267/42 2535/3271/42 2658/3515/29 2656/3514/29 
f 2535/3271/42 2539/3275/42 2660/3516/29 2658/3515/29 
f 2539/3275/42 2543/3279/42 2662/3517/29 2660/3516/29 
f 2543/3279/42 2547/3283/42 2664/3518/29 2662/3517/29 
f 2547/3283/42 2551/3287/42 2666/3519/29 2664/3518/29 
f 2551/3287/42 2555/3291/42 2668/3520/29 2666/3519/29 
f 2555/3291/42 2559/3295/42 2670/3521/29 2668/3520/29 
f 2559/3295/42 2563/3299/42 2672/3522/29 2670/3521/29 
f 2467/3203/4 2673/3442/126 2677/3523/650 2570/3439/25 
f 2460/3196/37 2565/3414/38 2677/3524/650 2673/3409/126 
f 2355/3091/9 2570/3306/25 2677/3525/650 2565/3301/38 
f 2463/3199/610 2676/3412/636 2678/3526/651 2568/3443/647 
f 2468/3204/3 2569/3440/24 2678/3526/651 2676/3412/636 
f 2354/3090/9 2568/3304/647 2678/3527/651 2569/3305/24 
f 2405/3141/6 2620/3356/36 2679/3528/688 2621/3357/22 
f 2457/3193/652 2674/3410/127 2679/3529/688 2620/3469/36 
f 2466/3202/2 2621/3496/22 2679/3530/688 2674/3441/127 
f 2406/3142/6 2622/3358/23 2680/3531/689 2623/3359/685 
f 2465/3201/1 2675/3411/168 2680/3532/689 2622/3495/23 
f 2462/3198/622 2623/3498/685 2680/3532/689 2675/3411/168 
f 2681/3533/6 2682/3534/6 2683/3535/6 2684/3536/6 
f 2685/3537/6 2686/3538/6 2682/3534/6 2681/3533/6 
f 2687/3539/6 2688/3540/6 2686/3538/6 2685/3537/6 
f 2689/3541/6 2690/3542/6 2688/3540/6 2687/3539/6 
f 2691/3543/6 2692/3544/6 2690/3542/6 2689/3541/6 
f 2693/3545/6 2694/3546/6 2692/3544/6 2691/3543/6 
f 2695/3547/6 2696/3548/6 2694/3546/6 2693/3545/6 
f 2697/3549/6 2698/3550/6 2696/3548/6 2695/3547/6 
f 2699/3551/6 2700/3552/6 2698/3550/6 2697/3549/6 
f 2701/3553/6 2702/3554/6 2700/3552/6 2699/3551/6 
f 2703/3555/6 2704/3556/6 2702/3554/6 2701/3553/6 
f 2705/3557/6 2706/3558/6 2704/3556/6 2703/3555/6 
f 2707/3559/6 2708/3560/6 2706/3558/6 2705/3557/6 
f 2709/3561/6 2710/3562/6 2708/3560/6 2707/3559/6 
f 2711/3563/6 2712/3564/6 2710/3562/6 2709/3561/6 
f 2713/3565/6 2714/3566/6 2712/3564/6 2711/3563/6 
f 2715/3567/6 2716/3568/6 2714/3566/6 2713/3565/6 
f 2717/3569/6 2718/3570/6 2716/3568/6 2715/3567/6 
f 2719/3571/6 2720/3572/6 2718/3570/6 2717/3569/6 
f 2721/3573/6 2722/3574/6 2720/3572/6 2719/3571/6 
f 2723/3575/6 2724/3576/6 2722/3574/6 2721/3573/6 
f 2725/3577/6 2726/3578/6 2724/3576/6 2723/3575/6 
f 2727/3579/6 2728/3580/6 2726/3578/6 2725/3577/6 
f 2729/3581/6 2730/3582/6 2728/3580/6 2727/3579/6 
f 2731/3583/6 2732/3584/6 2730/3582/6 2729/3581/6 
f 2733/3585/9 2734/3586/9 2735/3587/9 2736/3588/9 
f 2734/3586/9 2737/3589/9 2738/3590/9 2735/3587/9 
f 2737/3589/9 2739/3591/9 2740/3592/9 2738/3590/9 
f 2739/3591/9 2741/3593/9 2742/3594/9 2740/3592/9 
f 2741/3593/9 2743/3595/9 2744/3596/9 2742/3594/9 
f 2743/3595/9 2745/3597/9 2746/3598/9 2744/3596/9 
f 2745/3597/9 2747/3599/9 2748/3600/9 2746/3598/9 
f 2747/3599/9 2749/3601/9 2750/3602/9 2748/3600/9 
f 2749/3601/9 2751/3603/9 2752/3604/9 2750/3602/9 
f 2751/3603/9 2753/3605/9 2754/3606/9 2752/3604/9 
f 2753/3605/9 2755/3607/9 2756/3608/9 2754/3606/9 
f 2755/3607/9 2757/3609/9 2758/3610/9 2756/3608/9 
f 2757/3609/9 2759/3611/9 2760/3612/9 2758/3610/9 
f 2759/3611/9 2761/3613/9 2762/3614/9 2760/3612/9 
f 2761/3613/9 2763/3615/9 2764/3616/9 2762/3614/9 
f 2763/3615/9 2765/3617/9 2766/3618/9 2764/3616/9 
f 2765/3617/9 2767/3619/9 2768/3620/9 2766/3618/9 
f 2767/3619/9 2769/3621/9 2770/3622/9 2768/3620/9 
f 2769/3621/9 2771/3623/9 2772/3624/9 2770/3622/9 
f 2771/3623/9 2773/3625/9 2774/3626/9 2772/3624/9 
f 2773/3625/9 2775/3627/9 2776/3628/9 2774/3626/9 
f 2775/3627/9 2777/3629/9 2778/3630/9 2776/3628/9 
f 2777/3629/9 2779/3631/9 2780/3632/9 2778/3630/9 
f 2779/3631/9 2781/3633/9 2782/3634/9 2780/3632/9 
f 2781/3633/9 2783/3635/9 2784/3636/9 2782/3634/9 
f 2785/3637/37 2786/3638/652 2787/3639/690 2788/3640/690 
f 2789/3641/42 2790/3642/42 2791/3643/622 2792/3644/610 
f 2793/3645/3 2794/3646/1 2795/3647/2 2796/3648/4 
f 2788/3640/690 2787/3639/690 2797/3649/691 2798/3650/691 
f 2799/3651/42 2800/3652/42 2790/3642/42 2789/3641/42 
f 2798/3650/691 2797/3649/691 2801/3653/692 2802/3654/692 
f 2803/3655/42 2804/3656/42 2800/3652/42 2799/3651/42 
f 2802/3654/692 2801/3653/692 2805/3657/693 2806/3658/693 
f 2807/3659/42 2808/3660/42 2804/3656/42 2803/3655/42 
f 2806/3658/693 2805/3657/693 2809/3661/694 2810/3662/694 
f 2811/3663/42 2812/3664/42 2808/3660/42 2807/3659/42 
f 2810/3662/694 2809/3661/694 2813/3665/695 2814/3666/695 
f 2815/3667/42 2816/3668/42 2812/3664/42 2811/3663/42 
f 2814/3666/695 2813/3665/695 2817/3669/696 2818/3670/696 
f 2819/3671/42 2820/3672/42 2816/3668/42 2815/3667/42 
f 2818/3670/696 2817/3669/696 2821/3673/697 2822/3674/697 
f 2823/3675/42 2824/3676/42 2820/3672/42 2819/3671/42 
f 2822/3674/697 2821/3673/697 2825/3677/698 2826/3678/698 
f 2827/3679/42 2828/3680/42 2824/3676/42 2823/3675/42 
f 2826/3678/698 2825/3677/698 2829/3681/699 2830/3682/699 
f 2831/3683/42 2832/3684/42 2828/3680/42 2827/3679/42 
f 2830/3682/699 2829/3681/699 2833/3685/700 2834/3686/700 
f 2835/3687/42 2836/3688/42 2832/3684/42 2831/3683/42 
f 2834/3686/700 2833/3685/700 2837/3689/701 2838/3690/701 
f 2839/3691/42 2840/3692/42 2836/3688/42 2835/3687/42 
f 2838/3690/701 2837/3689/701 2841/3693/702 2842/3694/702 
f 2843/3695/42 2844/3696/42 2840/3692/42 2839/3691/42 
f 2842/3694/702 2841/3693/702 2845/3697/703 2846/3698/703 
f 2847/3699/42 2848/3700/42 2844/3696/42 2843/3695/42 
f 2846/3698/703 2845/3697/703 2849/3701/704 2850/3702/704 
f 2851/3703/42 2852/3704/42 2848/3700/42 2847/3699/42 
f 2850/3702/704 2849/3701/704 2853/3705/705 2854/3706/705 
f 2855/3707/42 2856/3708/42 2852/3704/42 2851/3703/42 
f 2854/3706/705 2853/3705/705 2857/3709/706 2858/3710/706 
f 2859/3711/42 2860/3712/42 2856/3708/42 2855/3707/42 
f 2858/3710/706 2857/3709/706 2861/3713/707 2862/3714/707 
f 2863/3715/42 2864/3716/42 2860/3712/42 2859/3711/42 
f 2862/3714/707 2861/3713/707 2865/3717/708 2866/3718/708 
f 2867/3719/42 2868/3720/42 2864/3716/42 2863/3715/42 
f 2866/3718/708 2865/3717/708 2869/3721/709 2870/3722/709 
f 2871/3723/42 2872/3724/42 2868/3720/42 2867/3719/42 
f 2870/3722/709 2869/3721/709 2873/3725/710 2874/3726/710 
f 2875/3727/42 2876/3728/42 2872/3724/42 2871/3723/42 
f 2874/3726/710 2873/3725/710 2877/3729/711 2878/3730/711 
f 2879/3731/42 2880/3732/42 2876/3728/42 2875/3727/42 
f 2878/3730/711 2877/3729/711 2881/3733/712 2882/3734/712 
f 2883/3735/42 2884/3736/42 2880/3732/42 2879/3731/42 
f 2882/3734/712 2881/3733/712 2885/3737/713 2886/3738/714 
f 2887/3739/42 2888/3740/42 2884/3736/42 2883/3735/42 
f 2886/3738/714 2885/3737/713 2889/3741/609 2890/3742/653 
f 2891/3743/42 2892/3744/42 2888/3740/42 2887/3739/42 
f 2893/3745/36 2683/3535/6 2682/3534/6 2894/3746/740 
f 2895/3747/29 2681/3533/6 2684/3536/6 2896/3748/685 
f 2897/3749/23 2684/3536/6 2683/3535/6 2898/3750/22 
f 2682/3534/6 2686/3538/6 2899/3751/741 2894/3746/740 
f 2900/3752/29 2685/3537/6 2681/3533/6 2895/3747/29 
f 2686/3538/6 2688/3540/6 2901/3753/742 2899/3751/741 
f 2902/3754/29 2687/3539/6 2685/3537/6 2900/3752/29 
f 2688/3540/6 2690/3542/6 2903/3755/743 2901/3753/742 
f 2904/3756/29 2689/3541/6 2687/3539/6 2902/3754/29 
f 2690/3542/6 2692/3544/6 2905/3757/744 2903/3755/743 
f 2906/3758/29 2691/3543/6 2689/3541/6 2904/3756/29 
f 2692/3544/6 2694/3546/6 2907/3759/745 2905/3757/744 
f 2908/3760/29 2693/3545/6 2691/3543/6 2906/3758/29 
f 2694/3546/6 2696/3548/6 2909/3761/746 2907/3759/745 
f 2910/3762/29 2695/3547/6 2693/3545/6 2908/3760/29 
f 2696/3548/6 2698/3550/6 2911/3763/747 2909/3761/746 
f 2912/3764/29 2697/3549/6 2695/3547/6 2910/3762/29 
f 2698/3550/6 2700/3552/6 2913/3765/748 2911/3763/747 
f 2914/3766/29 2699/3551/6 2697/3549/6 2912/3764/29 
f 2700/3552/6 2702/3554/6 2915/3767/749 2913/3765/748 
f 2916/3768/29 2701/3553/6 2699/3551/6 2914/3766/29 
f 2702/3554/6 2704/3556/6 2917/3769/750 2915/3767/749 
f 2918/3770/29 2703/3555/6 2701/3553/6 2916/3768/29 
f 2704/3556/6 2706/3558/6 2919/3771/751 2917/3769/750 
f 2920/3772/29 2705/3557/6 2703/3555/6 2918/3770/29 
f 2706/3558/6 2708/3560/6 2921/3773/752 2919/3771/751 
f 2922/3774/29 2707/3559/6 2705/3557/6 2920/3772/29 
f 2708/3560/6 2710/3562/6 2923/3775/753 2921/3773/752 
f 2924/3776/29 2709/3561/6 2707/3559/6 2922/3774/29 
f 2710/3562/6 2712/3564/6 2925/3777/754 2923/3775/753 
f 2926/3778/29 2711/3563/6 2709/3561/6 2924/3776/29 
f 2712/3564/6 2714/3566/6 2927/3779/755 2925/3777/754 
f 2928/3780/29 2713/3565/6 2711/3563/6 2926/3778/29 
f 2714/3566/6 2716/3568/6 2929/3781/756 2927/3779/755 
f 2930/3782/29 2715/3567/6 2713/3565/6 2928/3780/29 
f 2716/3568/6 2718/3570/6 2931/3783/757 2929/3781/756 
f 2932/3784/29 2717/3569/6 2715/3567/6 2930/3782/29 
f 2718/3570/6 2720/3572/6 2933/3785/758 2931/3783/757 
f 2934/3786/29 2719/3571/6 2717/3569/6 2932/3784/29 
f 2720/3572/6 2722/3574/6 2935/3787/759 2933/3785/758 
f 2936/3788/29 2721/3573/6 2719/3571/6 2934/3786/29 
f 2722/3574/6 2724/3576/6 2937/3789/760 2935/3787/759 
f 2938/3790/29 2723/3575/6 2721/3573/6 2936/3788/29 
f 2937/3789/760 2724/3576/6 2726/3578/6 2939/3791/761 
f 2940/3792/29 2725/3577/6 2723/3575/6 2938/3790/29 
f 2939/3791/761 2726/3578/6 2728/3580/6 2941/3793/762 
f 2942/3794/29 2727/3579/6 2725/3577/6 2940/3792/29 
f 2941/3793/762 2728/3580/6 2730/3582/6 2943/3795/763 
f 2944/3796/29 2729/3581/6 2727/3579/6 2942/3794/29 
f 2943/3795/763 2730/3582/6 2732/3584/6 2945/3797/765 
f 2946/3798/29 2731/3583/6 2729/3581/6 2944/3796/29 
f 2947/3799/715 2734/3586/9 2733/3585/9 2948/3800/38 
f 2949/3801/25 2733/3585/9 2736/3588/9 2950/3802/24 
f 2951/3803/647 2736/3588/9 2735/3587/9 2952/3804/43 
f 2953/3805/716 2737/3589/9 2734/3586/9 2947/3799/715 
f 2952/3804/43 2735/3587/9 2738/3590/9 2954/3806/43 
f 2955/3807/717 2739/3591/9 2737/3589/9 2953/3805/716 
f 2954/3806/43 2738/3590/9 2740/3592/9 2956/3808/43 
f 2957/3809/718 2741/3593/9 2739/3591/9 2955/3807/717 
f 2956/3808/43 2740/3592/9 2742/3594/9 2958/3810/43 
f 2959/3811/719 2743/3595/9 2741/3593/9 2957/3809/718 
f 2958/3810/43 2742/3594/9 2744/3596/9 2960/3812/43 
f 2961/3813/720 2745/3597/9 2743/3595/9 2959/3811/719 
f 2960/3812/43 2744/3596/9 2746/3598/9 2962/3814/43 
f 2963/3815/721 2747/3599/9 2745/3597/9 2961/3813/720 
f 2962/3814/43 2746/3598/9 2748/3600/9 2964/3816/43 
f 2965/3817/722 2749/3601/9 2747/3599/9 2963/3815/721 
f 2964/3816/43 2748/3600/9 2750/3602/9 2966/3818/43 
f 2967/3819/723 2751/3603/9 2749/3601/9 2965/3817/722 
f 2966/3818/43 2750/3602/9 2752/3604/9 2968/3820/43 
f 2969/3821/724 2753/3605/9 2751/3603/9 2967/3819/723 
f 2968/3820/43 2752/3604/9 2754/3606/9 2970/3822/43 
f 2971/3823/725 2755/3607/9 2753/3605/9 2969/3821/724 
f 2970/3822/43 2754/3606/9 2756/3608/9 2972/3824/43 
f 2973/3825/726 2757/3609/9 2755/3607/9 2971/3823/725 
f 2972/3824/43 2756/3608/9 2758/3610/9 2974/3826/43 
f 2975/3827/727 2759/3611/9 2757/3609/9 2973/3825/726 
f 2974/3826/43 2758/3610/9 2760/3612/9 2976/3828/43 
f 2977/3829/728 2761/3613/9 2759/3611/9 2975/3827/727 
f 2976/3828/43 2760/3612/9 2762/3614/9 2978/3830/43 
f 2979/3831/729 2763/3615/9 2761/3613/9 2977/3829/728 
f 2978/3830/43 2762/3614/9 2764/3616/9 2980/3832/43 
f 2981/3833/730 2765/3617/9 2763/3615/9 2979/3831/729 
f 2980/3832/43 2764/3616/9 2766/3618/9 2982/3834/43 
f 2983/3835/731 2767/3619/9 2765/3617/9 2981/3833/730 
f 2982/3834/43 2766/3618/9 2768/3620/9 2984/3836/43 
f 2985/3837/732 2769/3621/9 2767/3619/9 2983/3835/731 
f 2984/3836/43 2768/3620/9 2770/3622/9 2986/3838/43 
f 2987/3839/733 2771/3623/9 2769/3621/9 2985/3837/732 
f 2986/3838/43 2770/3622/9 2772/3624/9 2988/3840/43 
f 2989/3841/734 2773/3625/9 2771/3623/9 2987/3839/733 
f 2988/3840/43 2772/3624/9 2774/3626/9 2990/3842/43 
f 2991/3843/735 2775/3627/9 2773/3625/9 2989/3841/734 
f 2990/3842/43 2774/3626/9 2776/3628/9 2992/3844/43 
f 2993/3845/736 2777/3629/9 2775/3627/9 2991/3843/735 
f 2992/3844/43 2776/3628/9 2778/3630/9 2994/3846/43 
f 2995/3847/737 2779/3631/9 2777/3629/9 2993/3845/736 
f 2994/3846/43 2778/3630/9 2780/3632/9 2996/3848/43 
f 2997/3849/738 2781/3633/9 2779/3631/9 2995/3847/737 
f 2996/3848/43 2780/3632/9 2782/3634/9 2998/3850/43 
f 2999/3851/766 2783/3635/9 2781/3633/9 2997/3849/738 
f 2998/3850/43 2782/3634/9 2784/3636/9 3000/3852/43 
f 3001/3853/127 2786/3638/652 2785/3637/37 3002/3854/126 
f 3003/3855/636 2792/3644/610 2791/3643/622 3004/3856/168 
f 2786/3638/652 2893/3857/36 2894/3858/740 2787/3639/690 
f 2894/3858/740 2899/3859/741 2797/3649/691 2787/3639/690 
f 2899/3859/741 2901/3860/742 2801/3653/692 2797/3649/691 
f 2901/3860/742 2903/3861/743 2805/3657/693 2801/3653/692 
f 2903/3861/743 2905/3862/744 2809/3661/694 2805/3657/693 
f 2905/3862/744 2907/3863/745 2813/3665/695 2809/3661/694 
f 2907/3863/745 2909/3864/746 2817/3669/696 2813/3665/695 
f 2909/3864/746 2911/3865/747 2821/3673/697 2817/3669/696 
f 2911/3865/747 2913/3866/748 2825/3677/698 2821/3673/697 
f 2913/3866/748 2915/3867/749 2829/3681/699 2825/3677/698 
f 2915/3867/749 2917/3868/750 2833/3685/700 2829/3681/699 
f 2917/3868/750 2919/3869/751 2837/3689/701 2833/3685/700 
f 2919/3869/751 2921/3870/752 2841/3693/702 2837/3689/701 
f 2921/3870/752 2923/3871/753 2845/3697/703 2841/3693/702 
f 2923/3871/753 2925/3872/754 2849/3701/704 2845/3697/703 
f 2925/3872/754 2927/3873/755 2853/3705/705 2849/3701/704 
f 2927/3873/755 2929/3874/756 2857/3709/706 2853/3705/705 
f 2929/3874/756 2931/3875/757 2861/3713/707 2857/3709/706 
f 2931/3875/757 2933/3876/758 2865/3717/708 2861/3713/707 
f 2933/3876/758 2935/3877/759 2869/3721/709 2865/3717/708 
f 2935/3877/759 2937/3878/760 2873/3725/710 2869/3721/709 
f 2873/3725/710 2937/3878/760 2939/3879/761 2877/3729/711 
f 2877/3729/711 2939/3879/761 2941/3880/762 2881/3733/712 
f 2881/3733/712 2941/3880/762 2943/3881/763 2885/3737/713 
f 2885/3737/713 2943/3881/763 2945/3882/765 2889/3741/609 
f 2794/3646/1 2897/3883/23 2898/3884/22 2795/3647/2 
f 2795/3647/2 3001/3853/127 3002/3854/126 2796/3648/4 
f 2790/3642/42 2895/3885/29 2896/3886/685 2791/3643/622 
f 2800/3652/42 2900/3887/29 2895/3885/29 2790/3642/42 
f 2804/3656/42 2902/3888/29 2900/3887/29 2800/3652/42 
f 2808/3660/42 2904/3889/29 2902/3888/29 2804/3656/42 
f 2812/3664/42 2906/3890/29 2904/3889/29 2808/3660/42 
f 2816/3668/42 2908/3891/29 2906/3890/29 2812/3664/42 
f 2820/3672/42 2910/3892/29 2908/3891/29 2816/3668/42 
f 2824/3676/42 2912/3893/29 2910/3892/29 2820/3672/42 
f 2828/3680/42 2914/3894/29 2912/3893/29 2824/3676/42 
f 2832/3684/42 2916/3895/29 2914/3894/29 2828/3680/42 
f 2836/3688/42 2918/3896/29 2916/3895/29 2832/3684/42 
f 2840/3692/42 2920/3897/29 2918/3896/29 2836/3688/42 
f 2844/3696/42 2922/3898/29 2920/3897/29 2840/3692/42 
f 2848/3700/42 2924/3899/29 2922/3898/29 2844/3696/42 
f 2852/3704/42 2926/3900/29 2924/3899/29 2848/3700/42 
f 2856/3708/42 2928/3901/29 2926/3900/29 2852/3704/42 
f 2860/3712/42 2930/3902/29 2928/3901/29 2856/3708/42 
f 2864/3716/42 2932/3903/29 2930/3902/29 2860/3712/42 
f 2868/3720/42 2934/3904/29 2932/3903/29 2864/3716/42 
f 2872/3724/42 2936/3905/29 2934/3904/29 2868/3720/42 
f 2876/3728/42 2938/3906/29 2936/3905/29 2872/3724/42 
f 2880/3732/42 2940/3907/29 2938/3906/29 2876/3728/42 
f 2884/3736/42 2942/3908/29 2940/3907/29 2880/3732/42 
f 2888/3740/42 2944/3909/29 2942/3908/29 2884/3736/42 
f 2892/3744/42 2946/3910/29 2944/3909/29 2888/3740/42 
f 2793/3645/3 3003/3911/636 3004/3912/168 2794/3646/1 
f 2788/3640/690 2947/3913/715 2948/3914/38 2785/3637/37 
f 2798/3650/691 2953/3915/716 2947/3913/715 2788/3640/690 
f 2802/3654/692 2955/3916/717 2953/3915/716 2798/3650/691 
f 2806/3658/693 2957/3917/718 2955/3916/717 2802/3654/692 
f 2810/3662/694 2959/3918/719 2957/3917/718 2806/3658/693 
f 2814/3666/695 2961/3919/720 2959/3918/719 2810/3662/694 
f 2818/3670/696 2963/3920/721 2961/3919/720 2814/3666/695 
f 2822/3674/697 2965/3921/722 2963/3920/721 2818/3670/696 
f 2826/3678/698 2967/3922/723 2965/3921/722 2822/3674/697 
f 2830/3682/699 2969/3923/724 2967/3922/723 2826/3678/698 
f 2834/3686/700 2971/3924/725 2969/3923/724 2830/3682/699 
f 2838/3690/701 2973/3925/726 2971/3924/725 2834/3686/700 
f 2842/3694/702 2975/3926/727 2973/3925/726 2838/3690/701 
f 2846/3698/703 2977/3927/728 2975/3926/727 2842/3694/702 
f 2850/3702/704 2979/3928/729 2977/3927/728 2846/3698/703 
f 2854/3706/705 2981/3929/730 2979/3928/729 2850/3702/704 
f 2858/3710/706 2983/3930/731 2981/3929/730 2854/3706/705 
f 2862/3714/707 2985/3931/732 2983/3930/731 2858/3710/706 
f 2866/3718/708 2987/3932/733 2985/3931/732 2862/3714/707 
f 2870/3722/709 2989/3933/734 2987/3932/733 2866/3718/708 
f 2874/3726/710 2991/3934/735 2989/3933/734 2870/3722/709 
f 2878/3730/711 2993/3935/736 2991/3934/735 2874/3726/710 
f 2882/3734/712 2995/3936/737 2993/3935/736 2878/3730/711 
f 2886/3738/714 2997/3937/738 2995/3936/737 2882/3734/712 
f 2890/3742/653 2999/3938/766 2997/3937/738 2886/3738/714 
f 2796/3648/4 2949/3939/25 2950/3940/24 2793/3645/3 
f 2792/3644/610 2951/3941/647 2952/3942/43 2789/3641/42 
f 2789/3641/42 2952/3942/43 2954/3943/43 2799/3651/42 
f 2799/3651/42 2954/3943/43 2956/3944/43 2803/3655/42 
f 2803/3655/42 2956/3944/43 2958/3945/43 2807/3659/42 
f 2807/3659/42 2958/3945/43 2960/3946/43 2811/3663/42 
f 2811/3663/42 2960/3946/43 2962/3947/43 2815/3667/42 
f 2815/3667/42 2962/3947/43 2964/3948/43 2819/3671/42 
f 2819/3671/42 2964/3948/43 2966/3949/43 2823/3675/42 
f 2823/3675/42 2966/3949/43 2968/3950/43 2827/3679/42 
f 2827/3679/42 2968/3950/43 2970/3951/43 2831/3683/42 
f 2831/3683/42 2970/3951/43 2972/3952/43 2835/3687/42 
f 2835/3687/42 2972/3952/43 2974/3953/43 2839/3691/42 
f 2839/3691/42 2974/3953/43 2976/3954/43 2843/3695/42 
f 2843/3695/42 2976/3954/43 2978/3955/43 2847/3699/42 
f 2847/3699/42 2978/3955/43 2980/3956/43 2851/3703/42 
f 2851/3703/42 2980/3956/43 2982/3957/43 2855/3707/42 
f 2855/3707/42 2982/3957/43 2984/3958/43 2859/3711/42 
f 2859/3711/42 2984/3958/43 2986/3959/43 2863/3715/42 
f 2863/3715/42 2986/3959/43 2988/3960/43 2867/3719/42 
f 2867/3719/42 2988/3960/43 2990/3961/43 2871/3723/42 
f 2871/3723/42 2990/3961/43 2992/3962/43 2875/3727/42 
f 2875/3727/42 2992/3962/43 2994/3963/43 2879/3731/42 
f 2879/3731/42 2994/3963/43 2996/3964/43 2883/3735/42 
f 2883/3735/42 2996/3964/43 2998/3965/43 2887/3739/42 
f 2887/3739/42 2998/3965/43 3000/3966/43 2891/3743/42 
f 2795/3647/2 2898/3884/22 3005/3967/688 3001/3853/127 
f 2786/3638/652 3001/3853/127 3005/3967/688 2893/3857/36 
f 2683/3535/6 2893/3745/36 3005/3968/688 2898/3750/22 
f 2791/3643/622 2896/3886/685 3006/3969/689 3004/3856/168 
f 2794/3646/1 3004/3912/168 3006/3970/689 2897/3883/23 
f 2684/3536/6 2897/3749/23 3006/3971/689 2896/3748/685 
f 2733/3585/9 2949/3801/25 3007/3972/650 2948/3800/38 
f 2785/3637/37 2948/3914/38 3007/3973/650 3002/3854/126 
f 2796/3648/4 3002/3854/126 3007/3973/650 2949/3939/25 
f 2736/3588/9 2951/3803/647 3008/3974/651 2950/3802/24 
f 2793/3645/3 2950/3940/24 3008/3975/651 3003/3911/636 
f 2792/3644/610 3003/3855/636 3008/3976/651 2951/3941/647 
f 3009/3977/119 3010/3978/767 3011/3979/134 3012/3980/128 
f 3013/3981/120 3014/3982/130 3011/3983/134 3010/3984/767 
f 3015/3985/121 3012/3986/128 3011/3987/134 3014/3988/130 
f 3012/3986/128 3015/3985/121 3016/3989/112 3017/3990/127 
f 3009/3977/119 3012/3980/128 3017/3991/127 3018/3992/115 
f 3016/3989/112 3015/3985/121 3019/3993/110 3020/3994/37 
f 3014/3982/130 3013/3981/120 3021/3995/114 3022/3996/36 
f 3015/3985/121 3014/3988/130 3022/3997/36 3019/3993/110 
f 3021/3995/114 3013/3981/120 3023/3998/15 3024/3999/27 
f 3010/3978/767 3009/3977/119 3025/4000/19 3026/4001/23 
f 3013/3981/120 3010/3984/767 3026/4002/23 3023/3998/15 
f 3009/3977/119 3018/3992/115 3027/4003/2 3025/4000/19 
f 3024/3999/27 3023/3998/15 3028/4004/15 3029/4005/27 
f 3030/4006/768 3031/4007/769 3032/4008/770 3033/4009/771 
f 3034/4010/772 3033/4011/771 3032/4012/770 3035/4013/773 
f 3036/4014/774 3035/4015/773 3032/4016/770 3031/4017/769 
f 3037/4018/168 3038/4019/775 3039/4020/776 3040/4021/636 
f 3041/4022/777 3037/4023/168 3040/4024/636 3042/4025/777 
f 3031/4017/769 3040/4021/636 3039/4020/776 3036/4014/774 
f 3030/4006/768 3042/4025/777 3040/4024/636 3031/4007/769 
f 3039/4020/776 3043/4026/42 3044/4027/778 3036/4014/774 
f 3035/4013/773 3045/4028/685 3046/4029/779 3034/4010/772 
f 3036/4014/774 3044/4027/778 3045/4030/685 3035/4015/773 
f 3046/4029/779 3029/4005/27 3028/4004/15 3034/4010/772 
f 3033/4009/771 3047/4031/22 3048/4032/18 3030/4006/768 
f 3034/4010/772 3028/4004/15 3047/4033/22 3033/4011/771 
f 3030/4006/768 3048/4032/18 3049/4034/2 3042/4025/777 
f 3025/4000/19 3048/4032/18 3047/4031/22 3026/4001/23 
f 3026/4002/23 3047/4033/22 3028/4004/15 3023/3998/15 
f 3027/4003/2 3049/4034/2 3048/4032/18 3025/4000/19 
f 3022/3996/36 3021/3995/114 3050/4035/114 3051/4036/36 
f 3022/3997/36 3051/4037/36 3052/4038/110 3019/3993/110 
f 3024/3999/27 3053/4039/27 3050/4035/114 3021/3995/114 
f 3044/4027/778 3043/4026/42 3054/4040/42 3055/4041/780 
f 3046/4029/779 3045/4028/685 3056/4042/29 3057/4043/779 
f 3018/3992/115 3058/4044/115 3059/4045/2 3027/4003/2 
f 3016/3989/112 3020/3994/37 3060/4046/37 3061/4047/112 
f 3049/4034/2 3027/4003/2 3059/4045/2 3062/4048/2 
f 3042/4025/777 3049/4034/2 3062/4048/2 3041/4022/777 
f 3043/4026/42 3039/4020/776 3038/4019/775 3063/4049/42 
f 3064/4050/122 3065/4051/781 3066/4052/782 3067/4053/131 
f 3068/4054/124 3067/4055/131 3066/4056/782 3069/4057/783 
f 3070/4058/123 3069/4059/783 3066/4060/782 3065/4061/781 
f 3017/3990/127 3016/3989/112 3061/4047/112 3071/4062/127 
f 3018/3992/115 3017/3991/127 3071/4063/127 3058/4044/115 
f 3065/4061/781 3071/4062/127 3061/4047/112 3070/4058/123 
f 3064/4050/122 3058/4044/115 3071/4063/127 3065/4051/781 
f 3061/4047/112 3060/4046/37 3072/4064/111 3070/4058/123 
f 3069/4057/783 3073/4065/38 3074/4066/118 3068/4054/124 
f 3070/4058/123 3072/4064/111 3073/4067/38 3069/4059/783 
f 3074/4066/118 3075/4068/9 3076/4069/20 3068/4054/124 
f 3067/4053/131 3077/4070/25 3078/4071/17 3064/4050/122 
f 3068/4054/124 3076/4069/20 3077/4072/25 3067/4055/131 
f 3064/4050/122 3078/4071/17 3059/4045/2 3058/4044/115 
f 3075/4068/9 3079/4073/9 3080/4074/20 3076/4069/20 
f 3081/4075/784 3082/4076/785 3083/4077/651 3084/4078/786 
f 3085/4079/787 3086/4080/788 3083/4081/651 3082/4082/785 
f 3087/4083/789 3084/4084/786 3083/4085/651 3086/4086/788 
f 3084/4084/786 3087/4083/789 3038/4019/775 3037/4018/168 
f 3081/4075/784 3084/4078/786 3037/4023/168 3041/4022/777 
f 3038/4019/775 3087/4083/789 3088/4087/790 3063/4049/42 
f 3086/4080/788 3085/4079/787 3089/4088/791 3090/4089/43 
f 3087/4083/789 3086/4086/788 3090/4090/43 3088/4087/790 
f 3089/4088/791 3085/4079/787 3080/4074/20 3079/4073/9 
f 3082/4076/785 3081/4075/784 3091/4091/17 3092/4092/25 
f 3085/4079/787 3082/4082/785 3092/4093/25 3080/4074/20 
f 3081/4075/784 3041/4022/777 3062/4048/2 3091/4091/17 
f 3075/4068/9 3093/4094/9 3094/4095/9 3079/4073/9 
f 3078/4071/17 3077/4070/25 3092/4092/25 3091/4091/17 
f 3077/4072/25 3076/4069/20 3080/4074/20 3092/4093/25 
f 3059/4045/2 3078/4071/17 3091/4091/17 3062/4048/2 
f 3095/4096/14 3096/4097/6 3097/4098/6 3098/4099/15 
f 3099/4100/19 3100/4101/22 3101/4102/23 3102/4103/19 
f 3095/4096/14 3098/4099/15 3101/4102/23 3100/4101/22 
f 3103/4104/119 3104/4105/129 3105/4106/134 3106/4107/128 
f 3107/4108/120 3108/4109/130 3105/4106/134 3104/4105/129 
f 3109/4110/121 3106/4107/128 3105/4106/134 3108/4109/130 
f 3110/4111/157 3111/4112/6 3112/4113/6 3113/4114/156 
f 3114/4115/37 3115/4116/37 3116/4117/110 3117/4118/110 
f 3118/4119/161 3119/4120/31 3120/4121/31 3121/4122/160 
f 3122/4123/36 3123/4124/125 3124/4125/113 3125/4126/114 
f 3122/4123/36 3117/4118/110 3116/4117/110 3123/4124/125 
f 3119/4120/31 3110/4111/157 3113/4114/156 3120/4121/31 
f 3126/4127/217 3127/4128/224 3128/4129/230 3129/4130/225 
f 3130/4131/218 3129/4130/225 3128/4129/230 3131/4132/226 
f 3132/4133/219 3131/4132/226 3128/4129/230 3127/4128/224 
f 3133/4134/127 3134/4135/112 3135/4136/109 3136/4137/126 
f 3133/4134/127 3136/4137/126 3137/4138/115 3138/4139/115 
f 3139/4140/214 3140/4141/223 3141/4142/32 3142/4143/212 
f 3143/4144/215 3144/4145/215 3141/4142/32 3140/4141/223 
f 3145/4146/2 3146/4147/2 3138/4148/115 3137/4149/115 
f 3147/4150/20 3148/4151/13 3149/4152/12 3150/4153/21 
f 3151/4154/37 3152/4155/37 3153/4156/111 3154/4157/111 
f 3155/4158/17 3156/4159/25 3157/4160/24 3158/4161/17 
f 3156/4159/25 3147/4150/20 3150/4153/21 3157/4160/24 
f 3159/4162/122 3160/4163/132 3161/4164/792 3162/4165/131 
f 3163/4166/124 3162/4165/131 3161/4164/792 3164/4167/133 
f 3165/4168/123 3164/4167/133 3161/4164/792 3160/4163/132 
f 3166/4169/10 3167/4170/10 3144/4171/215 3143/4172/215 
f 3168/4173/162 3169/4174/12 3170/4175/12 3171/4176/162 
f 3172/4177/158 3173/4178/44 3174/4179/44 3175/4180/159 
f 3176/4181/153 3177/4182/38 3178/4183/118 3179/4184/117 
f 3176/4181/153 3154/4157/111 3153/4156/111 3177/4182/38 
f 3168/4173/162 3171/4176/162 3174/4185/44 3173/4186/44 
f 3180/4187/220 3181/4188/227 3182/4189/793 3183/4190/228 
f 3184/4191/222 3185/4192/229 3182/4189/793 3181/4188/227 
f 3186/4193/221 3183/4190/228 3182/4189/793 3185/4192/229 
f 3099/4100/19 3102/4103/19 3146/4147/2 3187/4194/2 
f 3106/4107/128 3109/4110/121 3134/4135/112 3133/4134/127 
f 3103/4104/119 3106/4107/128 3133/4134/127 3138/4139/115 
f 3126/4195/217 3118/4119/161 3166/4169/10 3143/4172/215 
f 3132/4133/219 3127/4128/224 3140/4141/223 3139/4140/214 
f 3127/4128/224 3126/4127/217 3143/4144/215 3140/4141/223 
f 3159/4196/122 3155/4158/17 3145/4146/2 3137/4149/115 
f 3165/4168/123 3160/4163/132 3136/4137/126 3135/4136/109 
f 3160/4163/132 3159/4162/122 3137/4138/115 3136/4137/126 
f 3172/4177/158 3175/4180/159 3167/4170/10 3188/4197/10 
f 3115/4116/37 3114/4115/37 3152/4155/37 3151/4154/37 
f 3183/4190/228 3186/4193/221 3142/4143/212 3141/4142/32 
f 3180/4187/220 3183/4190/228 3141/4142/32 3144/4145/215 
f 3134/4135/112 3109/4110/121 3116/4117/110 3115/4116/37 
f 3108/4109/130 3107/4108/120 3124/4125/113 3123/4124/125 
f 3109/4110/121 3108/4109/130 3123/4124/125 3116/4117/110 
f 3165/4168/123 3135/4136/109 3151/4154/37 3154/4157/111 
f 3163/4166/124 3164/4167/133 3176/4181/153 3179/4184/117 
f 3164/4167/133 3165/4168/123 3154/4157/111 3176/4181/153 
f 3135/4136/109 3134/4135/112 3115/4116/37 3151/4154/37 
f 3124/4198/113 3097/4098/6 3111/4112/6 3125/4199/114 
f 3132/4133/219 3139/4140/214 3114/4115/37 3117/4118/110 
f 3130/4131/218 3131/4132/226 3122/4123/36 3125/4126/114 
f 3131/4132/226 3132/4133/219 3117/4118/110 3122/4123/36 
f 3149/4152/12 3148/4151/13 3170/4175/12 3169/4174/12 
f 3142/4143/212 3186/4193/221 3153/4156/111 3152/4155/37 
f 3185/4192/229 3184/4191/222 3178/4183/118 3177/4182/38 
f 3186/4193/221 3185/4192/229 3177/4182/38 3153/4156/111 
f 3114/4115/37 3139/4140/214 3142/4143/212 3152/4155/37 
f 3189/4200/42 3190/4201/42 3191/4202/42 3192/4203/42 
f 3193/4204/42 3194/4205/42 3190/4201/42 3189/4200/42 
f 3195/4206/42 3196/4207/42 3197/4208/42 3198/4209/42 
f 3190/4201/42 3199/4210/42 3200/4211/42 3191/4202/42 
f 3201/4212/42 3202/4213/42 3203/4214/42 3204/4215/42 
f 3190/4201/42 3194/4205/42 3205/4216/42 3199/4210/42 
f 3206/4217/42 3203/4214/42 3202/4213/42 3207/4218/42 
f 3208/4219/42 3209/4220/42 3210/4221/42 3211/4222/622 
f 3195/4206/42 3198/4209/42 3212/4223/42 3213/4224/622 
f 3214/4225/42 3215/4226/42 3206/4217/42 3207/4218/42 
f 3216/4227/42 3217/4228/42 3194/4205/42 3193/4204/42 
f 3217/4228/42 3218/4229/42 3205/4216/42 3194/4205/42 
f 3201/4212/42 3204/4215/42 3210/4221/42 3209/4220/42 
f 3192/4203/42 3191/4202/42 3198/4209/42 3197/4208/42 
f 3191/4202/42 3200/4211/42 3212/4223/42 3198/4209/42 
f 3219/4230/42 3220/4231/42 3205/4216/42 3218/4229/42 
f 3220/4231/42 3221/4232/42 3199/4210/42 3205/4216/42 
f 3221/4232/42 3222/4233/42 3200/4211/42 3199/4210/42 
f 3222/4233/42 3223/4234/42 3212/4223/42 3200/4211/42 
f 3212/4223/42 3223/4234/42 3224/4235/42 3213/4224/622 
f 3216/4227/42 3193/4204/42 3206/4217/42 3215/4226/42 
f 3193/4204/42 3189/4200/42 3203/4214/42 3206/4217/42 
f 3189/4200/42 3192/4203/42 3204/4215/42 3203/4214/42 
f 3192/4203/42 3197/4208/42 3210/4221/42 3204/4215/42 
f 3197/4208/42 3196/4207/42 3211/4222/622 3210/4221/42 
f 3225/4236/29 3226/4237/794 3218/4229/42 3217/4228/42 
f 3226/4237/794 3227/4238/795 3219/4230/42 3218/4229/42 
f 3227/4238/795 3228/4239/796 3220/4231/42 3219/4230/42 
f 3228/4239/796 3229/4240/168 3221/4232/42 3220/4231/42 
f 3229/4240/168 3230/4241/168 3222/4233/42 3221/4232/42 
f 3230/4241/168 3231/4242/797 3223/4234/42 3222/4233/42 
f 3231/4242/797 3232/4243/798 3224/4235/42 3223/4234/42 
f 3232/4243/798 3233/4244/799 3213/4224/622 3224/4235/42 
f 3233/4244/799 3234/4245/43 3195/4206/42 3213/4224/622 
f 3234/4245/43 3235/4246/43 3196/4207/42 3195/4206/42 
f 3235/4246/43 3236/4247/800 3211/4222/622 3196/4207/42 
f 3236/4247/800 3237/4248/801 3208/4219/42 3211/4222/622 
f 3237/4248/801 3238/4249/802 3209/4220/42 3208/4219/42 
f 3238/4249/802 3239/4250/39 3201/4212/42 3209/4220/42 
f 3239/4250/39 3240/4251/39 3202/4213/42 3201/4212/42 
f 3240/4251/39 3241/4252/803 3207/4218/42 3202/4213/42 
f 3241/4252/803 3242/4253/804 3214/4225/42 3207/4218/42 
f 3242/4253/804 3243/4254/805 3215/4226/42 3214/4225/42 
f 3243/4254/805 3244/4255/29 3216/4227/42 3215/4226/42 
f 3244/4255/29 3225/4236/29 3217/4228/42 3216/4227/42 
f 3226/4256/794 3225/4257/29 3096/4097/6 3095/4096/14 
f 3228/4258/796 3227/4259/795 3100/4101/22 3099/4100/19 
f 3227/4259/795 3226/4256/794 3095/4096/14 3100/4101/22 
f 3241/4260/803 3240/4261/39 3245/4262/10 3121/4122/160 
f 3242/4263/804 3241/4260/803 3121/4122/160 3120/4121/31 
f 3243/4264/805 3242/4263/804 3120/4121/31 3113/4114/156 
f 3231/4265/797 3230/4266/168 3246/4267/2 3158/4161/17 
f 3232/4268/798 3231/4265/797 3158/4161/17 3157/4160/24 
f 3233/4269/799 3232/4268/798 3157/4160/24 3150/4153/21 
f 3236/4270/800 3235/4271/43 3169/4174/12 3168/4173/162 
f 3238/4272/802 3237/4273/801 3173/4178/44 3172/4177/158 
f 3237/4274/801 3236/4270/800 3168/4173/162 3173/4186/44 
f 3229/4275/168 3228/4258/796 3099/4100/19 3187/4194/2 
f 3240/4261/39 3239/4276/39 3188/4197/10 3245/4262/10 
f 3230/4266/168 3229/4275/168 3187/4194/2 3246/4267/2 
f 3239/4276/39 3238/4272/802 3172/4177/158 3188/4197/10 
f 3225/4257/29 3244/4277/29 3112/4113/6 3096/4097/6 
f 3234/4278/43 3233/4269/799 3150/4153/21 3149/4152/12 
f 3244/4277/29 3243/4264/805 3113/4114/156 3112/4113/6 
f 3235/4271/43 3234/4278/43 3149/4152/12 3169/4174/12 
f 3124/4198/113 3107/4279/120 3098/4099/15 3097/4098/6 
f 3104/4280/129 3103/4281/119 3102/4103/19 3101/4102/23 
f 3107/4279/120 3104/4280/129 3101/4102/23 3098/4099/15 
f 3130/4282/218 3125/4199/114 3111/4112/6 3110/4111/157 
f 3126/4195/217 3129/4283/225 3119/4120/31 3118/4119/161 
f 3129/4283/225 3130/4282/218 3110/4111/157 3119/4120/31 
f 3145/4146/2 3246/4267/2 3187/4194/2 3146/4147/2 
f 3163/4284/124 3179/4285/117 3148/4151/13 3147/4150/20 
f 3159/4196/122 3162/4286/131 3156/4159/25 3155/4158/17 
f 3162/4286/131 3163/4284/124 3147/4150/20 3156/4159/25 
f 3166/4169/10 3245/4262/10 3188/4197/10 3167/4170/10 
f 3178/4287/118 3184/4288/222 3171/4176/162 3170/4175/12 
f 3181/4289/227 3180/4290/220 3175/4180/159 3174/4179/44 
f 3184/4288/222 3181/4291/227 3174/4185/44 3171/4176/162 
f 3103/4281/119 3138/4148/115 3146/4147/2 3102/4103/19 
f 3121/4122/160 3245/4262/10 3166/4169/10 3118/4119/161 
f 3158/4161/17 3246/4267/2 3145/4146/2 3155/4158/17 
f 3180/4290/220 3144/4171/215 3167/4170/10 3175/4180/159 
f 3097/4098/6 3096/4097/6 3112/4113/6 3111/4112/6 
f 3179/4285/117 3178/4287/118 3170/4175/12 3148/4151/13 
f 3247/4292/21 3248/4293/21 3249/4294/9 3250/4295/9 
f 3251/4296/17 3252/4297/17 3253/4298/24 3254/4299/25 
f 3247/4292/21 3254/4299/25 3253/4298/24 3248/4293/21 
f 3255/4300/122 3256/4301/132 3257/4302/792 3258/4303/131 
f 3259/4304/124 3258/4303/131 3257/4302/792 3260/4305/133 
f 3261/4306/123 3260/4305/133 3257/4302/792 3256/4301/132 
f 3262/4307/162 3263/4308/162 3264/4309/9 3265/4310/9 
f 3266/4311/37 3267/4312/111 3268/4313/111 3269/4314/37 
f 3270/4315/158 3271/4316/159 3272/4317/44 3273/4318/44 
f 3274/4319/38 3275/4320/118 3276/4321/118 3277/4322/38 
f 3274/4319/38 3277/4322/38 3268/4313/111 3267/4312/111 
f 3273/4318/44 3272/4317/44 3263/4308/162 3262/4307/162 
f 3278/4323/220 3279/4324/227 3280/4325/231 3281/4326/228 
f 3282/4327/222 3283/4328/229 3280/4325/231 3279/4324/227 
f 3284/4329/221 3281/4326/228 3280/4325/231 3283/4328/229 
f 3285/4330/126 3286/4331/127 3287/4332/112 3288/4333/109 
f 3285/4330/126 3289/4334/115 3290/4335/116 3286/4331/127 
f 3291/4336/212 3292/4337/214 3293/4338/32 3294/4339/32 
f 3295/4340/215 3294/4339/32 3293/4338/32 3296/4341/215 
f 3297/4342/2 3290/4343/116 3289/4344/115 3298/4345/2 
f 3299/4346/15 3300/4347/15 3301/4348/6 3302/4349/6 
f 3303/4350/37 3304/4351/110 3305/4352/110 3306/4353/37 
f 3307/4354/19 3308/4355/19 3309/4356/22 3310/4357/23 
f 3310/4357/23 3309/4356/22 3300/4347/15 3299/4346/15 
f 3311/4358/119 3312/4359/129 3313/4360/134 3314/4361/128 
f 3315/4362/120 3316/4363/130 3313/4360/134 3312/4359/129 
f 3317/4364/121 3314/4361/128 3313/4360/134 3316/4363/130 
f 3318/4365/10 3295/4366/215 3296/4367/215 3319/4368/10 
f 3320/4369/157 3321/4370/157 3322/4371/6 3323/4372/6 
f 3324/4373/161 3325/4374/160 3326/4375/26 3327/4376/26 
f 3328/4377/36 3329/4378/114 3330/4379/114 3331/4380/36 
f 3328/4377/36 3331/4380/36 3305/4352/110 3304/4351/110 
f 3320/4369/157 3327/4381/26 3326/4382/26 3321/4370/157 
f 3332/4383/217 3333/4384/224 3334/4385/230 3335/4386/225 
f 3336/4387/218 3335/4386/225 3334/4385/230 3337/4388/226 
f 3338/4389/219 3337/4388/226 3334/4385/230 3333/4384/224 
f 3251/4296/17 3339/4390/2 3298/4345/2 3252/4297/17 
f 3256/4301/132 3285/4330/126 3288/4333/109 3261/4306/123 
f 3255/4300/122 3289/4334/115 3285/4330/126 3256/4301/132 
f 3278/4391/220 3295/4366/215 3318/4365/10 3270/4315/158 
f 3284/4329/221 3291/4336/212 3294/4339/32 3281/4326/228 
f 3281/4326/228 3294/4339/32 3295/4340/215 3278/4323/220 
f 3311/4392/119 3290/4343/116 3297/4342/2 3307/4354/19 
f 3317/4364/121 3287/4332/112 3286/4331/127 3314/4361/128 
f 3314/4361/128 3286/4331/127 3290/4335/116 3311/4358/119 
f 3324/4373/161 3340/4393/10 3319/4368/10 3325/4374/160 
f 3269/4314/37 3303/4350/37 3306/4353/37 3266/4311/37 
f 3333/4384/224 3293/4338/32 3292/4337/214 3338/4389/219 
f 3332/4383/217 3296/4341/215 3293/4338/32 3333/4384/224 
f 3288/4333/109 3269/4314/37 3268/4313/111 3261/4306/123 
f 3260/4305/133 3277/4322/38 3276/4321/118 3259/4304/124 
f 3261/4306/123 3268/4313/111 3277/4322/38 3260/4305/133 
f 3317/4364/121 3304/4351/110 3303/4350/37 3287/4332/112 
f 3315/4362/120 3329/4378/114 3328/4377/36 3316/4363/130 
f 3316/4363/130 3328/4377/36 3304/4351/110 3317/4364/121 
f 3287/4332/112 3303/4350/37 3269/4314/37 3288/4333/109 
f 3276/4394/118 3275/4395/118 3265/4310/9 3249/4294/9 
f 3284/4329/221 3267/4312/111 3266/4311/37 3291/4336/212 
f 3282/4327/222 3275/4320/118 3274/4319/38 3283/4328/229 
f 3283/4328/229 3274/4319/38 3267/4312/111 3284/4329/221 
f 3301/4348/6 3323/4372/6 3322/4371/6 3302/4349/6 
f 3292/4337/214 3306/4353/37 3305/4352/110 3338/4389/219 
f 3337/4388/226 3331/4380/36 3330/4379/114 3336/4387/218 
f 3338/4389/219 3305/4352/110 3331/4380/36 3337/4388/226 
f 3266/4311/37 3306/4353/37 3292/4337/214 3291/4336/212 
f 3341/4396/611 3342/4397/611 3343/4398/610 3344/4399/611 
f 3345/4400/42 3341/4396/611 3344/4399/611 3346/4401/42 
f 3347/4402/42 3348/4403/42 3349/4404/42 3350/4405/42 
f 3344/4399/611 3343/4398/610 3351/4406/611 3352/4407/611 
f 3353/4408/610 3354/4409/610 3355/4410/610 3356/4411/611 
f 3344/4399/611 3352/4407/611 3357/4412/42 3346/4401/42 
f 3358/4413/42 3359/4414/42 3356/4411/611 3355/4410/610 
f 3360/4415/42 3361/4416/42 3362/4417/42 3363/4418/42 
f 3347/4402/42 3364/4419/42 3365/4420/42 3348/4403/42 
f 3366/4421/42 3359/4414/42 3358/4413/42 3367/4422/42 
f 3368/4423/42 3345/4400/42 3346/4401/42 3369/4424/42 
f 3369/4424/42 3346/4401/42 3357/4412/42 3370/4425/42 
f 3353/4408/610 3363/4418/42 3362/4417/42 3354/4409/610 
f 3342/4397/611 3349/4404/42 3348/4403/42 3343/4398/610 
f 3343/4398/610 3348/4403/42 3365/4420/42 3351/4406/611 
f 3371/4426/42 3370/4425/42 3357/4412/42 3372/4427/42 
f 3372/4427/42 3357/4412/42 3352/4407/611 3373/4428/611 
f 3373/4428/611 3352/4407/611 3351/4406/611 3374/4429/611 
f 3374/4429/611 3351/4406/611 3365/4420/42 3375/4430/42 
f 3365/4420/42 3364/4419/42 3376/4431/42 3375/4430/42 
f 3368/4423/42 3367/4422/42 3358/4413/42 3345/4400/42 
f 3345/4400/42 3358/4413/42 3355/4410/610 3341/4396/611 
f 3341/4396/611 3355/4410/610 3354/4409/610 3342/4397/611 
f 3342/4397/611 3354/4409/610 3362/4417/42 3349/4404/42 
f 3349/4404/42 3362/4417/42 3361/4416/42 3350/4405/42 
f 3377/4432/43 3369/4424/42 3370/4425/42 3378/4433/806 
f 3378/4433/806 3370/4425/42 3371/4426/42 3379/4434/798 
f 3379/4434/798 3371/4426/42 3372/4427/42 3380/4435/797 
f 3380/4435/797 3372/4427/42 3373/4428/611 3381/4436/636 
f 3381/4436/636 3373/4428/611 3374/4429/611 3382/4437/636 
f 3382/4437/636 3374/4429/611 3375/4430/42 3383/4438/796 
f 3383/4438/796 3375/4430/42 3376/4431/42 3384/4439/795 
f 3384/4439/795 3376/4431/42 3364/4419/42 3385/4440/794 
f 3385/4440/794 3364/4419/42 3347/4402/42 3386/4441/29 
f 3386/4441/29 3347/4402/42 3350/4405/42 3387/4442/29 
f 3387/4442/29 3350/4405/42 3361/4416/42 3388/4443/805 
f 3388/4443/805 3361/4416/42 3360/4415/42 3389/4444/804 
f 3389/4444/804 3360/4415/42 3363/4418/42 3390/4445/803 
f 3390/4445/803 3363/4418/42 3353/4408/610 3391/4446/624 
f 3391/4446/624 3353/4408/610 3356/4411/611 3392/4447/624 
f 3392/4447/624 3356/4411/611 3359/4414/42 3393/4448/802 
f 3393/4448/802 3359/4414/42 3366/4421/42 3394/4449/801 
f 3394/4449/801 3366/4421/42 3367/4422/42 3395/4450/807 
f 3395/4450/807 3367/4422/42 3368/4423/42 3396/4451/43 
f 3396/4451/43 3368/4423/42 3369/4424/42 3377/4432/43 
f 3378/4452/806 3247/4292/21 3250/4295/9 3377/4453/43 
f 3380/4454/797 3251/4296/17 3254/4299/25 3379/4455/798 
f 3379/4455/798 3254/4299/25 3247/4292/21 3378/4452/806 
f 3393/4456/802 3271/4316/159 3397/4457/10 3392/4458/624 
f 3394/4459/801 3272/4317/44 3271/4316/159 3393/4456/802 
f 3395/4460/807 3263/4308/162 3272/4317/44 3394/4459/801 
f 3383/4461/796 3308/4355/19 3398/4462/2 3382/4463/636 
f 3384/4464/795 3309/4356/22 3308/4355/19 3383/4461/796 
f 3385/4465/794 3300/4347/15 3309/4356/22 3384/4464/795 
f 3388/4466/805 3320/4369/157 3323/4372/6 3387/4467/29 
f 3390/4468/803 3324/4373/161 3327/4376/26 3389/4469/804 
f 3389/4470/804 3327/4381/26 3320/4369/157 3388/4466/805 
f 3381/4471/636 3339/4390/2 3251/4296/17 3380/4454/797 
f 3392/4458/624 3397/4457/10 3340/4393/10 3391/4472/624 
f 3382/4463/636 3398/4462/2 3339/4390/2 3381/4471/636 
f 3391/4472/624 3340/4393/10 3324/4373/161 3390/4468/803 
f 3377/4453/43 3250/4295/9 3264/4309/9 3396/4473/43 
f 3386/4474/29 3301/4348/6 3300/4347/15 3385/4465/794 
f 3396/4473/43 3264/4309/9 3263/4308/162 3395/4460/807 
f 3387/4467/29 3323/4372/6 3301/4348/6 3386/4474/29 
f 3276/4394/118 3249/4294/9 3248/4293/21 3259/4475/124 
f 3258/4476/131 3253/4298/24 3252/4297/17 3255/4477/122 
f 3259/4475/124 3248/4293/21 3253/4298/24 3258/4476/131 
f 3282/4478/222 3262/4307/162 3265/4310/9 3275/4395/118 
f 3278/4391/220 3270/4315/158 3273/4318/44 3279/4479/227 
f 3279/4479/227 3273/4318/44 3262/4307/162 3282/4478/222 
f 3297/4342/2 3298/4345/2 3339/4390/2 3398/4462/2 
f 3315/4480/120 3299/4346/15 3302/4349/6 3329/4481/114 
f 3311/4392/119 3307/4354/19 3310/4357/23 3312/4482/129 
f 3312/4482/129 3310/4357/23 3299/4346/15 3315/4480/120 
f 3318/4365/10 3319/4368/10 3340/4393/10 3397/4457/10 
f 3330/4483/114 3322/4371/6 3321/4370/157 3336/4484/218 
f 3335/4485/225 3326/4375/26 3325/4374/160 3332/4486/217 
f 3336/4484/218 3321/4370/157 3326/4382/26 3335/4487/225 
f 3255/4477/122 3252/4297/17 3298/4345/2 3289/4344/115 
f 3271/4316/159 3270/4315/158 3318/4365/10 3397/4457/10 
f 3308/4355/19 3307/4354/19 3297/4342/2 3398/4462/2 
f 3332/4486/217 3325/4374/160 3319/4368/10 3296/4367/215 
f 3249/4294/9 3265/4310/9 3264/4309/9 3250/4295/9 
f 3329/4481/114 3302/4349/6 3322/4371/6 3330/4483/114 
f 3399/4488/808 3400/4489/168 3401/4490/168 3402/4491/808 
f 3403/4492/809 3404/4493/2 3405/4494/2 3406/4495/810 
f 3399/4488/808 3402/4491/808 3405/4494/2 3404/4493/2 
f 3407/4496/811 3408/4497/812 3409/4498/813 3410/4499/814 
f 3411/4500/815 3412/4501/816 3409/4498/813 3408/4497/812 
f 3413/4502/817 3410/4499/814 3409/4498/813 3412/4501/816 
f 3414/4503/818 3415/4504/636 3416/4505/168 3417/4506/819 
f 3418/4507/6 3419/4508/6 3420/4509/820 3421/4510/820 
f 3422/4511/821 3423/4512/622 3424/4513/622 3425/4514/821 
f 3426/4515/822 3427/4516/822 3428/4517/823 3429/4518/823 
f 3426/4515/822 3421/4510/820 3420/4509/820 3427/4516/822 
f 3423/4512/622 3414/4503/818 3417/4506/819 3424/4513/622 
f 3430/4519/824 3431/4520/825 3432/4521/826 3433/4522/827 
f 3434/4523/828 3433/4522/827 3432/4521/826 3435/4524/829 
f 3436/4525/830 3435/4524/829 3432/4521/826 3431/4520/825 
f 3437/4526/831 3438/4527/832 3439/4528/832 3440/4529/831 
f 3437/4526/831 3440/4529/831 3441/4530/833 3442/4531/833 
f 3443/4532/834 3444/4533/835 3445/4534/835 3446/4535/834 
f 3447/4536/836 3448/4537/836 3445/4534/835 3444/4533/835 
f 3449/4538/126 3450/4539/127 3442/4540/833 3441/4541/833 
f 3451/4542/837 3452/4543/223 3453/4544/223 3454/4545/838 
f 3455/4546/6 3456/4547/6 3457/4548/839 3458/4549/839 
f 3459/4550/840 3460/4551/37 3461/4552/37 3462/4553/840 
f 3460/4551/37 3451/4542/837 3454/4545/838 3461/4552/37 
f 3463/4554/841 3464/4555/842 3465/4556/843 3466/4557/844 
f 3467/4558/845 3466/4557/844 3465/4556/843 3468/4559/846 
f 3469/4560/847 3468/4559/846 3465/4556/843 3464/4555/842 
f 3470/4561/39 3471/4562/624 3448/4563/836 3447/4564/836 
f 3472/4565/848 3473/4566/32 3474/4567/223 3475/4568/848 
f 3476/4569/849 3477/4570/154 3478/4571/154 3479/4572/849 
f 3480/4573/850 3481/4574/850 3482/4575/851 3483/4576/851 
f 3480/4573/850 3458/4549/839 3457/4548/839 3481/4574/850 
f 3472/4565/848 3475/4568/848 3478/4577/154 3477/4578/154 
f 3484/4579/852 3485/4580/853 3486/4581/854 3487/4582/855 
f 3488/4583/856 3489/4584/857 3486/4581/854 3485/4580/853 
f 3490/4585/858 3487/4582/855 3486/4581/854 3489/4584/857 
f 3403/4492/809 3406/4495/810 3450/4539/127 3491/4586/126 
f 3410/4499/814 3413/4502/817 3438/4527/832 3437/4526/831 
f 3407/4496/811 3410/4499/814 3437/4526/831 3442/4531/833 
f 3430/4587/824 3422/4511/821 3470/4561/39 3447/4564/836 
f 3436/4525/830 3431/4520/825 3444/4533/835 3443/4532/834 
f 3431/4520/825 3430/4519/824 3447/4536/836 3444/4533/835 
f 3463/4588/841 3459/4550/840 3449/4538/126 3441/4541/833 
f 3469/4560/847 3464/4555/842 3440/4529/831 3439/4528/832 
f 3464/4555/842 3463/4554/841 3441/4530/833 3440/4529/831 
f 3476/4569/849 3479/4572/849 3471/4562/624 3492/4589/39 
f 3419/4508/6 3418/4507/6 3456/4547/6 3455/4546/6 
f 3487/4582/855 3490/4585/858 3446/4535/834 3445/4534/835 
f 3484/4579/852 3487/4582/855 3445/4534/835 3448/4537/836 
f 3438/4527/832 3413/4502/817 3420/4509/820 3419/4508/6 
f 3412/4501/816 3411/4500/815 3428/4517/823 3427/4516/822 
f 3413/4502/817 3412/4501/816 3427/4516/822 3420/4509/820 
f 3469/4560/847 3439/4528/832 3455/4546/6 3458/4549/839 
f 3467/4558/845 3468/4559/846 3480/4573/850 3483/4576/851 
f 3468/4559/846 3469/4560/847 3458/4549/839 3480/4573/850 
f 3439/4528/832 3438/4527/832 3419/4508/6 3455/4546/6 
f 3428/4590/823 3401/4490/168 3415/4504/636 3429/4591/823 
f 3436/4525/830 3443/4532/834 3418/4507/6 3421/4510/820 
f 3434/4523/828 3435/4524/829 3426/4515/822 3429/4518/823 
f 3435/4524/829 3436/4525/830 3421/4510/820 3426/4515/822 
f 3453/4544/223 3452/4543/223 3474/4567/223 3473/4566/32 
f 3446/4535/834 3490/4585/858 3457/4548/839 3456/4547/6 
f 3489/4584/857 3488/4583/856 3482/4575/851 3481/4574/850 
f 3490/4585/858 3489/4584/857 3481/4574/850 3457/4548/839 
f 3418/4507/6 3443/4532/834 3446/4535/834 3456/4547/6 
f 3493/4592/13 3494/4593/13 3495/4594/8 3496/4595/9 
f 3497/4596/8 3498/4597/13 3494/4593/13 3493/4592/13 
f 3499/4598/8 3500/4599/8 3501/4600/9 3502/4601/9 
f 3494/4593/13 3503/4602/8 3504/4603/8 3495/4594/8 
f 3505/4604/9 3506/4605/9 3507/4606/9 3508/4607/9 
f 3494/4593/13 3498/4597/13 3509/4608/9 3503/4602/8 
f 3510/4609/8 3507/4606/9 3506/4605/9 3511/4610/9 
f 3512/4611/8 3513/4612/9 3514/4613/9 3515/4614/8 
f 3499/4598/8 3502/4601/9 3516/4615/9 3517/4616/8 
f 3518/4617/8 3519/4618/8 3510/4609/8 3511/4610/9 
f 3520/4619/8 3521/4620/9 3498/4597/13 3497/4596/8 
f 3521/4620/9 3522/4621/9 3509/4608/9 3498/4597/13 
f 3505/4604/9 3508/4607/9 3514/4613/9 3513/4612/9 
f 3496/4595/9 3495/4594/8 3502/4601/9 3501/4600/9 
f 3495/4594/8 3504/4603/8 3516/4615/9 3502/4601/9 
f 3523/4622/9 3524/4623/9 3509/4608/9 3522/4621/9 
f 3524/4623/9 3525/4624/8 3503/4602/8 3509/4608/9 
f 3525/4624/8 3526/4625/8 3504/4603/8 3503/4602/8 
f 3526/4625/8 3527/4626/9 3516/4615/9 3504/4603/8 
f 3516/4615/9 3527/4626/9 3528/4627/9 3517/4616/8 
f 3520/4619/8 3497/4596/8 3510/4609/8 3519/4618/8 
f 3497/4596/8 3493/4592/13 3507/4606/9 3510/4609/8 
f 3493/4592/13 3496/4595/9 3508/4607/9 3507/4606/9 
f 3496/4595/9 3501/4600/9 3514/4613/9 3508/4607/9 
f 3501/4600/9 3500/4599/8 3515/4614/8 3514/4613/9 
f 3529/4628/859 3530/4629/860 3522/4621/9 3521/4620/9 
f 3530/4629/860 3531/4630/861 3523/4622/9 3522/4621/9 
f 3531/4630/861 3532/4631/862 3524/4623/9 3523/4622/9 
f 3532/4631/862 3533/4632/863 3525/4624/8 3524/4623/9 
f 3533/4632/863 3534/4633/863 3526/4625/8 3525/4624/8 
f 3534/4633/863 3535/4634/864 3527/4626/9 3526/4625/8 
f 3535/4634/864 3536/4635/865 3528/4627/9 3527/4626/9 
f 3536/4635/865 3537/4636/866 3517/4616/8 3528/4627/9 
f 3537/4636/866 3538/4637/867 3499/4598/8 3517/4616/8 
f 3538/4637/867 3539/4638/867 3500/4599/8 3499/4598/8 
f 3539/4638/867 3540/4639/868 3515/4614/8 3500/4599/8 
f 3540/4639/868 3541/4640/869 3512/4611/8 3515/4614/8 
f 3541/4640/869 3542/4641/870 3513/4612/9 3512/4611/8 
f 3542/4641/870 3543/4642/871 3505/4604/9 3513/4612/9 
f 3543/4642/871 3544/4643/871 3506/4605/9 3505/4604/9 
f 3544/4643/871 3545/4644/872 3511/4610/9 3506/4605/9 
f 3545/4644/872 3546/4645/873 3518/4617/8 3511/4610/9 
f 3546/4645/873 3547/4646/874 3519/4618/8 3518/4617/8 
f 3547/4646/874 3548/4647/859 3520/4619/8 3519/4618/8 
f 3548/4647/859 3529/4628/859 3521/4620/9 3520/4619/8 
f 3530/4648/860 3529/4649/859 3400/4489/168 3399/4488/808 
f 3532/4650/862 3531/4651/861 3404/4493/2 3403/4492/809 
f 3531/4651/861 3530/4648/860 3399/4488/808 3404/4493/2 
f 3545/4652/872 3544/4653/871 3549/4654/39 3425/4514/821 
f 3546/4655/873 3545/4652/872 3425/4514/821 3424/4513/622 
f 3547/4656/874 3546/4655/873 3424/4513/622 3417/4506/819 
f 3535/4657/864 3534/4658/863 3550/4659/126 3462/4553/840 
f 3536/4660/865 3535/4657/864 3462/4553/840 3461/4552/37 
f 3537/4661/866 3536/4660/865 3461/4552/37 3454/4545/838 
f 3540/4662/868 3539/4663/867 3473/4566/32 3472/4565/848 
f 3542/4664/870 3541/4665/869 3477/4570/154 3476/4569/849 
f 3541/4666/869 3540/4662/868 3472/4565/848 3477/4578/154 
f 3533/4667/863 3532/4650/862 3403/4492/809 3491/4586/126 
f 3544/4653/871 3543/4668/871 3492/4589/39 3549/4654/39 
f 3534/4658/863 3533/4667/863 3491/4586/126 3550/4659/126 
f 3543/4668/871 3542/4664/870 3476/4569/849 3492/4589/39 
f 3529/4649/859 3548/4669/859 3416/4505/168 3400/4489/168 
f 3538/4670/867 3537/4661/866 3454/4545/838 3453/4544/223 
f 3548/4669/859 3547/4656/874 3417/4506/819 3416/4505/168 
f 3539/4663/867 3538/4670/867 3453/4544/223 3473/4566/32 
f 3428/4590/823 3411/4671/815 3402/4491/808 3401/4490/168 
f 3408/4672/812 3407/4673/811 3406/4495/810 3405/4494/2 
f 3411/4671/815 3408/4672/812 3405/4494/2 3402/4491/808 
f 3434/4674/828 3429/4591/823 3415/4504/636 3414/4503/818 
f 3430/4587/824 3433/4675/827 3423/4512/622 3422/4511/821 
f 3433/4675/827 3434/4674/828 3414/4503/818 3423/4512/622 
f 3449/4538/126 3550/4659/126 3491/4586/126 3450/4539/127 
f 3467/4676/845 3483/4677/851 3452/4543/223 3451/4542/837 
f 3463/4588/841 3466/4678/844 3460/4551/37 3459/4550/840 
f 3466/4678/844 3467/4676/845 3451/4542/837 3460/4551/37 
f 3470/4561/39 3549/4654/39 3492/4589/39 3471/4562/624 
f 3482/4679/851 3488/4680/856 3475/4568/848 3474/4567/223 
f 3485/4681/853 3484/4682/852 3479/4572/849 3478/4571/154 
f 3488/4680/856 3485/4683/853 3478/4577/154 3475/4568/848 
f 3407/4673/811 3442/4540/833 3450/4539/127 3406/4495/810 
f 3425/4514/821 3549/4654/39 3470/4561/39 3422/4511/821 
f 3462/4553/840 3550/4659/126 3449/4538/126 3459/4550/840 
f 3484/4682/852 3448/4563/836 3471/4562/624 3479/4572/849 
f 3401/4490/168 3400/4489/168 3416/4505/168 3415/4504/636 
f 3483/4677/851 3482/4679/851 3474/4567/223 3452/4543/223 
f 3551/4684/808 3552/4685/168 3553/4686/168 3554/4687/808 
f 3555/4688/809 3556/4689/1 3557/4690/1 3558/4691/809 
f 3551/4684/808 3554/4687/808 3557/4690/1 3556/4689/1 
f 3559/4692/811 3560/4693/875 3561/4694/876 3562/4695/814 
f 3563/4696/815 3564/4697/816 3561/4694/876 3560/4693/875 
f 3565/4698/817 3562/4695/814 3561/4694/876 3564/4697/816 
f 3566/4699/877 3567/4700/168 3568/4701/168 3569/4702/819 
f 3570/4703/6 3571/4704/6 3572/4705/878 3573/4706/820 
f 3574/4707/879 3575/4708/611 3576/4709/42 3577/4710/821 
f 3578/4711/822 3579/4712/822 3580/4713/823 3581/4714/823 
f 3578/4711/822 3573/4706/820 3572/4705/878 3579/4712/822 
f 3575/4708/611 3566/4699/877 3569/4702/819 3576/4709/42 
f 3582/4715/824 3583/4716/825 3584/4717/880 3585/4718/827 
f 3586/4719/828 3585/4718/827 3584/4717/880 3587/4720/881 
f 3588/4721/882 3587/4720/881 3584/4717/880 3583/4716/825 
f 3589/4722/831 3590/4723/832 3591/4724/832 3592/4725/831 
f 3589/4722/831 3592/4725/831 3593/4726/833 3594/4727/833 
f 3595/4728/834 3596/4729/835 3597/4730/835 3598/4731/834 
f 3599/4732/836 3600/4733/836 3597/4730/835 3596/4729/835 
f 3601/4734/126 3602/4735/126 3594/4736/833 3593/4737/833 
f 3603/4738/837 3604/4739/32 3605/4740/223 3606/4741/837 
f 3607/4742/6 3608/4743/6 3609/4744/839 3610/4745/839 
f 3611/4746/840 3612/4747/652 3613/4748/37 3614/4749/840 
f 3612/4747/652 3603/4738/837 3606/4741/837 3613/4748/37 
f 3615/4750/841 3616/4751/842 3617/4752/883 3618/4753/884 
f 3619/4754/845 3618/4753/884 3617/4752/883 3620/4755/885 
f 3621/4756/886 3620/4755/885 3617/4752/883 3616/4751/842 
f 3622/4757/624 3623/4758/624 3600/4759/836 3599/4760/836 
f 3624/4761/848 3625/4762/223 3626/4763/223 3627/4764/848 
f 3628/4765/849 3629/4766/154 3630/4767/154 3631/4768/849 
f 3632/4769/850 3633/4770/850 3634/4771/851 3635/4772/851 
f 3632/4769/850 3610/4745/839 3609/4744/839 3633/4770/850 
f 3624/4761/848 3627/4764/848 3630/4773/154 3629/4774/154 
f 3636/4775/852 3637/4776/853 3638/4777/854 3639/4778/855 
f 3640/4779/856 3641/4780/857 3638/4777/854 3637/4776/853 
f 3642/4781/858 3639/4778/855 3638/4777/854 3641/4780/857 
f 3555/4688/809 3558/4691/809 3602/4735/126 3643/4782/126 
f 3562/4695/814 3565/4698/817 3590/4723/832 3589/4722/831 
f 3559/4692/811 3562/4695/814 3589/4722/831 3594/4727/833 
f 3582/4783/824 3574/4707/879 3622/4757/624 3599/4760/836 
f 3588/4721/882 3583/4716/825 3596/4729/835 3595/4728/834 
f 3583/4716/825 3582/4715/824 3599/4732/836 3596/4729/835 
f 3615/4784/841 3611/4746/840 3601/4734/126 3593/4737/833 
f 3621/4756/886 3616/4751/842 3592/4725/831 3591/4724/832 
f 3616/4751/842 3615/4750/841 3593/4726/833 3592/4725/831 
f 3628/4765/849 3631/4768/849 3623/4758/624 3644/4785/624 
f 3571/4704/6 3570/4703/6 3608/4743/6 3607/4742/6 
f 3639/4778/855 3642/4781/858 3598/4731/834 3597/4730/835 
f 3636/4775/852 3639/4778/855 3597/4730/835 3600/4733/836 
f 3590/4723/832 3565/4698/817 3572/4705/878 3571/4704/6 
f 3564/4697/816 3563/4696/815 3580/4713/823 3579/4712/822 
f 3565/4698/817 3564/4697/816 3579/4712/822 3572/4705/878 
f 3621/4756/886 3591/4724/832 3607/4742/6 3610/4745/839 
f 3619/4754/845 3620/4755/885 3632/4769/850 3635/4772/851 
f 3620/4755/885 3621/4756/886 3610/4745/839 3632/4769/850 
f 3591/4724/832 3590/4723/832 3571/4704/6 3607/4742/6 
f 3580/4786/823 3553/4686/168 3567/4700/168 3581/4787/823 
f 3588/4721/882 3595/4728/834 3570/4703/6 3573/4706/820 
f 3586/4719/828 3587/4720/881 3578/4711/822 3581/4714/823 
f 3587/4720/881 3588/4721/882 3573/4706/820 3578/4711/822 
f 3605/4740/223 3604/4739/32 3626/4763/223 3625/4762/223 
f 3598/4731/834 3642/4781/858 3609/4744/839 3608/4743/6 
f 3641/4780/857 3640/4779/856 3634/4771/851 3633/4770/850 
f 3642/4781/858 3641/4780/857 3633/4770/850 3609/4744/839 
f 3570/4703/6 3595/4728/834 3598/4731/834 3608/4743/6 
f 3645/4788/8 3646/4789/8 3647/4790/8 3648/4791/8 
f 3649/4792/9 3650/4793/9 3646/4789/8 3645/4788/8 
f 3651/4794/8 3652/4795/8 3653/4796/9 3654/4797/9 
f 3646/4789/8 3655/4798/8 3656/4799/8 3647/4790/8 
f 3657/4800/8 3658/4801/8 3659/4802/8 3660/4803/8 
f 3646/4789/8 3650/4793/9 3661/4804/9 3655/4798/8 
f 3662/4805/9 3659/4802/8 3658/4801/8 3663/4806/9 
f 3664/4807/8 3665/4808/9 3666/4809/9 3667/4810/8 
f 3651/4794/8 3654/4797/9 3668/4811/9 3669/4812/8 
f 3670/4813/9 3671/4814/9 3662/4805/9 3663/4806/9 
f 3672/4815/9 3673/4816/9 3650/4793/9 3649/4792/9 
f 3673/4816/9 3674/4817/9 3661/4804/9 3650/4793/9 
f 3657/4800/8 3660/4803/8 3666/4809/9 3665/4808/9 
f 3648/4791/8 3647/4790/8 3654/4797/9 3653/4796/9 
f 3647/4790/8 3656/4799/8 3668/4811/9 3654/4797/9 
f 3675/4818/9 3676/4819/9 3661/4804/9 3674/4817/9 
f 3676/4819/9 3677/4820/8 3655/4798/8 3661/4804/9 
f 3677/4820/8 3678/4821/8 3656/4799/8 3655/4798/8 
f 3678/4821/8 3679/4822/9 3668/4811/9 3656/4799/8 
f 3668/4811/9 3679/4822/9 3680/4823/9 3669/4812/8 
f 3672/4815/9 3649/4792/9 3662/4805/9 3671/4814/9 
f 3649/4792/9 3645/4788/8 3659/4802/8 3662/4805/9 
f 3645/4788/8 3648/4791/8 3660/4803/8 3659/4802/8 
f 3648/4791/8 3653/4796/9 3666/4809/9 3660/4803/8 
f 3653/4796/9 3652/4795/8 3667/4810/8 3666/4809/9 
f 3681/4824/859 3682/4825/887 3674/4817/9 3673/4816/9 
f 3682/4825/887 3683/4826/888 3675/4818/9 3674/4817/9 
f 3683/4826/888 3684/4827/889 3676/4819/9 3675/4818/9 
f 3684/4827/889 3685/4828/863 3677/4820/8 3676/4819/9 
f 3685/4828/863 3686/4829/863 3678/4821/8 3677/4820/8 
f 3686/4829/863 3687/4830/864 3679/4822/9 3678/4821/8 
f 3687/4830/864 3688/4831/890 3680/4823/9 3679/4822/9 
f 3688/4831/890 3689/4832/866 3669/4812/8 3680/4823/9 
f 3689/4832/866 3690/4833/867 3651/4794/8 3669/4812/8 
f 3690/4833/867 3691/4834/867 3652/4795/8 3651/4794/8 
f 3691/4834/867 3692/4835/868 3667/4810/8 3652/4795/8 
f 3692/4835/868 3693/4836/869 3664/4807/8 3667/4810/8 
f 3693/4836/869 3694/4837/891 3665/4808/9 3664/4807/8 
f 3694/4837/891 3695/4838/871 3657/4800/8 3665/4808/9 
f 3695/4838/871 3696/4839/871 3658/4801/8 3657/4800/8 
f 3696/4839/871 3697/4840/892 3663/4806/9 3658/4801/8 
f 3697/4840/892 3698/4841/893 3670/4813/9 3663/4806/9 
f 3698/4841/893 3699/4842/874 3671/4814/9 3670/4813/9 
f 3699/4842/874 3700/4843/859 3672/4815/9 3671/4814/9 
f 3700/4843/859 3681/4824/859 3673/4816/9 3672/4815/9 
f 3682/4844/887 3681/4845/859 3552/4685/168 3551/4684/808 
f 3684/4846/889 3683/4847/888 3556/4689/1 3555/4688/809 
f 3683/4847/888 3682/4844/887 3551/4684/808 3556/4689/1 
f 3697/4848/892 3696/4849/871 3701/4850/39 3577/4710/821 
f 3698/4851/893 3697/4848/892 3577/4710/821 3576/4709/42 
f 3699/4852/874 3698/4851/893 3576/4709/42 3569/4702/819 
f 3687/4853/864 3686/4854/863 3702/4855/126 3614/4749/840 
f 3688/4856/890 3687/4853/864 3614/4749/840 3613/4748/37 
f 3689/4857/866 3688/4856/890 3613/4748/37 3606/4741/837 
f 3692/4858/868 3691/4859/867 3625/4762/223 3624/4761/848 
f 3694/4860/891 3693/4861/869 3629/4766/154 3628/4765/849 
f 3693/4862/869 3692/4858/868 3624/4761/848 3629/4774/154 
f 3685/4863/863 3684/4846/889 3555/4688/809 3643/4782/126 
f 3696/4849/871 3695/4864/871 3644/4785/624 3701/4850/39 
f 3686/4854/863 3685/4863/863 3643/4782/126 3702/4855/126 
f 3695/4864/871 3694/4860/891 3628/4765/849 3644/4785/624 
f 3681/4845/859 3700/4865/859 3568/4701/168 3552/4685/168 
f 3690/4866/867 3689/4857/866 3606/4741/837 3605/4740/223 
f 3700/4865/859 3699/4852/874 3569/4702/819 3568/4701/168 
f 3691/4859/867 3690/4866/867 3605/4740/223 3625/4762/223 
f 3580/4786/823 3563/4867/815 3554/4687/808 3553/4686/168 
f 3560/4868/875 3559/4869/811 3558/4691/809 3557/4690/1 
f 3563/4867/815 3560/4868/875 3557/4690/1 3554/4687/808 
f 3586/4870/828 3581/4787/823 3567/4700/168 3566/4699/877 
f 3582/4783/824 3585/4871/827 3575/4708/611 3574/4707/879 
f 3585/4871/827 3586/4870/828 3566/4699/877 3575/4708/611 
f 3601/4734/126 3702/4855/126 3643/4782/126 3602/4735/126 
f 3619/4872/845 3635/4873/851 3604/4739/32 3603/4738/837 
f 3615/4784/841 3618/4874/884 3612/4747/652 3611/4746/840 
f 3618/4874/884 3619/4872/845 3603/4738/837 3612/4747/652 
f 3622/4757/624 3701/4850/39 3644/4785/624 3623/4758/624 
f 3634/4875/851 3640/4876/856 3627/4764/848 3626/4763/223 
f 3637/4877/853 3636/4878/852 3631/4768/849 3630/4767/154 
f 3640/4876/856 3637/4879/853 3630/4773/154 3627/4764/848 
f 3559/4869/811 3594/4736/833 3602/4735/126 3558/4691/809 
f 3577/4710/821 3701/4850/39 3622/4757/624 3574/4707/879 
f 3614/4749/840 3702/4855/126 3601/4734/126 3611/4746/840 
f 3636/4878/852 3600/4759/836 3623/4758/624 3631/4768/849 
f 3553/4686/168 3552/4685/168 3568/4701/168 3567/4700/168 
f 3635/4873/851 3634/4875/851 3626/4763/223 3604/4739/32 
f 3703/4880/808 3704/4881/168 3705/4882/168 3706/4883/808 
f 3707/4884/894 3708/4885/1 3709/4886/1 3710/4887/894 
f 3703/4880/808 3706/4883/808 3709/4886/1 3708/4885/1 
f 3711/4888/811 3712/4889/812 3713/4890/876 3714/4891/814 
f 3715/4892/815 3716/4893/816 3713/4890/876 3712/4889/812 
f 3717/4894/895 3714/4891/814 3713/4890/876 3716/4893/816 
f 3718/4895/819 3719/4896/168 3720/4897/168 3721/4898/819 
f 3722/4899/6 3723/4900/6 3724/4901/820 3725/4902/820 
f 3726/4903/821 3727/4904/622 3728/4905/622 3729/4906/879 
f 3730/4907/822 3731/4908/822 3732/4909/823 3733/4910/823 
f 3730/4907/822 3725/4902/820 3724/4901/820 3731/4908/822 
f 3727/4904/622 3718/4895/819 3721/4898/819 3728/4905/622 
f 3734/4911/824 3735/4912/825 3736/4913/896 3737/4914/897 
f 3738/4915/828 3737/4914/897 3736/4913/896 3739/4916/898 
f 3740/4917/882 3739/4916/898 3736/4913/896 3735/4912/825 
f 3741/4918/831 3742/4919/832 3743/4920/832 3744/4921/831 
f 3741/4918/831 3744/4921/831 3745/4922/833 3746/4923/833 
f 3747/4924/834 3748/4925/835 3749/4926/835 3750/4927/834 
f 3751/4928/836 3752/4929/836 3749/4926/835 3748/4925/835 
f 3753/4930/126 3754/4931/126 3746/4932/833 3745/4933/833 
f 3755/4934/838 3756/4935/32 3757/4936/223 3758/4937/899 
f 3759/4938/6 3760/4939/6 3761/4940/839 3762/4941/839 
f 3763/4942/840 3764/4943/609 3765/4944/652 3766/4945/840 
f 3764/4943/609 3755/4934/838 3758/4937/899 3765/4944/652 
f 3767/4946/841 3768/4947/842 3769/4948/843 3770/4949/844 
f 3771/4950/845 3770/4949/844 3769/4948/843 3772/4951/846 
f 3773/4952/886 3772/4951/846 3769/4948/843 3768/4947/842 
f 3774/4953/624 3775/4954/39 3752/4955/836 3751/4956/836 
f 3776/4957/848 3777/4958/223 3778/4959/223 3779/4960/900 
f 3780/4961/901 3781/4962/155 3782/4963/10 3783/4964/901 
f 3784/4965/850 3785/4966/850 3786/4967/851 3787/4968/851 
f 3784/4965/850 3762/4941/839 3761/4940/839 3785/4966/850 
f 3776/4957/848 3779/4960/900 3782/4969/10 3781/4970/155 
f 3788/4971/852 3789/4972/902 3790/4973/903 3791/4974/855 
f 3792/4975/856 3793/4976/857 3790/4973/903 3789/4972/902 
f 3794/4977/858 3791/4974/855 3790/4973/903 3793/4976/857 
f 3707/4884/894 3710/4887/894 3754/4931/126 3795/4978/126 
f 3714/4891/814 3717/4894/895 3742/4919/832 3741/4918/831 
f 3711/4888/811 3714/4891/814 3741/4918/831 3746/4923/833 
f 3734/4979/824 3726/4903/821 3774/4953/624 3751/4956/836 
f 3740/4917/882 3735/4912/825 3748/4925/835 3747/4924/834 
f 3735/4912/825 3734/4911/824 3751/4928/836 3748/4925/835 
f 3767/4980/841 3763/4942/840 3753/4930/126 3745/4933/833 
f 3773/4952/886 3768/4947/842 3744/4921/831 3743/4920/832 
f 3768/4947/842 3767/4946/841 3745/4922/833 3744/4921/831 
f 3780/4961/901 3783/4964/901 3775/4954/39 3796/4981/624 
f 3723/4900/6 3722/4899/6 3760/4939/6 3759/4938/6 
f 3791/4974/855 3794/4977/858 3750/4927/834 3749/4926/835 
f 3788/4971/852 3791/4974/855 3749/4926/835 3752/4929/836 
f 3742/4919/832 3717/4894/895 3724/4901/820 3723/4900/6 
f 3716/4893/816 3715/4892/815 3732/4909/823 3731/4908/822 
f 3717/4894/895 3716/4893/816 3731/4908/822 3724/4901/820 
f 3773/4952/886 3743/4920/832 3759/4938/6 3762/4941/839 
f 3771/4950/845 3772/4951/846 3784/4965/850 3787/4968/851 
f 3772/4951/846 3773/4952/886 3762/4941/839 3784/4965/850 
f 3743/4920/832 3742/4919/832 3723/4900/6 3759/4938/6 
f 3732/4982/823 3705/4882/168 3719/4896/168 3733/4983/823 
f 3740/4917/882 3747/4924/834 3722/4899/6 3725/4902/820 
f 3738/4915/828 3739/4916/898 3730/4907/822 3733/4910/823 
f 3739/4916/898 3740/4917/882 3725/4902/820 3730/4907/822 
f 3757/4936/223 3756/4935/32 3778/4959/223 3777/4958/223 
f 3750/4927/834 3794/4977/858 3761/4940/839 3760/4939/6 
f 3793/4976/857 3792/4975/856 3786/4967/851 3785/4966/850 
f 3794/4977/858 3793/4976/857 3785/4966/850 3761/4940/839 
f 3722/4899/6 3747/4924/834 3750/4927/834 3760/4939/6 
f 3797/4984/8 3798/4985/9 3799/4986/13 3800/4987/13 
f 3801/4988/9 3802/4989/9 3798/4985/9 3797/4984/8 
f 3803/4990/8 3804/4991/8 3805/4992/13 3806/4993/8 
f 3798/4985/9 3807/4994/9 3808/4995/9 3799/4986/13 
f 3809/4996/8 3810/4997/8 3811/4998/8 3812/4999/8 
f 3798/4985/9 3802/4989/9 3813/5000/9 3807/4994/9 
f 3814/5001/9 3811/4998/8 3810/4997/8 3815/5002/9 
f 3816/5003/8 3817/5004/9 3818/5005/9 3819/5006/8 
f 3803/4990/8 3806/4993/8 3820/5007/8 3821/5008/8 
f 3822/5009/9 3823/5010/9 3814/5001/9 3815/5002/9 
f 3824/5011/9 3825/5012/9 3802/4989/9 3801/4988/9 
f 3825/5012/9 3826/5013/9 3813/5000/9 3802/4989/9 
f 3809/4996/8 3812/4999/8 3818/5005/9 3817/5004/9 
f 3800/4987/13 3799/4986/13 3806/4993/8 3805/4992/13 
f 3799/4986/13 3808/4995/9 3820/5007/8 3806/4993/8 
f 3827/5014/9 3828/5015/9 3813/5000/9 3826/5013/9 
f 3828/5015/9 3829/5016/9 3807/4994/9 3813/5000/9 
f 3829/5016/9 3830/5017/9 3808/4995/9 3807/4994/9 
f 3830/5017/9 3831/5018/9 3820/5007/8 3808/4995/9 
f 3820/5007/8 3831/5018/9 3832/5019/8 3821/5008/8 
f 3824/5011/9 3801/4988/9 3814/5001/9 3823/5010/9 
f 3801/4988/9 3797/4984/8 3811/4998/8 3814/5001/9 
f 3797/4984/8 3800/4987/13 3812/4999/8 3811/4998/8 
f 3800/4987/13 3805/4992/13 3818/5005/9 3812/4999/8 
f 3805/4992/13 3804/4991/8 3819/5006/8 3818/5005/9 
f 3833/5020/859 3834/5021/887 3826/5013/9 3825/5012/9 
f 3834/5021/887 3835/5022/888 3827/5014/9 3826/5013/9 
f 3835/5022/888 3836/5023/889 3828/5015/9 3827/5014/9 
f 3836/5023/889 3837/5024/863 3829/5016/9 3828/5015/9 
f 3837/5024/863 3838/5025/863 3830/5017/9 3829/5016/9 
f 3838/5025/863 3839/5026/864 3831/5018/9 3830/5017/9 
f 3839/5026/864 3840/5027/890 3832/5019/8 3831/5018/9 
f 3840/5027/890 3841/5028/866 3821/5008/8 3832/5019/8 
f 3841/5028/866 3842/5029/867 3803/4990/8 3821/5008/8 
f 3842/5029/867 3843/5030/867 3804/4991/8 3803/4990/8 
f 3843/5030/867 3844/5031/868 3819/5006/8 3804/4991/8 
f 3844/5031/868 3845/5032/904 3816/5003/8 3819/5006/8 
f 3845/5032/904 3846/5033/905 3817/5004/9 3816/5003/8 
f 3846/5033/905 3847/5034/871 3809/4996/8 3817/5004/9 
f 3847/5034/871 3848/5035/871 3810/4997/8 3809/4996/8 
f 3848/5035/871 3849/5036/872 3815/5002/9 3810/4997/8 
f 3849/5036/872 3850/5037/873 3822/5009/9 3815/5002/9 
f 3850/5037/873 3851/5038/874 3823/5010/9 3822/5009/9 
f 3851/5038/874 3852/5039/859 3824/5011/9 3823/5010/9 
f 3852/5039/859 3833/5020/859 3825/5012/9 3824/5011/9 
f 3834/5040/887 3833/5041/859 3704/4881/168 3703/4880/808 
f 3836/5042/889 3835/5043/888 3708/4885/1 3707/4884/894 
f 3835/5043/888 3834/5040/887 3703/4880/808 3708/4885/1 
f 3849/5044/872 3848/5045/871 3853/5046/624 3729/4906/879 
f 3850/5047/873 3849/5044/872 3729/4906/879 3728/4905/622 
f 3851/5048/874 3850/5047/873 3728/4905/622 3721/4898/819 
f 3839/5049/864 3838/5050/863 3854/5051/126 3766/4945/840 
f 3840/5052/890 3839/5049/864 3766/4945/840 3765/4944/652 
f 3841/5053/866 3840/5052/890 3765/4944/652 3758/4937/899 
f 3844/5054/868 3843/5055/867 3777/4958/223 3776/4957/848 
f 3846/5056/905 3845/5057/904 3781/4962/155 3780/4961/901 
f 3845/5058/904 3844/5054/868 3776/4957/848 3781/4970/155 
f 3837/5059/863 3836/5042/889 3707/4884/894 3795/4978/126 
f 3848/5045/871 3847/5060/871 3796/4981/624 3853/5046/624 
f 3838/5050/863 3837/5059/863 3795/4978/126 3854/5051/126 
f 3847/5060/871 3846/5056/905 3780/4961/901 3796/4981/624 
f 3833/5041/859 3852/5061/859 3720/4897/168 3704/4881/168 
f 3842/5062/867 3841/5053/866 3758/4937/899 3757/4936/223 
f 3852/5061/859 3851/5048/874 3721/4898/819 3720/4897/168 
f 3843/5055/867 3842/5062/867 3757/4936/223 3777/4958/223 
f 3732/4982/823 3715/5063/815 3706/4883/808 3705/4882/168 
f 3712/5064/812 3711/5065/811 3710/4887/894 3709/4886/1 
f 3715/5063/815 3712/5064/812 3709/4886/1 3706/4883/808 
f 3738/5066/828 3733/4983/823 3719/4896/168 3718/4895/819 
f 3734/4979/824 3737/5067/897 3727/4904/622 3726/4903/821 
f 3737/5067/897 3738/5066/828 3718/4895/819 3727/4904/622 
f 3753/4930/126 3854/5051/126 3795/4978/126 3754/4931/126 
f 3771/5068/845 3787/5069/851 3756/4935/32 3755/4934/838 
f 3767/4980/841 3770/5070/844 3764/4943/609 3763/4942/840 
f 3770/5070/844 3771/5068/845 3755/4934/838 3764/4943/609 
f 3774/4953/624 3853/5046/624 3796/4981/624 3775/4954/39 
f 3786/5071/851 3792/5072/856 3779/4960/900 3778/4959/223 
f 3789/5073/902 3788/5074/852 3783/4964/901 3782/4963/10 
f 3792/5072/856 3789/5075/902 3782/4969/10 3779/4960/900 
f 3711/5065/811 3746/4932/833 3754/4931/126 3710/4887/894 
f 3729/4906/879 3853/5046/624 3774/4953/624 3726/4903/821 
f 3766/4945/840 3854/5051/126 3753/4930/126 3763/4942/840 
f 3788/5074/852 3752/4955/836 3775/4954/39 3783/4964/901 
f 3705/4882/168 3704/4881/168 3720/4897/168 3719/4896/168 
f 3787/5069/851 3786/5071/851 3778/4959/223 3756/4935/32 
f 3855/5076/906 3856/5077/168 3857/5078/636 3858/5079/906 
f 3859/5080/809 3860/5081/1 3861/5082/4 3862/5083/809 
f 3855/5076/906 3858/5079/906 3861/5082/4 3860/5081/1 
f 3863/5084/811 3864/5085/907 3865/5086/813 3866/5087/814 
f 3867/5088/908 3868/5089/816 3865/5086/813 3864/5085/907 
f 3869/5090/817 3866/5087/814 3865/5086/813 3868/5089/816 
f 3870/5091/818 3871/5092/636 3872/5093/168 3873/5094/819 
f 3874/5095/6 3875/5096/6 3876/5097/820 3877/5098/820 
f 3878/5099/879 3879/5100/611 3880/5101/622 3881/5102/821 
f 3882/5103/822 3883/5104/822 3884/5105/823 3885/5106/823 
f 3882/5103/822 3877/5098/820 3876/5097/820 3883/5104/822 
f 3879/5100/611 3870/5091/818 3873/5094/819 3880/5101/622 
f 3886/5107/824 3887/5108/825 3888/5109/880 3889/5110/827 
f 3890/5111/828 3889/5110/827 3888/5109/880 3891/5112/898 
f 3892/5113/830 3891/5112/898 3888/5109/880 3887/5108/825 
f 3893/5114/831 3894/5115/832 3895/5116/832 3896/5117/831 
f 3893/5114/831 3896/5117/831 3897/5118/833 3898/5119/833 
f 3899/5120/834 3900/5121/835 3901/5122/835 3902/5123/834 
f 3903/5124/836 3904/5125/836 3901/5122/835 3900/5121/835 
f 3905/5126/126 3906/5127/126 3898/5128/833 3897/5129/833 
f 3907/5130/838 3908/5131/32 3909/5132/32 3910/5133/838 
f 3911/5134/6 3912/5135/6 3913/5136/909 3914/5137/839 
f 3915/5138/840 3916/5139/609 3917/5140/609 3918/5141/840 
f 3916/5139/609 3907/5130/838 3910/5133/838 3917/5140/609 
f 3919/5142/841 3920/5143/910 3921/5144/911 3922/5145/844 
f 3923/5146/845 3922/5145/844 3921/5144/911 3924/5147/846 
f 3925/5148/886 3924/5147/846 3921/5144/911 3920/5143/910 
f 3926/5149/39 3927/5150/39 3904/5151/836 3903/5152/836 
f 3928/5153/848 3929/5154/32 3930/5155/32 3931/5156/848 
f 3932/5157/849 3933/5158/155 3934/5159/155 3935/5160/901 
f 3936/5161/850 3937/5162/850 3938/5163/851 3939/5164/851 
f 3936/5161/850 3914/5137/839 3913/5136/909 3937/5162/850 
f 3928/5153/848 3931/5156/848 3934/5165/155 3933/5166/155 
f 3940/5167/852 3941/5168/853 3942/5169/854 3943/5170/855 
f 3944/5171/856 3945/5172/857 3942/5169/854 3941/5168/853 
f 3946/5173/912 3943/5170/855 3942/5169/854 3945/5172/857 
f 3859/5080/809 3862/5083/809 3906/5127/126 3947/5174/126 
f 3866/5087/814 3869/5090/817 3894/5115/832 3893/5114/831 
f 3863/5084/811 3866/5087/814 3893/5114/831 3898/5119/833 
f 3886/5175/824 3878/5099/879 3926/5149/39 3903/5152/836 
f 3892/5113/830 3887/5108/825 3900/5121/835 3899/5120/834 
f 3887/5108/825 3886/5107/824 3903/5124/836 3900/5121/835 
f 3919/5176/841 3915/5138/840 3905/5126/126 3897/5129/833 
f 3925/5148/886 3920/5143/910 3896/5117/831 3895/5116/832 
f 3920/5143/910 3919/5142/841 3897/5118/833 3896/5117/831 
f 3932/5157/849 3935/5160/901 3927/5150/39 3948/5177/39 
f 3875/5096/6 3874/5095/6 3912/5135/6 3911/5134/6 
f 3943/5170/855 3946/5173/912 3902/5123/834 3901/5122/835 
f 3940/5167/852 3943/5170/855 3901/5122/835 3904/5125/836 
f 3894/5115/832 3869/5090/817 3876/5097/820 3875/5096/6 
f 3868/5089/816 3867/5088/908 3884/5105/823 3883/5104/822 
f 3869/5090/817 3868/5089/816 3883/5104/822 3876/5097/820 
f 3925/5148/886 3895/5116/832 3911/5134/6 3914/5137/839 
f 3923/5146/845 3924/5147/846 3936/5161/850 3939/5164/851 
f 3924/5147/846 3925/5148/886 3914/5137/839 3936/5161/850 
f 3895/5116/832 3894/5115/832 3875/5096/6 3911/5134/6 
f 3884/5178/823 3857/5078/636 3871/5092/636 3885/5179/823 
f 3892/5113/830 3899/5120/834 3874/5095/6 3877/5098/820 
f 3890/5111/828 3891/5112/898 3882/5103/822 3885/5106/823 
f 3891/5112/898 3892/5113/830 3877/5098/820 3882/5103/822 
f 3909/5132/32 3908/5131/32 3930/5155/32 3929/5154/32 
f 3902/5123/834 3946/5173/912 3913/5136/909 3912/5135/6 
f 3945/5172/857 3944/5171/856 3938/5163/851 3937/5162/850 
f 3946/5173/912 3945/5172/857 3937/5162/850 3913/5136/909 
f 3874/5095/6 3899/5120/834 3902/5123/834 3912/5135/6 
f 3949/5180/8 3950/5181/9 3951/5182/13 3952/5183/13 
f 3953/5184/9 3954/5185/9 3950/5181/9 3949/5180/8 
f 3955/5186/8 3956/5187/8 3957/5188/13 3958/5189/13 
f 3950/5181/9 3959/5190/9 3960/5191/9 3951/5182/13 
f 3961/5192/8 3962/5193/8 3963/5194/8 3964/5195/8 
f 3950/5181/9 3954/5185/9 3965/5196/9 3959/5190/9 
f 3966/5197/9 3963/5194/8 3962/5193/8 3967/5198/9 
f 3968/5199/8 3969/5200/9 3970/5201/9 3971/5202/8 
f 3955/5186/8 3958/5189/13 3972/5203/9 3973/5204/8 
f 3974/5205/9 3975/5206/9 3966/5197/9 3967/5198/9 
f 3976/5207/9 3977/5208/9 3954/5185/9 3953/5184/9 
f 3977/5208/9 3978/5209/9 3965/5196/9 3954/5185/9 
f 3961/5192/8 3964/5195/8 3970/5201/9 3969/5200/9 
f 3952/5183/13 3951/5182/13 3958/5189/13 3957/5188/13 
f 3951/5182/13 3960/5191/9 3972/5203/9 3958/5189/13 
f 3979/5210/9 3980/5211/9 3965/5196/9 3978/5209/9 
f 3980/5211/9 3981/5212/9 3959/5190/9 3965/5196/9 
f 3981/5212/9 3982/5213/9 3960/5191/9 3959/5190/9 
f 3982/5213/9 3983/5214/9 3972/5203/9 3960/5191/9 
f 3972/5203/9 3983/5214/9 3984/5215/9 3973/5204/8 
f 3976/5207/9 3953/5184/9 3966/5197/9 3975/5206/9 
f 3953/5184/9 3949/5180/8 3963/5194/8 3966/5197/9 
f 3949/5180/8 3952/5183/13 3964/5195/8 3963/5194/8 
f 3952/5183/13 3957/5188/13 3970/5201/9 3964/5195/8 
f 3957/5188/13 3956/5187/8 3971/5202/8 3970/5201/9 
f 3985/5216/859 3986/5217/860 3978/5209/9 3977/5208/9 
f 3986/5217/860 3987/5218/888 3979/5210/9 3978/5209/9 
f 3987/5218/888 3988/5219/862 3980/5211/9 3979/5210/9 
f 3988/5219/862 3989/5220/863 3981/5212/9 3980/5211/9 
f 3989/5220/863 3990/5221/863 3982/5213/9 3981/5212/9 
f 3990/5221/863 3991/5222/913 3983/5214/9 3982/5213/9 
f 3991/5222/913 3992/5223/865 3984/5215/9 3983/5214/9 
f 3992/5223/865 3993/5224/866 3973/5204/8 3984/5215/9 
f 3993/5224/866 3994/5225/867 3955/5186/8 3973/5204/8 
f 3994/5225/867 3995/5226/867 3956/5187/8 3955/5186/8 
f 3995/5226/867 3996/5227/914 3971/5202/8 3956/5187/8 
f 3996/5227/914 3997/5228/869 3968/5199/8 3971/5202/8 
f 3997/5228/869 3998/5229/915 3969/5200/9 3968/5199/8 
f 3998/5229/915 3999/5230/871 3961/5192/8 3969/5200/9 
f 3999/5230/871 4000/5231/871 3962/5193/8 3961/5192/8 
f 4000/5231/871 4001/5232/892 3967/5198/9 3962/5193/8 
f 4001/5232/892 4002/5233/873 3974/5205/9 3967/5198/9 
f 4002/5233/873 4003/5234/916 3975/5206/9 3974/5205/9 
f 4003/5234/916 4004/5235/859 3976/5207/9 3975/5206/9 
f 4004/5235/859 3985/5216/859 3977/5208/9 3976/5207/9 
f 3986/5236/860 3985/5237/859 3856/5077/168 3855/5076/906 
f 3988/5238/862 3987/5239/888 3860/5081/1 3859/5080/809 
f 3987/5239/888 3986/5236/860 3855/5076/906 3860/5081/1 
f 4001/5240/892 4000/5241/871 4005/5242/39 3881/5102/821 
f 4002/5243/873 4001/5240/892 3881/5102/821 3880/5101/622 
f 4003/5244/916 4002/5243/873 3880/5101/622 3873/5094/819 
f 3991/5245/913 3990/5246/863 4006/5247/126 3918/5141/840 
f 3992/5248/865 3991/5245/913 3918/5141/840 3917/5140/609 
f 3993/5249/866 3992/5248/865 3917/5140/609 3910/5133/838 
f 3996/5250/914 3995/5251/867 3929/5154/32 3928/5153/848 
f 3998/5252/915 3997/5253/869 3933/5158/155 3932/5157/849 
f 3997/5254/869 3996/5250/914 3928/5153/848 3933/5166/155 
f 3989/5255/863 3988/5238/862 3859/5080/809 3947/5174/126 
f 4000/5241/871 3999/5256/871 3948/5177/39 4005/5242/39 
f 3990/5246/863 3989/5255/863 3947/5174/126 4006/5247/126 
f 3999/5256/871 3998/5252/915 3932/5157/849 3948/5177/39 
f 3985/5237/859 4004/5257/859 3872/5093/168 3856/5077/168 
f 3994/5258/867 3993/5249/866 3910/5133/838 3909/5132/32 
f 4004/5257/859 4003/5244/916 3873/5094/819 3872/5093/168 
f 3995/5251/867 3994/5258/867 3909/5132/32 3929/5154/32 
f 3884/5178/823 3867/5259/908 3858/5079/906 3857/5078/636 
f 3864/5260/907 3863/5261/811 3862/5083/809 3861/5082/4 
f 3867/5259/908 3864/5260/907 3861/5082/4 3858/5079/906 
f 3890/5262/828 3885/5179/823 3871/5092/636 3870/5091/818 
f 3886/5175/824 3889/5263/827 3879/5100/611 3878/5099/879 
f 3889/5263/827 3890/5262/828 3870/5091/818 3879/5100/611 
f 3905/5126/126 4006/5247/126 3947/5174/126 3906/5127/126 
f 3923/5264/845 3939/5265/851 3908/5131/32 3907/5130/838 
f 3919/5176/841 3922/5266/844 3916/5139/609 3915/5138/840 
f 3922/5266/844 3923/5264/845 3907/5130/838 3916/5139/609 
f 3926/5149/39 4005/5242/39 3948/5177/39 3927/5150/39 
f 3938/5267/851 3944/5268/856 3931/5156/848 3930/5155/32 
f 3941/5269/853 3940/5270/852 3935/5160/901 3934/5159/155 
f 3944/5268/856 3941/5271/853 3934/5165/155 3931/5156/848 
f 3863/5261/811 3898/5128/833 3906/5127/126 3862/5083/809 
f 3881/5102/821 4005/5242/39 3926/5149/39 3878/5099/879 
f 3918/5141/840 4006/5247/126 3905/5126/126 3915/5138/840 
f 3940/5270/852 3904/5151/836 3927/5150/39 3935/5160/901 
f 3857/5078/636 3856/5077/168 3872/5093/168 3871/5092/636 
f 3939/5265/851 3938/5267/851 3930/5155/32 3908/5131/32 
f 3089/4088/791 3079/4073/9 3094/4095/9 4007/5272/791 
f 3072/4064/111 4008/5273/111 4009/5274/38 3073/4067/38 
f 3063/4049/42 3088/4087/790 4010/5275/790 4011/5276/42 
f 3020/3994/37 4012/5277/37 4013/5278/37 3060/4046/37 
f 4014/5279/2 4015/5280/2 4016/5281/2 4017/5282/2 
f 4018/5283/2 4019/5284/2 4015/5280/2 4014/5279/2 
f 4020/5285/2 4021/5286/2 4019/5284/2 4018/5283/2 
f 4022/5287/2 4023/5288/2 4021/5286/2 4020/5285/2 
f 4024/5289/2 4025/5290/2 4023/5288/2 4022/5287/2 
f 4026/5291/2 4027/5292/2 4025/5290/2 4024/5289/2 
f 4028/5293/2 4029/5294/2 4027/5292/2 4026/5291/2 
f 4030/5295/2 4031/5296/2 4029/5294/2 4028/5293/2 
f 4032/5297/2 4033/5298/2 4031/5296/2 4030/5295/2 
f 4034/5299/2 4035/5300/2 4033/5298/2 4032/5297/2 
f 4036/5301/2 4035/5300/2 4034/5299/2 4037/5302/2 
f 4038/5303/10 4039/5304/10 4040/5305/10 4041/5306/10 
f 4039/5304/10 4042/5307/10 4043/5308/10 4040/5305/10 
f 4042/5307/10 4044/5309/10 4045/5310/10 4043/5308/10 
f 4044/5309/10 4046/5311/10 4047/5312/10 4045/5310/10 
f 4046/5311/10 4048/5313/10 4049/5314/10 4047/5312/10 
f 4048/5313/10 4050/5315/10 4051/5316/10 4049/5314/10 
f 4050/5315/10 4052/5317/10 4053/5318/10 4051/5316/10 
f 4052/5317/10 4054/5319/10 4055/5320/10 4053/5318/10 
f 4054/5319/10 4056/5321/10 4057/5322/10 4055/5320/10 
f 4056/5321/10 4058/5323/10 4059/5324/10 4057/5322/10 
f 4060/5325/609 4061/5326/37 4062/5327/608 4063/5328/608 
f 4064/5329/42 4065/5330/42 4066/5331/610 4067/5332/611 
f 4068/5333/12 4069/5334/8 4070/5335/13 4071/5336/9 
f 4063/5328/608 4062/5327/608 4072/5337/612 4073/5338/612 
f 4074/5339/42 4075/5340/42 4065/5330/42 4064/5329/42 
f 4073/5338/612 4072/5337/612 4076/5341/613 4077/5342/613 
f 4078/5343/42 4079/5344/42 4075/5340/42 4074/5339/42 
f 4077/5342/613 4076/5341/613 4080/5345/614 4081/5346/614 
f 4082/5347/42 4083/5348/42 4079/5344/42 4078/5343/42 
f 4081/5346/614 4080/5345/614 4084/5349/615 4085/5350/615 
f 4086/5351/42 4087/5352/42 4083/5348/42 4082/5347/42 
f 4085/5350/615 4084/5349/615 4088/5353/616 4089/5354/616 
f 4090/5355/42 4091/5356/42 4087/5352/42 4086/5351/42 
f 4089/5354/616 4088/5353/616 4092/5357/617 4093/5358/617 
f 4094/5359/42 4095/5360/42 4091/5356/42 4090/5355/42 
f 4093/5358/617 4092/5357/617 4096/5361/618 4097/5362/618 
f 4098/5363/42 4099/5364/42 4095/5360/42 4094/5359/42 
f 4097/5362/618 4096/5361/618 4100/5365/619 4101/5366/619 
f 4102/5367/42 4103/5368/42 4099/5364/42 4098/5363/42 
f 4101/5366/619 4100/5365/619 4104/5369/620 4105/5370/620 
f 4106/5371/42 4107/5372/42 4103/5368/42 4102/5367/42 
f 4108/5373/42 4107/5372/42 4106/5371/42 4109/5374/42 
f 4110/5375/126 4016/5281/2 4015/5280/2 4111/5376/635 
f 4112/5377/168 4014/5279/2 4017/5282/2 4113/5378/636 
f 4114/5379/24 4017/5282/2 4016/5281/2 4115/5380/25 
f 4015/5280/2 4019/5284/2 4116/5381/637 4111/5376/635 
f 4117/5382/168 4018/5283/2 4014/5279/2 4112/5377/168 
f 4019/5284/2 4021/5286/2 4118/5383/638 4116/5381/637 
f 4119/5384/168 4020/5285/2 4018/5283/2 4117/5382/168 
f 4021/5286/2 4023/5288/2 4120/5385/639 4118/5383/638 
f 4121/5386/168 4022/5287/2 4020/5285/2 4119/5384/168 
f 4023/5288/2 4025/5290/2 4122/5387/640 4120/5385/639 
f 4123/5388/168 4024/5289/2 4022/5287/2 4121/5386/168 
f 4025/5290/2 4027/5292/2 4124/5389/641 4122/5387/640 
f 4125/5390/168 4026/5291/2 4024/5289/2 4123/5388/168 
f 4027/5292/2 4029/5294/2 4126/5391/642 4124/5389/641 
f 4127/5392/168 4028/5293/2 4026/5291/2 4125/5390/168 
f 4029/5294/2 4031/5296/2 4128/5393/643 4126/5391/642 
f 4129/5394/168 4030/5295/2 4028/5293/2 4127/5392/168 
f 4031/5296/2 4033/5298/2 4130/5395/644 4128/5393/643 
f 4131/5396/168 4032/5297/2 4030/5295/2 4129/5394/168 
f 4033/5298/2 4035/5300/2 4132/5397/645 4130/5395/644 
f 4133/5398/636 4034/5299/2 4032/5297/2 4131/5396/168 
f 4035/5300/2 4036/5301/2 4134/5399/646 4132/5397/645 
f 4135/5400/623 4039/5304/10 4038/5303/10 4136/5401/32 
f 4137/5402/28 4038/5303/10 4041/5306/10 4138/5403/44 
f 4139/5404/624 4041/5306/10 4040/5305/10 4140/5405/39 
f 4141/5406/625 4042/5307/10 4039/5304/10 4135/5400/623 
f 4140/5405/39 4040/5305/10 4043/5308/10 4142/5407/39 
f 4143/5408/626 4044/5309/10 4042/5307/10 4141/5406/625 
f 4142/5407/39 4043/5308/10 4045/5310/10 4144/5409/39 
f 4145/5410/627 4046/5311/10 4044/5309/10 4143/5408/626 
f 4144/5409/39 4045/5310/10 4047/5312/10 4146/5411/39 
f 4147/5412/628 4048/5313/10 4046/5311/10 4145/5410/627 
f 4146/5411/39 4047/5312/10 4049/5314/10 4148/5413/39 
f 4149/5414/629 4050/5315/10 4048/5313/10 4147/5412/628 
f 4148/5413/39 4049/5314/10 4051/5316/10 4150/5415/39 
f 4151/5416/630 4052/5317/10 4050/5315/10 4149/5414/629 
f 4150/5415/39 4051/5316/10 4053/5318/10 4152/5417/39 
f 4153/5418/631 4054/5319/10 4052/5317/10 4151/5416/630 
f 4152/5417/39 4053/5318/10 4055/5320/10 4154/5419/39 
f 4155/5420/632 4056/5321/10 4054/5319/10 4153/5418/631 
f 4154/5419/39 4055/5320/10 4057/5322/10 4156/5421/39 
f 4157/5422/633 4058/5323/10 4056/5321/10 4155/5420/632 
f 4156/5421/39 4057/5322/10 4059/5324/10 4158/5423/39 
f 4159/5424/634 4160/5425/10 4058/5323/10 4157/5422/633 
f 4158/5423/39 4059/5324/10 4161/5426/10 4162/5427/39 
f 4163/5428/38 4061/5326/37 4060/5325/609 4164/5429/153 
f 4165/5430/43 4067/5332/611 4066/5331/610 4166/5431/647 
f 4061/5326/37 4110/5432/126 4111/5433/635 4062/5327/608 
f 4111/5433/635 4116/5434/637 4072/5337/612 4062/5327/608 
f 4116/5434/637 4118/5435/638 4076/5341/613 4072/5337/612 
f 4118/5435/638 4120/5436/639 4080/5345/614 4076/5341/613 
f 4120/5436/639 4122/5437/640 4084/5349/615 4080/5345/614 
f 4122/5437/640 4124/5438/641 4088/5353/616 4084/5349/615 
f 4124/5438/641 4126/5439/642 4092/5357/617 4088/5353/616 
f 4126/5439/642 4128/5440/643 4096/5361/618 4092/5357/617 
f 4128/5440/643 4130/5441/644 4100/5365/619 4096/5361/618 
f 4130/5441/644 4132/5442/645 4104/5369/620 4100/5365/619 
f 4104/5369/620 4132/5442/645 4134/5443/646 4167/5444/37 
f 4069/5334/8 4114/5445/24 4115/5446/25 4070/5335/13 
f 4070/5335/13 4163/5428/38 4164/5429/153 4071/5336/9 
f 4065/5330/42 4112/5447/168 4113/5448/636 4066/5331/610 
f 4075/5340/42 4117/5449/168 4112/5447/168 4065/5330/42 
f 4079/5344/42 4119/5450/168 4117/5449/168 4075/5340/42 
f 4083/5348/42 4121/5451/168 4119/5450/168 4079/5344/42 
f 4087/5352/42 4123/5452/168 4121/5451/168 4083/5348/42 
f 4091/5356/42 4125/5453/168 4123/5452/168 4087/5352/42 
f 4095/5360/42 4127/5454/168 4125/5453/168 4091/5356/42 
f 4099/5364/42 4129/5455/168 4127/5454/168 4095/5360/42 
f 4103/5368/42 4131/5456/168 4129/5455/168 4099/5364/42 
f 4107/5372/42 4133/5457/636 4131/5456/168 4103/5368/42 
f 4068/5333/12 4165/5458/43 4166/5459/647 4069/5334/8 
f 4063/5328/608 4135/5460/623 4136/5461/32 4060/5325/609 
f 4073/5338/612 4141/5462/625 4135/5460/623 4063/5328/608 
f 4077/5342/613 4143/5463/626 4141/5462/625 4073/5338/612 
f 4081/5346/614 4145/5464/627 4143/5463/626 4077/5342/613 
f 4085/5350/615 4147/5465/628 4145/5464/627 4081/5346/614 
f 4089/5354/616 4149/5466/629 4147/5465/628 4085/5350/615 
f 4093/5358/617 4151/5467/630 4149/5466/629 4089/5354/616 
f 4097/5362/618 4153/5468/631 4151/5467/630 4093/5358/617 
f 4101/5366/619 4155/5469/632 4153/5468/631 4097/5362/618 
f 4105/5370/620 4157/5470/633 4155/5469/632 4101/5366/619 
f 4071/5336/9 4137/5471/28 4138/5472/44 4068/5333/12 
f 4067/5332/611 4139/5473/624 4140/5474/39 4064/5329/42 
f 4064/5329/42 4140/5474/39 4142/5475/39 4074/5339/42 
f 4074/5339/42 4142/5475/39 4144/5476/39 4078/5343/42 
f 4078/5343/42 4144/5476/39 4146/5477/39 4082/5347/42 
f 4082/5347/42 4146/5477/39 4148/5478/39 4086/5351/42 
f 4086/5351/42 4148/5478/39 4150/5479/39 4090/5355/42 
f 4090/5355/42 4150/5479/39 4152/5480/39 4094/5359/42 
f 4094/5359/42 4152/5480/39 4154/5481/39 4098/5363/42 
f 4098/5363/42 4154/5481/39 4156/5482/39 4102/5367/42 
f 4102/5367/42 4156/5482/39 4158/5483/39 4106/5371/42 
f 4106/5371/42 4158/5483/39 4162/5484/39 4109/5374/42 
f 4070/5335/13 4115/5446/25 4168/5485/650 4163/5428/38 
f 4061/5326/37 4163/5428/38 4168/5485/650 4110/5432/126 
f 4016/5281/2 4110/5375/126 4168/5486/650 4115/5380/25 
f 4066/5331/610 4113/5448/636 4169/5487/651 4166/5431/647 
f 4069/5334/8 4166/5459/647 4169/5488/651 4114/5445/24 
f 4017/5282/2 4114/5379/24 4169/5489/651 4113/5378/636 
f 4038/5303/10 4137/5402/28 4170/5490/648 4136/5401/32 
f 4060/5325/609 4136/5461/32 4170/5491/648 4164/5429/153 
f 4071/5336/9 4164/5429/153 4170/5491/648 4137/5471/28 
f 4041/5306/10 4139/5404/624 4171/5492/649 4138/5403/44 
f 4068/5333/12 4138/5472/44 4171/5493/649 4165/5458/43 
f 4067/5332/611 4165/5430/43 4171/5494/649 4139/5473/624 
f 4160/5425/10 4161/5426/10 4059/5324/10 4058/5323/10 
f 4104/5369/620 4167/5444/37 4172/5495/652 4105/5370/620 
f 4133/5398/636 4173/5496/168 4037/5302/2 4034/5299/2 
f 4108/5373/42 4173/5497/168 4133/5457/636 4107/5372/42 
f 4105/5370/620 4172/5495/652 4159/5498/634 4157/5470/633 
f 4174/5499/2 4175/5500/2 4176/5501/2 4177/5502/2 
f 4178/5503/2 4174/5499/2 4177/5502/2 4179/5504/2 
f 4180/5505/2 4178/5503/2 4179/5504/2 4181/5506/2 
f 4182/5507/2 4180/5505/2 4181/5506/2 4183/5508/2 
f 4184/5509/2 4182/5507/2 4183/5508/2 4185/5510/2 
f 4186/5511/2 4184/5509/2 4185/5510/2 4187/5512/2 
f 4188/5513/2 4186/5511/2 4187/5512/2 4189/5514/2 
f 4190/5515/2 4188/5513/2 4189/5514/2 4191/5516/2 
f 4192/5517/2 4190/5515/2 4191/5516/2 4193/5518/2 
f 4194/5519/2 4192/5517/2 4193/5518/2 4195/5520/2 
f 4036/5301/2 4037/5302/2 4194/5519/2 4195/5520/2 
f 4196/5521/10 4197/5522/10 4198/5523/10 4199/5524/10 
f 4199/5524/10 4198/5523/10 4200/5525/10 4201/5526/10 
f 4201/5526/10 4200/5525/10 4202/5527/10 4203/5528/10 
f 4203/5528/10 4202/5527/10 4204/5529/10 4205/5530/10 
f 4205/5530/10 4204/5529/10 4206/5531/10 4207/5532/10 
f 4207/5532/10 4206/5531/10 4208/5533/10 4209/5534/10 
f 4209/5534/10 4208/5533/10 4210/5535/10 4211/5536/10 
f 4211/5536/10 4210/5535/10 4212/5537/10 4213/5538/10 
f 4213/5538/10 4212/5537/10 4214/5539/10 4215/5540/10 
f 4215/5540/10 4214/5539/10 4216/5541/10 4217/5542/10 
f 4218/5543/653 4219/5544/654 4220/5545/654 4221/5546/652 
f 4222/5547/42 4223/5548/42 4224/5549/622 4225/5550/42 
f 4226/5551/27 4227/5552/6 4228/5553/7 4229/5554/5 
f 4219/5544/654 4230/5555/655 4231/5556/655 4220/5545/654 
f 4232/5557/42 4222/5547/42 4225/5550/42 4233/5558/42 
f 4230/5555/655 4234/5559/656 4235/5560/656 4231/5556/655 
f 4236/5561/42 4232/5557/42 4233/5558/42 4237/5562/42 
f 4234/5559/656 4238/5563/657 4239/5564/657 4235/5560/656 
f 4240/5565/42 4236/5561/42 4237/5562/42 4241/5566/42 
f 4238/5563/657 4242/5567/658 4243/5568/658 4239/5564/657 
f 4244/5569/42 4240/5565/42 4241/5566/42 4245/5570/42 
f 4242/5567/658 4246/5571/659 4247/5572/659 4243/5568/658 
f 4248/5573/42 4244/5569/42 4245/5570/42 4249/5574/42 
f 4246/5571/659 4250/5575/660 4251/5576/660 4247/5572/659 
f 4252/5577/42 4248/5573/42 4249/5574/42 4253/5578/42 
f 4250/5575/660 4254/5579/661 4255/5580/661 4251/5576/660 
f 4256/5581/42 4252/5577/42 4253/5578/42 4257/5582/42 
f 4254/5579/661 4258/5583/662 4259/5584/662 4255/5580/661 
f 4260/5585/42 4256/5581/42 4257/5582/42 4261/5586/42 
f 4258/5583/662 4262/5587/664 4263/5588/664 4259/5584/662 
f 4264/5589/42 4260/5585/42 4261/5586/42 4265/5590/42 
f 4108/5373/42 4109/5374/42 4264/5589/42 4265/5590/42 
f 4266/5591/127 4267/5592/675 4177/5502/2 4176/5501/2 
f 4268/5593/168 4269/5594/168 4175/5500/2 4174/5499/2 
f 4270/5595/23 4271/5596/22 4176/5501/2 4175/5500/2 
f 4177/5502/2 4267/5592/675 4272/5597/676 4179/5504/2 
f 4273/5598/168 4268/5593/168 4174/5499/2 4178/5503/2 
f 4179/5504/2 4272/5597/676 4274/5599/677 4181/5506/2 
f 4275/5600/168 4273/5598/168 4178/5503/2 4180/5505/2 
f 4181/5506/2 4274/5599/677 4276/5601/678 4183/5508/2 
f 4277/5602/168 4275/5600/168 4180/5505/2 4182/5507/2 
f 4183/5508/2 4276/5601/678 4278/5603/679 4185/5510/2 
f 4279/5604/168 4277/5602/168 4182/5507/2 4184/5509/2 
f 4185/5510/2 4278/5603/679 4280/5605/680 4187/5512/2 
f 4281/5606/168 4279/5604/168 4184/5509/2 4186/5511/2 
f 4187/5512/2 4280/5605/680 4282/5607/681 4189/5514/2 
f 4283/5608/168 4281/5606/168 4186/5511/2 4188/5513/2 
f 4189/5514/2 4282/5607/681 4284/5609/682 4191/5516/2 
f 4285/5610/168 4283/5608/168 4188/5513/2 4190/5515/2 
f 4191/5516/2 4284/5609/682 4286/5611/683 4193/5518/2 
f 4287/5612/168 4285/5610/168 4190/5515/2 4192/5517/2 
f 4193/5518/2 4286/5611/683 4288/5613/684 4195/5520/2 
f 4289/5614/168 4287/5612/168 4192/5517/2 4194/5519/2 
f 4195/5520/2 4288/5613/684 4134/5399/646 4036/5301/2 
f 4290/5615/665 4291/5616/223 4196/5521/10 4199/5524/10 
f 4292/5617/31 4293/5618/26 4197/5522/10 4196/5521/10 
f 4294/5619/39 4295/5620/39 4198/5523/10 4197/5522/10 
f 4296/5621/666 4290/5615/665 4199/5524/10 4201/5526/10 
f 4295/5620/39 4297/5622/39 4200/5525/10 4198/5523/10 
f 4298/5623/667 4296/5621/666 4201/5526/10 4203/5528/10 
f 4297/5622/39 4299/5624/39 4202/5527/10 4200/5525/10 
f 4300/5625/668 4298/5623/667 4203/5528/10 4205/5530/10 
f 4299/5624/39 4301/5626/39 4204/5529/10 4202/5527/10 
f 4302/5627/669 4300/5625/668 4205/5530/10 4207/5532/10 
f 4301/5626/39 4303/5628/39 4206/5531/10 4204/5529/10 
f 4304/5629/670 4302/5627/669 4207/5532/10 4209/5534/10 
f 4303/5628/39 4305/5630/39 4208/5533/10 4206/5531/10 
f 4306/5631/671 4304/5629/670 4209/5534/10 4211/5536/10 
f 4305/5630/39 4307/5632/39 4210/5535/10 4208/5533/10 
f 4308/5633/672 4306/5631/671 4211/5536/10 4213/5538/10 
f 4307/5632/39 4309/5634/39 4212/5537/10 4210/5535/10 
f 4310/5635/673 4308/5633/672 4213/5538/10 4215/5540/10 
f 4309/5634/39 4311/5636/39 4214/5539/10 4212/5537/10 
f 4312/5637/674 4310/5635/673 4215/5540/10 4217/5542/10 
f 4311/5636/39 4313/5638/39 4216/5541/10 4214/5539/10 
f 4159/5424/634 4312/5637/674 4217/5542/10 4160/5425/10 
f 4313/5638/39 4162/5427/39 4161/5426/10 4216/5541/10 
f 4314/5639/36 4315/5640/125 4218/5543/653 4221/5546/652 
f 4316/5641/29 4317/5642/685 4224/5549/622 4223/5548/42 
f 4221/5546/652 4220/5545/654 4267/5643/675 4266/5644/127 
f 4267/5643/675 4220/5545/654 4231/5556/655 4272/5645/676 
f 4272/5645/676 4231/5556/655 4235/5560/656 4274/5646/677 
f 4274/5646/677 4235/5560/656 4239/5564/657 4276/5647/678 
f 4276/5647/678 4239/5564/657 4243/5568/658 4278/5648/679 
f 4278/5648/679 4243/5568/658 4247/5572/659 4280/5649/680 
f 4280/5649/680 4247/5572/659 4251/5576/660 4282/5650/681 
f 4282/5650/681 4251/5576/660 4255/5580/661 4284/5651/682 
f 4284/5651/682 4255/5580/661 4259/5584/662 4286/5652/683 
f 4286/5652/683 4259/5584/662 4263/5588/664 4288/5653/684 
f 4263/5588/664 4167/5444/37 4134/5443/646 4288/5653/684 
f 4229/5554/5 4228/5553/7 4271/5654/22 4270/5655/23 
f 4228/5553/7 4227/5552/6 4315/5656/125 4314/5657/36 
f 4225/5550/42 4224/5549/622 4269/5658/168 4268/5659/168 
f 4233/5558/42 4225/5550/42 4268/5659/168 4273/5660/168 
f 4237/5562/42 4233/5558/42 4273/5660/168 4275/5661/168 
f 4241/5566/42 4237/5562/42 4275/5661/168 4277/5662/168 
f 4245/5570/42 4241/5566/42 4277/5662/168 4279/5663/168 
f 4249/5574/42 4245/5570/42 4279/5663/168 4281/5664/168 
f 4253/5578/42 4249/5574/42 4281/5664/168 4283/5665/168 
f 4257/5582/42 4253/5578/42 4283/5665/168 4285/5666/168 
f 4261/5586/42 4257/5582/42 4285/5666/168 4287/5667/168 
f 4265/5590/42 4261/5586/42 4287/5667/168 4289/5668/168 
f 4226/5551/27 4229/5554/5 4317/5642/685 4316/5641/29 
f 4219/5544/654 4218/5543/653 4291/5669/223 4290/5670/665 
f 4230/5555/655 4219/5544/654 4290/5670/665 4296/5671/666 
f 4234/5559/656 4230/5555/655 4296/5671/666 4298/5672/667 
f 4238/5563/657 4234/5559/656 4298/5672/667 4300/5673/668 
f 4242/5567/658 4238/5563/657 4300/5673/668 4302/5674/669 
f 4246/5571/659 4242/5567/658 4302/5674/669 4304/5675/670 
f 4250/5575/660 4246/5571/659 4304/5675/670 4306/5676/671 
f 4254/5579/661 4250/5575/660 4306/5676/671 4308/5677/672 
f 4258/5583/662 4254/5579/661 4308/5677/672 4310/5678/673 
f 4262/5587/664 4258/5583/662 4310/5678/673 4312/5679/674 
f 4227/5552/6 4226/5551/27 4293/5680/26 4292/5681/31 
f 4223/5548/42 4222/5547/42 4295/5682/39 4294/5683/39 
f 4222/5547/42 4232/5557/42 4297/5684/39 4295/5682/39 
f 4232/5557/42 4236/5561/42 4299/5685/39 4297/5684/39 
f 4236/5561/42 4240/5565/42 4301/5686/39 4299/5685/39 
f 4240/5565/42 4244/5569/42 4303/5687/39 4301/5686/39 
f 4244/5569/42 4248/5573/42 4305/5688/39 4303/5687/39 
f 4248/5573/42 4252/5577/42 4307/5689/39 4305/5688/39 
f 4252/5577/42 4256/5581/42 4309/5690/39 4307/5689/39 
f 4256/5581/42 4260/5585/42 4311/5691/39 4309/5690/39 
f 4260/5585/42 4264/5589/42 4313/5692/39 4311/5691/39 
f 4264/5589/42 4109/5374/42 4162/5484/39 4313/5692/39 
f 4228/5553/7 4314/5657/36 4318/5693/688 4271/5654/22 
f 4221/5546/652 4266/5644/127 4318/5694/688 4314/5639/36 
f 4176/5501/2 4271/5596/22 4318/5695/688 4266/5591/127 
f 4224/5549/622 4317/5642/685 4319/5696/689 4269/5658/168 
f 4229/5554/5 4270/5655/23 4319/5696/689 4317/5642/685 
f 4175/5500/2 4269/5594/168 4319/5697/689 4270/5595/23 
f 4196/5521/10 4291/5616/223 4320/5698/686 4292/5617/31 
f 4218/5543/653 4315/5640/125 4320/5699/686 4291/5669/223 
f 4227/5552/6 4292/5681/31 4320/5700/686 4315/5656/125 
f 4197/5522/10 4293/5618/26 4321/5701/687 4294/5619/39 
f 4226/5551/27 4316/5641/29 4321/5702/687 4293/5680/26 
f 4223/5548/42 4294/5683/39 4321/5702/687 4316/5641/29 
f 4160/5425/10 4217/5542/10 4216/5541/10 4161/5426/10 
f 4263/5588/664 4262/5587/664 4172/5495/652 4167/5444/37 
f 4289/5614/168 4194/5519/2 4037/5302/2 4173/5496/168 
f 4108/5373/42 4265/5590/42 4289/5668/168 4173/5497/168 
f 4262/5587/664 4312/5679/674 4159/5498/634 4172/5495/652 
f 4322/5703/9 4323/5704/9 4324/5705/9 4325/5706/9 
f 4326/5707/9 4327/5708/9 4323/5704/9 4322/5703/9 
f 4328/5709/9 4329/5710/9 4327/5708/9 4326/5707/9 
f 4330/5711/9 4331/5712/9 4329/5710/9 4328/5709/9 
f 4332/5713/9 4333/5714/9 4331/5712/9 4330/5711/9 
f 4334/5715/9 4335/5716/9 4333/5714/9 4332/5713/9 
f 4336/5717/9 4337/5718/9 4335/5716/9 4334/5715/9 
f 4338/5719/9 4339/5720/9 4337/5718/9 4336/5717/9 
f 4340/5721/9 4341/5722/9 4339/5720/9 4338/5719/9 
f 4342/5723/9 4343/5724/9 4341/5722/9 4340/5721/9 
f 4344/5725/9 4345/5726/9 4343/5724/9 4342/5723/9 
f 4346/5727/9 4347/5728/9 4345/5726/9 4344/5725/9 
f 4348/5729/9 4349/5730/9 4347/5728/9 4346/5727/9 
f 4350/5731/9 4351/5732/9 4349/5730/9 4348/5729/9 
f 4352/5733/9 4353/5734/9 4351/5732/9 4350/5731/9 
f 4354/5735/9 4355/5736/9 4353/5734/9 4352/5733/9 
f 4356/5737/9 4357/5738/9 4355/5736/9 4354/5735/9 
f 4358/5739/9 4359/5740/9 4357/5738/9 4356/5737/9 
f 4360/5741/9 4361/5742/9 4359/5740/9 4358/5739/9 
f 4362/5743/9 4363/5744/9 4361/5742/9 4360/5741/9 
f 4364/5745/9 4365/5746/9 4363/5744/9 4362/5743/9 
f 4366/5747/9 4367/5748/9 4365/5746/9 4364/5745/9 
f 4368/5749/9 4369/5750/9 4367/5748/9 4366/5747/9 
f 4370/5751/9 4371/5752/9 4369/5750/9 4368/5749/9 
f 2403/3139/9 2404/3140/9 4371/5752/9 4370/5751/9 
f 4372/5753/6 4373/5754/6 4374/5755/6 4375/5756/6 
f 4373/5754/6 4376/5757/6 4377/5758/6 4374/5755/6 
f 4376/5757/6 4378/5759/6 4379/5760/6 4377/5758/6 
f 4378/5759/6 4380/5761/6 4381/5762/6 4379/5760/6 
f 4380/5761/6 4382/5763/6 4383/5764/6 4381/5762/6 
f 4382/5763/6 4384/5765/6 4385/5766/6 4383/5764/6 
f 4384/5765/6 4386/5767/6 4387/5768/6 4385/5766/6 
f 4386/5767/6 4388/5769/6 4389/5770/6 4387/5768/6 
f 4388/5769/6 4390/5771/6 4391/5772/6 4389/5770/6 
f 4390/5771/6 4392/5773/6 4393/5774/6 4391/5772/6 
f 4392/5773/6 4394/5775/6 4395/5776/6 4393/5774/6 
f 4394/5775/6 4396/5777/6 4397/5778/6 4395/5776/6 
f 4396/5777/6 4398/5779/6 4399/5780/6 4397/5778/6 
f 4398/5779/6 4400/5781/6 4401/5782/6 4399/5780/6 
f 4400/5781/6 4402/5783/6 4403/5784/6 4401/5782/6 
f 4402/5783/6 4404/5785/6 4405/5786/6 4403/5784/6 
f 4404/5785/6 4406/5787/6 4407/5788/6 4405/5786/6 
f 4406/5787/6 4408/5789/6 4409/5790/6 4407/5788/6 
f 4408/5789/6 4410/5791/6 4411/5792/6 4409/5790/6 
f 4410/5791/6 4412/5793/6 4413/5794/6 4411/5792/6 
f 4412/5793/6 4414/5795/6 4415/5796/6 4413/5794/6 
f 4414/5795/6 4416/5797/6 4417/5798/6 4415/5796/6 
f 4416/5797/6 4418/5799/6 4419/5800/6 4417/5798/6 
f 4418/5799/6 4420/5801/6 4421/5802/6 4419/5800/6 
f 4420/5801/6 2456/3192/6 2455/3191/6 4421/5802/6 
f 4422/5803/653 4423/5804/609 4424/5805/917 4425/5806/917 
f 4426/5807/42 4427/5808/42 4428/5809/611 4429/5810/42 
f 4430/5811/11 4431/5812/154 4432/5813/155 4433/5814/10 
f 4425/5806/917 4424/5805/917 4434/5815/918 4435/5816/918 
f 4436/5817/42 4437/5818/42 4427/5808/42 4426/5807/42 
f 4435/5816/918 4434/5815/918 4438/5819/919 4439/5820/919 
f 4440/5821/42 4441/5822/42 4437/5818/42 4436/5817/42 
f 4439/5820/919 4438/5819/919 4442/5823/920 4443/5824/920 
f 4444/5825/42 4445/5826/42 4441/5822/42 4440/5821/42 
f 4443/5824/920 4442/5823/920 4446/5827/921 4447/5828/921 
f 4448/5829/42 4449/5830/42 4445/5826/42 4444/5825/42 
f 4447/5828/921 4446/5827/921 4450/5831/922 4451/5832/922 
f 4452/5833/42 4453/5834/42 4449/5830/42 4448/5829/42 
f 4451/5832/922 4450/5831/922 4454/5835/923 4455/5836/923 
f 4456/5837/42 4457/5838/42 4453/5834/42 4452/5833/42 
f 4455/5836/923 4454/5835/923 4458/5839/924 4459/5840/924 
f 4460/5841/42 4461/5842/42 4457/5838/42 4456/5837/42 
f 4459/5840/924 4458/5839/924 4462/5843/925 4463/5844/925 
f 4464/5845/42 4465/5846/42 4461/5842/42 4460/5841/42 
f 4463/5844/925 4462/5843/925 4466/5847/926 4467/5848/926 
f 4468/5849/42 4469/5850/42 4465/5846/42 4464/5845/42 
f 4467/5848/926 4466/5847/926 4470/5851/927 4471/5852/927 
f 4472/5853/42 4473/5854/42 4469/5850/42 4468/5849/42 
f 4471/5852/927 4470/5851/927 4474/5855/928 4475/5856/928 
f 4476/5857/42 4477/5858/42 4473/5854/42 4472/5853/42 
f 4475/5856/928 4474/5855/928 4478/5859/929 4479/5860/929 
f 4480/5861/42 4481/5862/42 4477/5858/42 4476/5857/42 
f 4479/5860/929 4478/5859/929 4482/5863/930 4483/5864/930 
f 4484/5865/42 4485/5866/42 4481/5862/42 4480/5861/42 
f 4483/5864/930 4482/5863/930 4486/5867/931 4487/5868/931 
f 4488/5869/42 4489/5870/42 4485/5866/42 4484/5865/42 
f 4487/5868/931 4486/5867/931 4490/5871/932 4491/5872/932 
f 4492/5873/42 4493/5874/42 4489/5870/42 4488/5869/42 
f 4491/5872/932 4490/5871/932 4494/5875/933 4495/5876/933 
f 4496/5877/42 4497/5878/42 4493/5874/42 4492/5873/42 
f 4495/5876/933 4494/5875/933 4498/5879/934 4499/5880/934 
f 4500/5881/42 4501/5882/42 4497/5878/42 4496/5877/42 
f 4499/5880/934 4498/5879/934 4502/5883/935 4503/5884/935 
f 4504/5885/42 4505/5886/42 4501/5882/42 4500/5881/42 
f 4503/5884/935 4502/5883/935 4506/5887/936 4507/5888/936 
f 4508/5889/42 4509/5890/42 4505/5886/42 4504/5885/42 
f 4507/5888/936 4506/5887/936 4510/5891/937 4511/5892/937 
f 4512/5893/42 4513/5894/42 4509/5890/42 4508/5889/42 
f 4511/5892/937 4510/5891/937 4514/5895/938 4515/5896/938 
f 4516/5897/42 4517/5898/42 4513/5894/42 4512/5893/42 
f 4515/5896/938 4514/5895/938 4518/5899/939 4519/5900/939 
f 4520/5901/42 4521/5902/42 4517/5898/42 4516/5897/42 
f 4519/5900/939 4518/5899/939 4522/5903/940 4523/5904/941 
f 4524/5905/42 4525/5906/42 4521/5902/42 4520/5901/42 
f 4523/5904/941 4522/5903/940 2562/3298/652 2561/3297/37 
f 2563/3299/42 2564/3300/42 4525/5906/42 4524/5905/42 
f 4526/5907/153 4324/5705/9 4323/5704/9 4527/5908/942 
f 4528/5909/43 4322/5703/9 4325/5706/9 4529/5910/43 
f 4530/5911/44 4325/5706/9 4324/5705/9 4531/5912/28 
f 4323/5704/9 4327/5708/9 4532/5913/943 4527/5908/942 
f 4533/5914/43 4326/5707/9 4322/5703/9 4528/5909/43 
f 4327/5708/9 4329/5710/9 4534/5915/944 4532/5913/943 
f 4535/5916/43 4328/5709/9 4326/5707/9 4533/5914/43 
f 4329/5710/9 4331/5712/9 4536/5917/945 4534/5915/944 
f 4537/5918/43 4330/5711/9 4328/5709/9 4535/5916/43 
f 4331/5712/9 4333/5714/9 4538/5919/946 4536/5917/945 
f 4539/5920/43 4332/5713/9 4330/5711/9 4537/5918/43 
f 4333/5714/9 4335/5716/9 4540/5921/947 4538/5919/946 
f 4541/5922/43 4334/5715/9 4332/5713/9 4539/5920/43 
f 4335/5716/9 4337/5718/9 4542/5923/948 4540/5921/947 
f 4543/5924/43 4336/5717/9 4334/5715/9 4541/5922/43 
f 4337/5718/9 4339/5720/9 4544/5925/949 4542/5923/948 
f 4545/5926/43 4338/5719/9 4336/5717/9 4543/5924/43 
f 4339/5720/9 4341/5722/9 4546/5927/950 4544/5925/949 
f 4547/5928/43 4340/5721/9 4338/5719/9 4545/5926/43 
f 4341/5722/9 4343/5724/9 4548/5929/951 4546/5927/950 
f 4549/5930/43 4342/5723/9 4340/5721/9 4547/5928/43 
f 4343/5724/9 4345/5726/9 4550/5931/952 4548/5929/951 
f 4551/5932/43 4344/5725/9 4342/5723/9 4549/5930/43 
f 4345/5726/9 4347/5728/9 4552/5933/953 4550/5931/952 
f 4553/5934/43 4346/5727/9 4344/5725/9 4551/5932/43 
f 4347/5728/9 4349/5730/9 4554/5935/954 4552/5933/953 
f 4555/5936/43 4348/5729/9 4346/5727/9 4553/5934/43 
f 4349/5730/9 4351/5732/9 4556/5937/955 4554/5935/954 
f 4557/5938/43 4350/5731/9 4348/5729/9 4555/5936/43 
f 4351/5732/9 4353/5734/9 4558/5939/956 4556/5937/955 
f 4559/5940/43 4352/5733/9 4350/5731/9 4557/5938/43 
f 4353/5734/9 4355/5736/9 4560/5941/957 4558/5939/956 
f 4561/5942/43 4354/5735/9 4352/5733/9 4559/5940/43 
f 4355/5736/9 4357/5738/9 4562/5943/958 4560/5941/957 
f 4563/5944/43 4356/5737/9 4354/5735/9 4561/5942/43 
f 4357/5738/9 4359/5740/9 4564/5945/959 4562/5943/958 
f 4565/5946/43 4358/5739/9 4356/5737/9 4563/5944/43 
f 4359/5740/9 4361/5742/9 4566/5947/960 4564/5945/959 
f 4567/5948/43 4360/5741/9 4358/5739/9 4565/5946/43 
f 4361/5742/9 4363/5744/9 4568/5949/961 4566/5947/960 
f 4569/5950/43 4362/5743/9 4360/5741/9 4567/5948/43 
f 4363/5744/9 4365/5746/9 4570/5951/962 4568/5949/961 
f 4571/5952/43 4364/5745/9 4362/5743/9 4569/5950/43 
f 4570/5951/962 4365/5746/9 4367/5748/9 4572/5953/963 
f 4573/5954/43 4366/5747/9 4364/5745/9 4571/5952/43 
f 4572/5953/963 4367/5748/9 4369/5750/9 4574/5955/964 
f 4575/5956/43 4368/5749/9 4366/5747/9 4573/5954/43 
f 4574/5955/964 4369/5750/9 4371/5752/9 4576/5957/965 
f 4577/5958/43 4370/5751/9 4368/5749/9 4575/5956/43 
f 4576/5957/965 4371/5752/9 2404/3140/9 2617/3353/739 
f 2618/3354/43 2403/3139/9 4370/5751/9 4577/5958/43 
f 4578/5959/966 4373/5754/6 4372/5753/6 4579/5960/125 
f 4580/5961/31 4372/5753/6 4375/5756/6 4581/5962/26 
f 4582/5963/29 4375/5756/6 4374/5755/6 4583/5964/29 
f 4584/5965/967 4376/5757/6 4373/5754/6 4578/5959/966 
f 4583/5964/29 4374/5755/6 4377/5758/6 4585/5966/29 
f 4586/5967/968 4378/5759/6 4376/5757/6 4584/5965/967 
f 4585/5966/29 4377/5758/6 4379/5760/6 4587/5968/29 
f 4588/5969/969 4380/5761/6 4378/5759/6 4586/5967/968 
f 4587/5968/29 4379/5760/6 4381/5762/6 4589/5970/29 
f 4590/5971/970 4382/5763/6 4380/5761/6 4588/5969/969 
f 4589/5970/29 4381/5762/6 4383/5764/6 4591/5972/29 
f 4592/5973/971 4384/5765/6 4382/5763/6 4590/5971/970 
f 4591/5972/29 4383/5764/6 4385/5766/6 4593/5974/29 
f 4594/5975/972 4386/5767/6 4384/5765/6 4592/5973/971 
f 4593/5974/29 4385/5766/6 4387/5768/6 4595/5976/29 
f 4596/5977/973 4388/5769/6 4386/5767/6 4594/5975/972 
f 4595/5976/29 4387/5768/6 4389/5770/6 4597/5978/29 
f 4598/5979/974 4390/5771/6 4388/5769/6 4596/5977/973 
f 4597/5978/29 4389/5770/6 4391/5772/6 4599/5980/29 
f 4600/5981/975 4392/5773/6 4390/5771/6 4598/5979/974 
f 4599/5980/29 4391/5772/6 4393/5774/6 4601/5982/29 
f 4602/5983/976 4394/5775/6 4392/5773/6 4600/5981/975 
f 4601/5982/29 4393/5774/6 4395/5776/6 4603/5984/29 
f 4604/5985/977 4396/5777/6 4394/5775/6 4602/5983/976 
f 4603/5984/29 4395/5776/6 4397/5778/6 4605/5986/29 
f 4606/5987/978 4398/5779/6 4396/5777/6 4604/5985/977 
f 4605/5986/29 4397/5778/6 4399/5780/6 4607/5988/29 
f 4608/5989/979 4400/5781/6 4398/5779/6 4606/5987/978 
f 4607/5988/29 4399/5780/6 4401/5782/6 4609/5990/29 
f 4610/5991/980 4402/5783/6 4400/5781/6 4608/5989/979 
f 4609/5990/29 4401/5782/6 4403/5784/6 4611/5992/29 
f 4612/5993/981 4404/5785/6 4402/5783/6 4610/5991/980 
f 4611/5992/29 4403/5784/6 4405/5786/6 4613/5994/29 
f 4614/5995/982 4406/5787/6 4404/5785/6 4612/5993/981 
f 4613/5994/29 4405/5786/6 4407/5788/6 4615/5996/29 
f 4616/5997/983 4408/5789/6 4406/5787/6 4614/5995/982 
f 4615/5996/29 4407/5788/6 4409/5790/6 4617/5998/29 
f 4618/5999/984 4410/5791/6 4408/5789/6 4616/5997/983 
f 4617/5998/29 4409/5790/6 4411/5792/6 4619/6000/29 
f 4620/6001/985 4412/5793/6 4410/5791/6 4618/5999/984 
f 4619/6000/29 4411/5792/6 4413/5794/6 4621/6002/29 
f 4622/6003/986 4414/5795/6 4412/5793/6 4620/6001/985 
f 4621/6002/29 4413/5794/6 4415/5796/6 4623/6004/29 
f 4624/6005/987 4416/5797/6 4414/5795/6 4622/6003/986 
f 4623/6004/29 4415/5796/6 4417/5798/6 4625/6006/29 
f 4626/6007/988 4418/5799/6 4416/5797/6 4624/6005/987 
f 4625/6006/29 4417/5798/6 4419/5800/6 4627/6008/29 
f 4628/6009/989 4420/5801/6 4418/5799/6 4626/6007/988 
f 4627/6008/29 4419/5800/6 4421/5802/6 4629/6010/29 
f 2671/3407/764 2456/3192/6 4420/5801/6 4628/6009/989 
f 4629/6010/29 4421/5802/6 2455/3191/6 2672/3408/29 
f 4630/6011/32 4423/5804/609 4422/5803/653 4631/6012/223 
f 4632/6013/39 4429/5810/42 4428/5809/611 4633/6014/624 
f 4423/5804/609 4526/6015/153 4527/6016/942 4424/5805/917 
f 4527/6016/942 4532/6017/943 4434/5815/918 4424/5805/917 
f 4532/6017/943 4534/6018/944 4438/5819/919 4434/5815/918 
f 4534/6018/944 4536/6019/945 4442/5823/920 4438/5819/919 
f 4536/6019/945 4538/6020/946 4446/5827/921 4442/5823/920 
f 4538/6020/946 4540/6021/947 4450/5831/922 4446/5827/921 
f 4540/6021/947 4542/6022/948 4454/5835/923 4450/5831/922 
f 4542/6022/948 4544/6023/949 4458/5839/924 4454/5835/923 
f 4544/6023/949 4546/6024/950 4462/5843/925 4458/5839/924 
f 4546/6024/950 4548/6025/951 4466/5847/926 4462/5843/925 
f 4548/6025/951 4550/6026/952 4470/5851/927 4466/5847/926 
f 4550/6026/952 4552/6027/953 4474/5855/928 4470/5851/927 
f 4552/6027/953 4554/6028/954 4478/5859/929 4474/5855/928 
f 4554/6028/954 4556/6029/955 4482/5863/930 4478/5859/929 
f 4556/6029/955 4558/6030/956 4486/5867/931 4482/5863/930 
f 4558/6030/956 4560/6031/957 4490/5871/932 4486/5867/931 
f 4560/6031/957 4562/6032/958 4494/5875/933 4490/5871/932 
f 4562/6032/958 4564/6033/959 4498/5879/934 4494/5875/933 
f 4564/6033/959 4566/6034/960 4502/5883/935 4498/5879/934 
f 4566/6034/960 4568/6035/961 4506/5887/936 4502/5883/935 
f 4568/6035/961 4570/6036/962 4510/5891/937 4506/5887/936 
f 4510/5891/937 4570/6036/962 4572/6037/963 4514/5895/938 
f 4514/5895/938 4572/6037/963 4574/6038/964 4518/5899/939 
f 4518/5899/939 4574/6038/964 4576/6039/965 4522/5903/940 
f 4522/5903/940 4576/6039/965 2617/3438/739 2562/3298/652 
f 4431/5812/154 4530/6040/44 4531/6041/28 4432/5813/155 
f 4432/5813/155 4630/6011/32 4631/6012/223 4433/5814/10 
f 4427/5808/42 4528/6042/43 4529/6043/43 4428/5809/611 
f 4437/5818/42 4533/6044/43 4528/6042/43 4427/5808/42 
f 4441/5822/42 4535/6045/43 4533/6044/43 4437/5818/42 
f 4445/5826/42 4537/6046/43 4535/6045/43 4441/5822/42 
f 4449/5830/42 4539/6047/43 4537/6046/43 4445/5826/42 
f 4453/5834/42 4541/6048/43 4539/6047/43 4449/5830/42 
f 4457/5838/42 4543/6049/43 4541/6048/43 4453/5834/42 
f 4461/5842/42 4545/6050/43 4543/6049/43 4457/5838/42 
f 4465/5846/42 4547/6051/43 4545/6050/43 4461/5842/42 
f 4469/5850/42 4549/6052/43 4547/6051/43 4465/5846/42 
f 4473/5854/42 4551/6053/43 4549/6052/43 4469/5850/42 
f 4477/5858/42 4553/6054/43 4551/6053/43 4473/5854/42 
f 4481/5862/42 4555/6055/43 4553/6054/43 4477/5858/42 
f 4485/5866/42 4557/6056/43 4555/6055/43 4481/5862/42 
f 4489/5870/42 4559/6057/43 4557/6056/43 4485/5866/42 
f 4493/5874/42 4561/6058/43 4559/6057/43 4489/5870/42 
f 4497/5878/42 4563/6059/43 4561/6058/43 4493/5874/42 
f 4501/5882/42 4565/6060/43 4563/6059/43 4497/5878/42 
f 4505/5886/42 4567/6061/43 4565/6060/43 4501/5882/42 
f 4509/5890/42 4569/6062/43 4567/6061/43 4505/5886/42 
f 4513/5894/42 4571/6063/43 4569/6062/43 4509/5890/42 
f 4517/5898/42 4573/6064/43 4571/6063/43 4513/5894/42 
f 4521/5902/42 4575/6065/43 4573/6064/43 4517/5898/42 
f 4525/5906/42 4577/6066/43 4575/6065/43 4521/5902/42 
f 2564/3300/42 2618/3468/43 4577/6066/43 4525/5906/42 
f 4430/5811/11 4632/6067/39 4633/6068/624 4431/5812/154 
f 4425/5806/917 4578/6069/966 4579/6070/125 4422/5803/653 
f 4435/5816/918 4584/6071/967 4578/6069/966 4425/5806/917 
f 4439/5820/919 4586/6072/968 4584/6071/967 4435/5816/918 
f 4443/5824/920 4588/6073/969 4586/6072/968 4439/5820/919 
f 4447/5828/921 4590/6074/970 4588/6073/969 4443/5824/920 
f 4451/5832/922 4592/6075/971 4590/6074/970 4447/5828/921 
f 4455/5836/923 4594/6076/972 4592/6075/971 4451/5832/922 
f 4459/5840/924 4596/6077/973 4594/6076/972 4455/5836/923 
f 4463/5844/925 4598/6078/974 4596/6077/973 4459/5840/924 
f 4467/5848/926 4600/6079/975 4598/6078/974 4463/5844/925 
f 4471/5852/927 4602/6080/976 4600/6079/975 4467/5848/926 
f 4475/5856/928 4604/6081/977 4602/6080/976 4471/5852/927 
f 4479/5860/929 4606/6082/978 4604/6081/977 4475/5856/928 
f 4483/5864/930 4608/6083/979 4606/6082/978 4479/5860/929 
f 4487/5868/931 4610/6084/980 4608/6083/979 4483/5864/930 
f 4491/5872/932 4612/6085/981 4610/6084/980 4487/5868/931 
f 4495/5876/933 4614/6086/982 4612/6085/981 4491/5872/932 
f 4499/5880/934 4616/6087/983 4614/6086/982 4495/5876/933 
f 4503/5884/935 4618/6088/984 4616/6087/983 4499/5880/934 
f 4507/5888/936 4620/6089/985 4618/6088/984 4503/5884/935 
f 4511/5892/937 4622/6090/986 4620/6089/985 4507/5888/936 
f 4515/5896/938 4624/6091/987 4622/6090/986 4511/5892/937 
f 4519/5900/939 4626/6092/988 4624/6091/987 4515/5896/938 
f 4523/5904/941 4628/6093/989 4626/6092/988 4519/5900/939 
f 2561/3297/37 2671/3494/764 4628/6093/989 4523/5904/941 
f 4433/5814/10 4580/6094/31 4581/6095/26 4430/5811/11 
f 4429/5810/42 4582/6096/29 4583/6097/29 4426/5807/42 
f 4426/5807/42 4583/6097/29 4585/6098/29 4436/5817/42 
f 4436/5817/42 4585/6098/29 4587/6099/29 4440/5821/42 
f 4440/5821/42 4587/6099/29 4589/6100/29 4444/5825/42 
f 4444/5825/42 4589/6100/29 4591/6101/29 4448/5829/42 
f 4448/5829/42 4591/6101/29 4593/6102/29 4452/5833/42 
f 4452/5833/42 4593/6102/29 4595/6103/29 4456/5837/42 
f 4456/5837/42 4595/6103/29 4597/6104/29 4460/5841/42 
f 4460/5841/42 4597/6104/29 4599/6105/29 4464/5845/42 
f 4464/5845/42 4599/6105/29 4601/6106/29 4468/5849/42 
f 4468/5849/42 4601/6106/29 4603/6107/29 4472/5853/42 
f 4472/5853/42 4603/6107/29 4605/6108/29 4476/5857/42 
f 4476/5857/42 4605/6108/29 4607/6109/29 4480/5861/42 
f 4480/5861/42 4607/6109/29 4609/6110/29 4484/5865/42 
f 4484/5865/42 4609/6110/29 4611/6111/29 4488/5869/42 
f 4488/5869/42 4611/6111/29 4613/6112/29 4492/5873/42 
f 4492/5873/42 4613/6112/29 4615/6113/29 4496/5877/42 
f 4496/5877/42 4615/6113/29 4617/6114/29 4500/5881/42 
f 4500/5881/42 4617/6114/29 4619/6115/29 4504/5885/42 
f 4504/5885/42 4619/6115/29 4621/6116/29 4508/5889/42 
f 4508/5889/42 4621/6116/29 4623/6117/29 4512/5893/42 
f 4512/5893/42 4623/6117/29 4625/6118/29 4516/5897/42 
f 4516/5897/42 4625/6118/29 4627/6119/29 4520/5901/42 
f 4520/5901/42 4627/6119/29 4629/6120/29 4524/5905/42 
f 4524/5905/42 4629/6120/29 2672/3522/29 2563/3299/42 
f 4432/5813/155 4531/6041/28 4634/6121/648 4630/6011/32 
f 4423/5804/609 4630/6011/32 4634/6121/648 4526/6015/153 
f 4324/5705/9 4526/5907/153 4634/6122/648 4531/5912/28 
f 4428/5809/611 4529/6043/43 4635/6123/649 4633/6014/624 
f 4431/5812/154 4633/6068/624 4635/6124/649 4530/6040/44 
f 4325/5706/9 4530/5911/44 4635/6125/649 4529/5910/43 
f 4372/5753/6 4580/5961/31 4636/6126/686 4579/5960/125 
f 4422/5803/653 4579/6070/125 4636/6127/686 4631/6012/223 
f 4433/5814/10 4631/6012/223 4636/6127/686 4580/6094/31 
f 4375/5756/6 4582/5963/29 4637/6128/687 4581/5962/26 
f 4430/5811/11 4581/6095/26 4637/6129/687 4632/6067/39 
f 4429/5810/42 4632/6013/39 4637/6130/687 4582/6096/29 
f 4638/6131/6 4639/6132/6 4640/6133/6 4641/6134/6 
f 4642/6135/6 4638/6131/6 4641/6134/6 4643/6136/6 
f 4644/6137/6 4642/6135/6 4643/6136/6 4645/6138/6 
f 4646/6139/6 4644/6137/6 4645/6138/6 4647/6140/6 
f 4648/6141/6 4646/6139/6 4647/6140/6 4649/6142/6 
f 4650/6143/6 4648/6141/6 4649/6142/6 4651/6144/6 
f 4652/6145/6 4650/6143/6 4651/6144/6 4653/6146/6 
f 4654/6147/6 4652/6145/6 4653/6146/6 4655/6148/6 
f 4656/6149/6 4654/6147/6 4655/6148/6 4657/6150/6 
f 4658/6151/6 4656/6149/6 4657/6150/6 4659/6152/6 
f 4660/6153/6 4658/6151/6 4659/6152/6 4661/6154/6 
f 4662/6155/6 4660/6153/6 4661/6154/6 4663/6156/6 
f 4664/6157/6 4662/6155/6 4663/6156/6 4665/6158/6 
f 4666/6159/6 4664/6157/6 4665/6158/6 4667/6160/6 
f 4668/6161/6 4666/6159/6 4667/6160/6 4669/6162/6 
f 4670/6163/6 4668/6161/6 4669/6162/6 4671/6164/6 
f 4672/6165/6 4670/6163/6 4671/6164/6 4673/6166/6 
f 4674/6167/6 4672/6165/6 4673/6166/6 4675/6168/6 
f 4676/6169/6 4674/6167/6 4675/6168/6 4677/6170/6 
f 4678/6171/6 4676/6169/6 4677/6170/6 4679/6172/6 
f 4680/6173/6 4678/6171/6 4679/6172/6 4681/6174/6 
f 4682/6175/6 4680/6173/6 4681/6174/6 4683/6176/6 
f 4684/6177/6 4682/6175/6 4683/6176/6 4685/6178/6 
f 4686/6179/6 4684/6177/6 4685/6178/6 4687/6180/6 
f 2731/3583/6 4686/6179/6 4687/6180/6 2732/3584/6 
f 4688/6181/9 4689/6182/9 4690/6183/9 4691/6184/9 
f 4691/6184/9 4690/6183/9 4692/6185/9 4693/6186/9 
f 4693/6186/9 4692/6185/9 4694/6187/9 4695/6188/9 
f 4695/6188/9 4694/6187/9 4696/6189/9 4697/6190/9 
f 4697/6190/9 4696/6189/9 4698/6191/9 4699/6192/9 
f 4699/6192/9 4698/6191/9 4700/6193/9 4701/6194/9 
f 4701/6194/9 4700/6193/9 4702/6195/9 4703/6196/9 
f 4703/6196/9 4702/6195/9 4704/6197/9 4705/6198/9 
f 4705/6198/9 4704/6197/9 4706/6199/9 4707/6200/9 
f 4707/6200/9 4706/6199/9 4708/6201/9 4709/6202/9 
f 4709/6202/9 4708/6201/9 4710/6203/9 4711/6204/9 
f 4711/6204/9 4710/6203/9 4712/6205/9 4713/6206/9 
f 4713/6206/9 4712/6205/9 4714/6207/9 4715/6208/9 
f 4715/6208/9 4714/6207/9 4716/6209/9 4717/6210/9 
f 4717/6210/9 4716/6209/9 4718/6211/9 4719/6212/9 
f 4719/6212/9 4718/6211/9 4720/6213/9 4721/6214/9 
f 4721/6214/9 4720/6213/9 4722/6215/9 4723/6216/9 
f 4723/6216/9 4722/6215/9 4724/6217/9 4725/6218/9 
f 4725/6218/9 4724/6217/9 4726/6219/9 4727/6220/9 
f 4727/6220/9 4726/6219/9 4728/6221/9 4729/6222/9 
f 4729/6222/9 4728/6221/9 4730/6223/9 4731/6224/9 
f 4731/6224/9 4730/6223/9 4732/6225/9 4733/6226/9 
f 4733/6226/9 4732/6225/9 4734/6227/9 4735/6228/9 
f 4735/6228/9 4734/6227/9 4736/6229/9 4737/6230/9 
f 4737/6230/9 4736/6229/9 2784/3636/9 2783/3635/9 
f 4738/6231/609 4739/6232/917 4740/6233/917 4741/6234/653 
f 4742/6235/42 4743/6236/611 4744/6237/42 4745/6238/42 
f 4746/6239/154 4747/6240/155 4748/6241/10 4749/6242/11 
f 4739/6232/917 4750/6243/918 4751/6244/918 4740/6233/917 
f 4752/6245/42 4742/6235/42 4745/6238/42 4753/6246/42 
f 4750/6243/918 4754/6247/919 4755/6248/919 4751/6244/918 
f 4756/6249/42 4752/6245/42 4753/6246/42 4757/6250/42 
f 4754/6247/919 4758/6251/920 4759/6252/920 4755/6248/919 
f 4760/6253/42 4756/6249/42 4757/6250/42 4761/6254/42 
f 4758/6251/920 4762/6255/921 4763/6256/921 4759/6252/920 
f 4764/6257/42 4760/6253/42 4761/6254/42 4765/6258/42 
f 4762/6255/921 4766/6259/922 4767/6260/922 4763/6256/921 
f 4768/6261/42 4764/6257/42 4765/6258/42 4769/6262/42 
f 4766/6259/922 4770/6263/923 4771/6264/923 4767/6260/922 
f 4772/6265/42 4768/6261/42 4769/6262/42 4773/6266/42 
f 4770/6263/923 4774/6267/924 4775/6268/924 4771/6264/923 
f 4776/6269/42 4772/6265/42 4773/6266/42 4777/6270/42 
f 4774/6267/924 4778/6271/925 4779/6272/925 4775/6268/924 
f 4780/6273/42 4776/6269/42 4777/6270/42 4781/6274/42 
f 4778/6271/925 4782/6275/926 4783/6276/926 4779/6272/925 
f 4784/6277/42 4780/6273/42 4781/6274/42 4785/6278/42 
f 4782/6275/926 4786/6279/927 4787/6280/927 4783/6276/926 
f 4788/6281/42 4784/6277/42 4785/6278/42 4789/6282/42 
f 4786/6279/927 4790/6283/928 4791/6284/928 4787/6280/927 
f 4792/6285/42 4788/6281/42 4789/6282/42 4793/6286/42 
f 4790/6283/928 4794/6287/929 4795/6288/929 4791/6284/928 
f 4796/6289/42 4792/6285/42 4793/6286/42 4797/6290/42 
f 4794/6287/929 4798/6291/930 4799/6292/930 4795/6288/929 
f 4800/6293/42 4796/6289/42 4797/6290/42 4801/6294/42 
f 4798/6291/930 4802/6295/931 4803/6296/931 4799/6292/930 
f 4804/6297/42 4800/6293/42 4801/6294/42 4805/6298/42 
f 4802/6295/931 4806/6299/932 4807/6300/932 4803/6296/931 
f 4808/6301/42 4804/6297/42 4805/6298/42 4809/6302/42 
f 4806/6299/932 4810/6303/933 4811/6304/933 4807/6300/932 
f 4812/6305/42 4808/6301/42 4809/6302/42 4813/6306/42 
f 4810/6303/933 4814/6307/934 4815/6308/934 4811/6304/933 
f 4816/6309/42 4812/6305/42 4813/6306/42 4817/6310/42 
f 4814/6307/934 4818/6311/935 4819/6312/935 4815/6308/934 
f 4820/6313/42 4816/6309/42 4817/6310/42 4821/6314/42 
f 4818/6311/935 4822/6315/936 4823/6316/936 4819/6312/935 
f 4824/6317/42 4820/6313/42 4821/6314/42 4825/6318/42 
f 4822/6315/936 4826/6319/937 4827/6320/937 4823/6316/936 
f 4828/6321/42 4824/6317/42 4825/6318/42 4829/6322/42 
f 4826/6319/937 4830/6323/938 4831/6324/938 4827/6320/937 
f 4832/6325/42 4828/6321/42 4829/6322/42 4833/6326/42 
f 4830/6323/938 4834/6327/939 4835/6328/939 4831/6324/938 
f 4836/6329/42 4832/6325/42 4833/6326/42 4837/6330/42 
f 4834/6327/939 4838/6331/940 4839/6332/941 4835/6328/939 
f 4840/6333/42 4836/6329/42 4837/6330/42 4841/6334/42 
f 4838/6331/940 2890/3742/653 2889/3741/609 4839/6332/941 
f 2891/3743/42 4840/6333/42 4841/6334/42 2892/3744/42 
f 4842/6335/125 4843/6336/966 4641/6134/6 4640/6133/6 
f 4844/6337/29 4845/6338/29 4639/6132/6 4638/6131/6 
f 4846/6339/26 4847/6340/31 4640/6133/6 4639/6132/6 
f 4641/6134/6 4843/6336/966 4848/6341/967 4643/6136/6 
f 4849/6342/29 4844/6337/29 4638/6131/6 4642/6135/6 
f 4643/6136/6 4848/6341/967 4850/6343/968 4645/6138/6 
f 4851/6344/29 4849/6342/29 4642/6135/6 4644/6137/6 
f 4645/6138/6 4850/6343/968 4852/6345/969 4647/6140/6 
f 4853/6346/29 4851/6344/29 4644/6137/6 4646/6139/6 
f 4647/6140/6 4852/6345/969 4854/6347/970 4649/6142/6 
f 4855/6348/29 4853/6346/29 4646/6139/6 4648/6141/6 
f 4649/6142/6 4854/6347/970 4856/6349/971 4651/6144/6 
f 4857/6350/29 4855/6348/29 4648/6141/6 4650/6143/6 
f 4651/6144/6 4856/6349/971 4858/6351/972 4653/6146/6 
f 4859/6352/29 4857/6350/29 4650/6143/6 4652/6145/6 
f 4653/6146/6 4858/6351/972 4860/6353/973 4655/6148/6 
f 4861/6354/29 4859/6352/29 4652/6145/6 4654/6147/6 
f 4655/6148/6 4860/6353/973 4862/6355/974 4657/6150/6 
f 4863/6356/29 4861/6354/29 4654/6147/6 4656/6149/6 
f 4657/6150/6 4862/6355/974 4864/6357/975 4659/6152/6 
f 4865/6358/29 4863/6356/29 4656/6149/6 4658/6151/6 
f 4659/6152/6 4864/6357/975 4866/6359/976 4661/6154/6 
f 4867/6360/29 4865/6358/29 4658/6151/6 4660/6153/6 
f 4661/6154/6 4866/6359/976 4868/6361/977 4663/6156/6 
f 4869/6362/29 4867/6360/29 4660/6153/6 4662/6155/6 
f 4663/6156/6 4868/6361/977 4870/6363/978 4665/6158/6 
f 4871/6364/29 4869/6362/29 4662/6155/6 4664/6157/6 
f 4665/6158/6 4870/6363/978 4872/6365/979 4667/6160/6 
f 4873/6366/29 4871/6364/29 4664/6157/6 4666/6159/6 
f 4667/6160/6 4872/6365/979 4874/6367/980 4669/6162/6 
f 4875/6368/29 4873/6366/29 4666/6159/6 4668/6161/6 
f 4669/6162/6 4874/6367/980 4876/6369/981 4671/6164/6 
f 4877/6370/29 4875/6368/29 4668/6161/6 4670/6163/6 
f 4671/6164/6 4876/6369/981 4878/6371/982 4673/6166/6 
f 4879/6372/29 4877/6370/29 4670/6163/6 4672/6165/6 
f 4673/6166/6 4878/6371/982 4880/6373/983 4675/6168/6 
f 4881/6374/29 4879/6372/29 4672/6165/6 4674/6167/6 
f 4675/6168/6 4880/6373/983 4882/6375/984 4677/6170/6 
f 4883/6376/29 4881/6374/29 4674/6167/6 4676/6169/6 
f 4677/6170/6 4882/6375/984 4884/6377/985 4679/6172/6 
f 4885/6378/29 4883/6376/29 4676/6169/6 4678/6171/6 
f 4679/6172/6 4884/6377/985 4886/6379/986 4681/6174/6 
f 4887/6380/29 4885/6378/29 4678/6171/6 4680/6173/6 
f 4886/6379/986 4888/6381/987 4683/6176/6 4681/6174/6 
f 4889/6382/29 4887/6380/29 4680/6173/6 4682/6175/6 
f 4888/6381/987 4890/6383/988 4685/6178/6 4683/6176/6 
f 4891/6384/29 4889/6382/29 4682/6175/6 4684/6177/6 
f 4890/6383/988 4892/6385/989 4687/6180/6 4685/6178/6 
f 4893/6386/29 4891/6384/29 4684/6177/6 4686/6179/6 
f 4892/6385/989 2945/3797/765 2732/3584/6 4687/6180/6 
f 2946/3798/29 4893/6386/29 4686/6179/6 2731/3583/6 
f 4894/6387/942 4895/6388/153 4688/6181/9 4691/6184/9 
f 4896/6389/28 4897/6390/44 4689/6182/9 4688/6181/9 
f 4898/6391/43 4899/6392/43 4690/6183/9 4689/6182/9 
f 4900/6393/943 4894/6387/942 4691/6184/9 4693/6186/9 
f 4899/6392/43 4901/6394/43 4692/6185/9 4690/6183/9 
f 4902/6395/944 4900/6393/943 4693/6186/9 4695/6188/9 
f 4901/6394/43 4903/6396/43 4694/6187/9 4692/6185/9 
f 4904/6397/945 4902/6395/944 4695/6188/9 4697/6190/9 
f 4903/6396/43 4905/6398/43 4696/6189/9 4694/6187/9 
f 4906/6399/946 4904/6397/945 4697/6190/9 4699/6192/9 
f 4905/6398/43 4907/6400/43 4698/6191/9 4696/6189/9 
f 4908/6401/947 4906/6399/946 4699/6192/9 4701/6194/9 
f 4907/6400/43 4909/6402/43 4700/6193/9 4698/6191/9 
f 4910/6403/948 4908/6401/947 4701/6194/9 4703/6196/9 
f 4909/6402/43 4911/6404/43 4702/6195/9 4700/6193/9 
f 4912/6405/949 4910/6403/948 4703/6196/9 4705/6198/9 
f 4911/6404/43 4913/6406/43 4704/6197/9 4702/6195/9 
f 4914/6407/950 4912/6405/949 4705/6198/9 4707/6200/9 
f 4913/6406/43 4915/6408/43 4706/6199/9 4704/6197/9 
f 4916/6409/951 4914/6407/950 4707/6200/9 4709/6202/9 
f 4915/6408/43 4917/6410/43 4708/6201/9 4706/6199/9 
f 4918/6411/952 4916/6409/951 4709/6202/9 4711/6204/9 
f 4917/6410/43 4919/6412/43 4710/6203/9 4708/6201/9 
f 4920/6413/953 4918/6411/952 4711/6204/9 4713/6206/9 
f 4919/6412/43 4921/6414/43 4712/6205/9 4710/6203/9 
f 4922/6415/954 4920/6413/953 4713/6206/9 4715/6208/9 
f 4921/6414/43 4923/6416/43 4714/6207/9 4712/6205/9 
f 4924/6417/955 4922/6415/954 4715/6208/9 4717/6210/9 
f 4923/6416/43 4925/6418/43 4716/6209/9 4714/6207/9 
f 4926/6419/956 4924/6417/955 4717/6210/9 4719/6212/9 
f 4925/6418/43 4927/6420/43 4718/6211/9 4716/6209/9 
f 4928/6421/957 4926/6419/956 4719/6212/9 4721/6214/9 
f 4927/6420/43 4929/6422/43 4720/6213/9 4718/6211/9 
f 4930/6423/958 4928/6421/957 4721/6214/9 4723/6216/9 
f 4929/6422/43 4931/6424/43 4722/6215/9 4720/6213/9 
f 4932/6425/959 4930/6423/958 4723/6216/9 4725/6218/9 
f 4931/6424/43 4933/6426/43 4724/6217/9 4722/6215/9 
f 4934/6427/960 4932/6425/959 4725/6218/9 4727/6220/9 
f 4933/6426/43 4935/6428/43 4726/6219/9 4724/6217/9 
f 4936/6429/961 4934/6427/960 4727/6220/9 4729/6222/9 
f 4935/6428/43 4937/6430/43 4728/6221/9 4726/6219/9 
f 4938/6431/962 4936/6429/961 4729/6222/9 4731/6224/9 
f 4937/6430/43 4939/6432/43 4730/6223/9 4728/6221/9 
f 4940/6433/963 4938/6431/962 4731/6224/9 4733/6226/9 
f 4939/6432/43 4941/6434/43 4732/6225/9 4730/6223/9 
f 4942/6435/964 4940/6433/963 4733/6226/9 4735/6228/9 
f 4941/6434/43 4943/6436/43 4734/6227/9 4732/6225/9 
f 4944/6437/965 4942/6435/964 4735/6228/9 4737/6230/9 
f 4943/6436/43 4945/6438/43 4736/6229/9 4734/6227/9 
f 2999/3851/766 4944/6437/965 4737/6230/9 2783/3635/9 
f 4945/6438/43 3000/3852/43 2784/3636/9 4736/6229/9 
f 4946/6439/223 4947/6440/32 4738/6231/609 4741/6234/653 
f 4948/6441/624 4949/6442/39 4744/6237/42 4743/6236/611 
f 4741/6234/653 4740/6233/917 4843/6443/966 4842/6444/125 
f 4843/6443/966 4740/6233/917 4751/6244/918 4848/6445/967 
f 4848/6445/967 4751/6244/918 4755/6248/919 4850/6446/968 
f 4850/6446/968 4755/6248/919 4759/6252/920 4852/6447/969 
f 4852/6447/969 4759/6252/920 4763/6256/921 4854/6448/970 
f 4854/6448/970 4763/6256/921 4767/6260/922 4856/6449/971 
f 4856/6449/971 4767/6260/922 4771/6264/923 4858/6450/972 
f 4858/6450/972 4771/6264/923 4775/6268/924 4860/6451/973 
f 4860/6451/973 4775/6268/924 4779/6272/925 4862/6452/974 
f 4862/6452/974 4779/6272/925 4783/6276/926 4864/6453/975 
f 4864/6453/975 4783/6276/926 4787/6280/927 4866/6454/976 
f 4866/6454/976 4787/6280/927 4791/6284/928 4868/6455/977 
f 4868/6455/977 4791/6284/928 4795/6288/929 4870/6456/978 
f 4870/6456/978 4795/6288/929 4799/6292/930 4872/6457/979 
f 4872/6457/979 4799/6292/930 4803/6296/931 4874/6458/980 
f 4874/6458/980 4803/6296/931 4807/6300/932 4876/6459/981 
f 4876/6459/981 4807/6300/932 4811/6304/933 4878/6460/982 
f 4878/6460/982 4811/6304/933 4815/6308/934 4880/6461/983 
f 4880/6461/983 4815/6308/934 4819/6312/935 4882/6462/984 
f 4882/6462/984 4819/6312/935 4823/6316/936 4884/6463/985 
f 4884/6463/985 4823/6316/936 4827/6320/937 4886/6464/986 
f 4827/6320/937 4831/6324/938 4888/6465/987 4886/6464/986 
f 4831/6324/938 4835/6328/939 4890/6466/988 4888/6465/987 
f 4835/6328/939 4839/6332/941 4892/6467/989 4890/6466/988 
f 4839/6332/941 2889/3741/609 2945/3882/765 4892/6467/989 
f 4749/6242/11 4748/6241/10 4847/6468/31 4846/6469/26 
f 4748/6241/10 4747/6240/155 4947/6470/32 4946/6471/223 
f 4745/6238/42 4744/6237/42 4845/6472/29 4844/6473/29 
f 4753/6246/42 4745/6238/42 4844/6473/29 4849/6474/29 
f 4757/6250/42 4753/6246/42 4849/6474/29 4851/6475/29 
f 4761/6254/42 4757/6250/42 4851/6475/29 4853/6476/29 
f 4765/6258/42 4761/6254/42 4853/6476/29 4855/6477/29 
f 4769/6262/42 4765/6258/42 4855/6477/29 4857/6478/29 
f 4773/6266/42 4769/6262/42 4857/6478/29 4859/6479/29 
f 4777/6270/42 4773/6266/42 4859/6479/29 4861/6480/29 
f 4781/6274/42 4777/6270/42 4861/6480/29 4863/6481/29 
f 4785/6278/42 4781/6274/42 4863/6481/29 4865/6482/29 
f 4789/6282/42 4785/6278/42 4865/6482/29 4867/6483/29 
f 4793/6286/42 4789/6282/42 4867/6483/29 4869/6484/29 
f 4797/6290/42 4793/6286/42 4869/6484/29 4871/6485/29 
f 4801/6294/42 4797/6290/42 4871/6485/29 4873/6486/29 
f 4805/6298/42 4801/6294/42 4873/6486/29 4875/6487/29 
f 4809/6302/42 4805/6298/42 4875/6487/29 4877/6488/29 
f 4813/6306/42 4809/6302/42 4877/6488/29 4879/6489/29 
f 4817/6310/42 4813/6306/42 4879/6489/29 4881/6490/29 
f 4821/6314/42 4817/6310/42 4881/6490/29 4883/6491/29 
f 4825/6318/42 4821/6314/42 4883/6491/29 4885/6492/29 
f 4829/6322/42 4825/6318/42 4885/6492/29 4887/6493/29 
f 4833/6326/42 4829/6322/42 4887/6493/29 4889/6494/29 
f 4837/6330/42 4833/6326/42 4889/6494/29 4891/6495/29 
f 4841/6334/42 4837/6330/42 4891/6495/29 4893/6496/29 
f 2892/3744/42 4841/6334/42 4893/6496/29 2946/3910/29 
f 4746/6239/154 4749/6242/11 4949/6442/39 4948/6441/624 
f 4739/6232/917 4738/6231/609 4895/6497/153 4894/6498/942 
f 4750/6243/918 4739/6232/917 4894/6498/942 4900/6499/943 
f 4754/6247/919 4750/6243/918 4900/6499/943 4902/6500/944 
f 4758/6251/920 4754/6247/919 4902/6500/944 4904/6501/945 
f 4762/6255/921 4758/6251/920 4904/6501/945 4906/6502/946 
f 4766/6259/922 4762/6255/921 4906/6502/946 4908/6503/947 
f 4770/6263/923 4766/6259/922 4908/6503/947 4910/6504/948 
f 4774/6267/924 4770/6263/923 4910/6504/948 4912/6505/949 
f 4778/6271/925 4774/6267/924 4912/6505/949 4914/6506/950 
f 4782/6275/926 4778/6271/925 4914/6506/950 4916/6507/951 
f 4786/6279/927 4782/6275/926 4916/6507/951 4918/6508/952 
f 4790/6283/928 4786/6279/927 4918/6508/952 4920/6509/953 
f 4794/6287/929 4790/6283/928 4920/6509/953 4922/6510/954 
f 4798/6291/930 4794/6287/929 4922/6510/954 4924/6511/955 
f 4802/6295/931 4798/6291/930 4924/6511/955 4926/6512/956 
f 4806/6299/932 4802/6295/931 4926/6512/956 4928/6513/957 
f 4810/6303/933 4806/6299/932 4928/6513/957 4930/6514/958 
f 4814/6307/934 4810/6303/933 4930/6514/958 4932/6515/959 
f 4818/6311/935 4814/6307/934 4932/6515/959 4934/6516/960 
f 4822/6315/936 4818/6311/935 4934/6516/960 4936/6517/961 
f 4826/6319/937 4822/6315/936 4936/6517/961 4938/6518/962 
f 4830/6323/938 4826/6319/937 4938/6518/962 4940/6519/963 
f 4834/6327/939 4830/6323/938 4940/6519/963 4942/6520/964 
f 4838/6331/940 4834/6327/939 4942/6520/964 4944/6521/965 
f 2890/3742/653 4838/6331/940 4944/6521/965 2999/3938/766 
f 4747/6240/155 4746/6239/154 4897/6522/44 4896/6523/28 
f 4743/6236/611 4742/6235/42 4899/6524/43 4898/6525/43 
f 4742/6235/42 4752/6245/42 4901/6526/43 4899/6524/43 
f 4752/6245/42 4756/6249/42 4903/6527/43 4901/6526/43 
f 4756/6249/42 4760/6253/42 4905/6528/43 4903/6527/43 
f 4760/6253/42 4764/6257/42 4907/6529/43 4905/6528/43 
f 4764/6257/42 4768/6261/42 4909/6530/43 4907/6529/43 
f 4768/6261/42 4772/6265/42 4911/6531/43 4909/6530/43 
f 4772/6265/42 4776/6269/42 4913/6532/43 4911/6531/43 
f 4776/6269/42 4780/6273/42 4915/6533/43 4913/6532/43 
f 4780/6273/42 4784/6277/42 4917/6534/43 4915/6533/43 
f 4784/6277/42 4788/6281/42 4919/6535/43 4917/6534/43 
f 4788/6281/42 4792/6285/42 4921/6536/43 4919/6535/43 
f 4792/6285/42 4796/6289/42 4923/6537/43 4921/6536/43 
f 4796/6289/42 4800/6293/42 4925/6538/43 4923/6537/43 
f 4800/6293/42 4804/6297/42 4927/6539/43 4925/6538/43 
f 4804/6297/42 4808/6301/42 4929/6540/43 4927/6539/43 
f 4808/6301/42 4812/6305/42 4931/6541/43 4929/6540/43 
f 4812/6305/42 4816/6309/42 4933/6542/43 4931/6541/43 
f 4816/6309/42 4820/6313/42 4935/6543/43 4933/6542/43 
f 4820/6313/42 4824/6317/42 4937/6544/43 4935/6543/43 
f 4824/6317/42 4828/6321/42 4939/6545/43 4937/6544/43 
f 4828/6321/42 4832/6325/42 4941/6546/43 4939/6545/43 
f 4832/6325/42 4836/6329/42 4943/6547/43 4941/6546/43 
f 4836/6329/42 4840/6333/42 4945/6548/43 4943/6547/43 
f 4840/6333/42 2891/3743/42 3000/3966/43 4945/6548/43 
f 4748/6241/10 4946/6471/223 4950/6549/686 4847/6468/31 
f 4741/6234/653 4842/6444/125 4950/6550/686 4946/6439/223 
f 4640/6133/6 4847/6340/31 4950/6551/686 4842/6335/125 
f 4744/6237/42 4949/6442/39 4951/6552/687 4845/6472/29 
f 4749/6242/11 4846/6469/26 4951/6552/687 4949/6442/39 
f 4639/6132/6 4845/6338/29 4951/6553/687 4846/6339/26 
f 4688/6181/9 4895/6388/153 4952/6554/648 4896/6389/28 
f 4738/6231/609 4947/6440/32 4952/6555/648 4895/6497/153 
f 4747/6240/155 4896/6523/28 4952/6556/648 4947/6470/32 
f 4689/6182/9 4897/6390/44 4953/6557/649 4898/6391/43 
f 4746/6239/154 4948/6441/624 4953/6558/649 4897/6522/44 
f 4743/6236/611 4898/6525/43 4953/6558/649 4948/6441/624 
f 4954/6559/217 4955/6560/224 4956/6561/230 4957/6562/990 
f 4958/6563/218 4957/6564/990 4956/6565/230 4959/6566/226 
f 4960/6567/219 4959/6568/226 4956/6569/230 4955/6570/224 
f 4955/6570/224 4961/6571/223 4962/6572/214 4960/6567/219 
f 4954/6559/217 4963/6573/215 4961/6574/223 4955/6560/224 
f 4962/6572/214 4012/5277/37 3052/4038/110 4960/6567/219 
f 4959/6566/226 3051/4036/36 3050/4035/114 4958/6563/218 
f 4960/6567/219 3052/4038/110 3051/4037/36 4959/6568/226 
f 3050/4035/114 3053/4039/27 4964/6575/157 4958/6563/218 
f 4957/6562/990 4965/6576/26 4966/6577/160 4954/6559/217 
f 4958/6563/218 4964/6575/157 4965/6578/26 4957/6564/990 
f 4954/6559/217 4966/6577/160 4967/6579/10 4963/6573/215 
f 3053/4039/27 4968/6580/27 4969/6581/157 4964/6575/157 
f 4970/6582/991 4971/6583/992 4972/6584/993 4973/6585/994 
f 4974/6586/995 4975/6587/996 4972/6588/993 4971/6589/992 
f 4976/6590/997 4973/6591/994 4972/6592/993 4975/6593/996 
f 4977/6594/39 4978/6595/624 4979/6596/998 4980/6597/999 
f 4981/6598/1000 4982/6599/1000 4978/6600/624 4977/6601/39 
f 4973/6591/994 4976/6590/997 4979/6596/998 4978/6595/624 
f 4970/6582/991 4973/6585/994 4978/6600/624 4982/6599/1000 
f 4979/6596/998 4976/6590/997 3055/4041/780 3054/4040/42 
f 4975/6587/996 4974/6586/995 3057/4043/779 3056/4042/29 
f 4976/6590/997 4975/6593/996 3056/6602/29 3055/4041/780 
f 3057/4043/779 4974/6586/995 4969/6581/157 4968/6580/27 
f 4971/6583/992 4970/6582/991 4983/6603/161 4984/6604/31 
f 4974/6586/995 4971/6589/992 4984/6605/31 4969/6581/157 
f 4970/6582/991 4982/6599/1000 4985/6606/10 4983/6603/161 
f 3053/4039/27 3024/3999/27 3029/4005/27 4968/6580/27 
f 4966/6577/160 4965/6576/26 4984/6604/31 4983/6603/161 
f 4965/6578/26 4964/6575/157 4969/6581/157 4984/6605/31 
f 4967/6579/10 4966/6577/160 4983/6603/161 4985/6606/10 
f 3020/3994/37 3019/3993/110 3052/4038/110 4012/5277/37 
f 3056/6602/29 3045/4030/685 3044/4027/778 3055/4041/780 
f 3029/4005/27 3046/4029/779 3057/4043/779 4968/6580/27 
f 4963/6573/215 4967/6579/10 4986/6607/10 4987/6608/215 
f 4962/6572/214 4988/6609/214 4013/5278/37 4012/5277/37 
f 4985/6606/10 4989/6610/10 4986/6607/10 4967/6579/10 
f 4982/6599/1000 4981/6598/1000 4989/6610/10 4985/6606/10 
f 3054/4040/42 4011/5276/42 4980/6597/999 4979/6596/998 
f 4990/6611/220 4991/6612/227 4992/6613/1001 4993/6614/1002 
f 4994/6615/222 4995/6616/1003 4992/6617/1001 4991/6618/227 
f 4996/6619/221 4993/6620/1002 4992/6621/1001 4995/6622/1003 
f 4961/6571/223 4997/6623/223 4988/6609/214 4962/6572/214 
f 4963/6573/215 4987/6608/215 4997/6624/223 4961/6574/223 
f 4993/6620/1002 4996/6619/221 4988/6609/214 4997/6623/223 
f 4990/6611/220 4993/6614/1002 4997/6624/223 4987/6608/215 
f 4988/6609/214 4996/6619/221 4008/5273/111 4013/5278/37 
f 4995/6616/1003 4994/6615/222 4998/6625/118 4009/6626/38 
f 4996/6619/221 4995/6622/1003 4009/5274/38 4008/5273/111 
f 4998/6625/118 4994/6615/222 4999/6627/163 3093/4094/9 
f 4991/6612/227 4990/6611/220 5000/6628/159 5001/6629/28 
f 4994/6615/222 4991/6618/227 5001/6630/28 4999/6627/163 
f 4990/6611/220 4987/6608/215 4986/6607/10 5000/6628/159 
f 3093/4094/9 4999/6627/163 5002/6631/163 3094/4095/9 
f 5003/6632/1004 5004/6633/1005 5005/6634/649 5006/6635/1006 
f 5007/6636/1007 5006/6637/1006 5005/6638/649 5008/6639/1008 
f 5009/6640/1009 5008/6641/1008 5005/6642/649 5004/6643/1005 
f 5004/6643/1005 4977/6594/39 4980/6597/999 5009/6640/1009 
f 5003/6632/1004 4981/6598/1000 4977/6601/39 5004/6633/1005 
f 4980/6597/999 4011/5276/42 4010/5275/790 5009/6640/1009 
f 5008/6639/1008 5010/6644/43 4007/5272/791 5007/6636/1007 
f 5009/6640/1009 4010/5275/790 5010/6645/43 5008/6641/1008 
f 4007/5272/791 3094/4095/9 5002/6631/163 5007/6636/1007 
f 5006/6635/1006 5011/6646/28 5012/6647/159 5003/6632/1004 
f 5007/6636/1007 5002/6631/163 5011/6648/28 5006/6637/1006 
f 5003/6632/1004 5012/6647/159 4989/6610/10 4981/6598/1000 
f 5000/6628/159 5012/6647/159 5011/6646/28 5001/6629/28 
f 5001/6630/28 5011/6648/28 5002/6631/163 4999/6627/163 
f 4986/6607/10 4989/6610/10 5012/6647/159 5000/6628/159 
f 5013/6649/156 5014/6650/157 5015/6651/6 5016/6652/6 
f 5017/6653/160 5018/6654/160 5019/6655/26 5020/6656/31 
f 5013/6649/156 5020/6656/31 5019/6655/26 5014/6650/157 
f 5021/6657/217 5022/6658/224 5023/6659/230 5024/6660/225 
f 5025/6661/218 5024/6660/225 5023/6659/230 5026/6662/226 
f 5027/6663/219 5026/6662/226 5023/6659/230 5022/6658/224 
f 5028/6664/15 5029/6665/14 5030/6666/6 5031/6667/6 
f 5032/6668/37 5033/6669/110 5034/6670/137 5035/6671/37 
f 5036/6672/18 5037/6673/19 5038/6674/22 5039/6675/22 
f 5040/6676/125 5041/6677/114 5042/6678/114 5043/6679/36 
f 5040/6676/125 5043/6679/36 5034/6670/137 5033/6669/110 
f 5039/6675/22 5038/6674/22 5029/6665/14 5028/6664/15 
f 5044/6680/119 5045/6681/129 5046/6682/134 5047/6683/128 
f 5048/6684/120 5049/6685/130 5046/6682/134 5045/6681/129 
f 5050/6686/121 5047/6683/128 5046/6682/134 5049/6685/130 
f 5051/6687/223 5052/6688/32 5053/6689/212 5054/6690/214 
f 5051/6687/223 5055/6691/215 5056/6692/215 5052/6688/32 
f 5057/6693/112 5058/6694/109 5059/6695/126 5060/6696/127 
f 5061/6697/115 5060/6696/127 5059/6695/126 5062/6698/115 
f 5063/6699/10 5056/6700/215 5055/6701/215 5064/6702/10 
f 5065/6703/163 5066/6704/162 5067/6705/12 5068/6706/9 
f 5069/6707/37 5070/6708/111 5071/6709/111 5072/6710/37 
f 5073/6711/159 5074/6712/159 5075/6713/44 5076/6714/28 
f 5076/6714/28 5075/6713/44 5066/6704/162 5065/6703/163 
f 5077/6715/220 5078/6716/227 5079/6717/793 5080/6718/228 
f 5081/6719/222 5082/6720/229 5079/6717/793 5078/6716/227 
f 5083/6721/221 5080/6718/228 5079/6717/793 5082/6720/229 
f 5084/6722/2 5061/6723/115 5062/6724/115 5085/6725/2 
f 5086/6726/21 5087/6727/21 5088/6728/12 5089/6729/12 
f 5090/6730/16 5091/6731/17 5092/6732/24 5093/6733/24 
f 5094/6734/38 5095/6735/118 5096/6736/117 5097/6737/38 
f 5094/6734/38 5097/6737/38 5071/6709/111 5070/6708/111 
f 5086/6726/21 5093/6738/24 5092/6739/24 5087/6727/21 
f 5098/6740/122 5099/6741/132 5100/6742/792 5101/6743/131 
f 5102/6744/124 5101/6743/131 5100/6742/792 5103/6745/133 
f 5104/6746/123 5103/6745/133 5100/6742/792 5099/6741/132 
f 5017/6653/160 5105/6747/10 5064/6702/10 5018/6654/160 
f 5022/6658/224 5051/6687/223 5054/6690/214 5027/6663/219 
f 5021/6657/217 5055/6691/215 5051/6687/223 5022/6658/224 
f 5044/6748/119 5061/6723/115 5084/6722/2 5036/6672/18 
f 5050/6686/121 5057/6693/112 5060/6696/127 5047/6683/128 
f 5047/6683/128 5060/6696/127 5061/6697/115 5044/6680/119 
f 5077/6749/220 5056/6700/215 5063/6699/10 5073/6711/159 
f 5083/6721/221 5053/6689/212 5052/6688/32 5080/6718/228 
f 5080/6718/228 5052/6688/32 5056/6692/215 5077/6715/220 
f 5090/6730/16 5106/6750/2 5085/6725/2 5091/6731/17 
f 5035/6671/37 5069/6707/37 5072/6710/37 5032/6668/37 
f 5099/6741/132 5059/6695/126 5058/6694/109 5104/6746/123 
f 5098/6740/122 5062/6698/115 5059/6695/126 5099/6741/132 
f 5054/6690/214 5035/6671/37 5034/6670/137 5027/6663/219 
f 5026/6662/226 5043/6679/36 5042/6678/114 5025/6661/218 
f 5027/6663/219 5034/6670/137 5043/6679/36 5026/6662/226 
f 5083/6721/221 5070/6708/111 5069/6707/37 5053/6689/212 
f 5081/6719/222 5095/6735/118 5094/6734/38 5082/6720/229 
f 5082/6720/229 5094/6734/38 5070/6708/111 5083/6721/221 
f 5053/6689/212 5069/6707/37 5035/6671/37 5054/6690/214 
f 5042/6751/114 5041/6752/114 5031/6667/6 5015/6651/6 
f 5050/6686/121 5033/6669/110 5032/6668/37 5057/6693/112 
f 5048/6684/120 5041/6677/114 5040/6676/125 5049/6685/130 
f 5049/6685/130 5040/6676/125 5033/6669/110 5050/6686/121 
f 5067/6705/12 5089/6729/12 5088/6728/12 5068/6706/9 
f 5058/6694/109 5072/6710/37 5071/6709/111 5104/6746/123 
f 5103/6745/133 5097/6737/38 5096/6736/117 5102/6744/124 
f 5104/6746/123 5071/6709/111 5097/6737/38 5103/6745/133 
f 5032/6668/37 5072/6710/37 5058/6694/109 5057/6693/112 
f 5107/6753/42 5108/6754/42 5109/6755/42 5110/6756/42 
f 5111/6757/42 5107/6753/42 5110/6756/42 5112/6758/42 
f 5113/6759/42 5114/6760/42 5115/6761/42 5116/6762/42 
f 5110/6756/42 5109/6755/42 5117/6763/42 5118/6764/42 
f 5119/6765/42 5120/6766/42 5121/6767/42 5122/6768/42 
f 5110/6756/42 5118/6764/42 5123/6769/42 5112/6758/42 
f 5124/6770/42 5125/6771/42 5122/6768/42 5121/6767/42 
f 5126/6772/622 5127/6773/42 5128/6774/42 5129/6775/42 
f 5113/6759/42 5130/6776/42 5131/6777/42 5114/6760/42 
f 5132/6778/42 5125/6771/42 5124/6770/42 5133/6779/42 
f 5134/6780/42 5111/6757/42 5112/6758/42 5135/6781/42 
f 5135/6781/42 5112/6758/42 5123/6769/42 5136/6782/42 
f 5119/6765/42 5129/6775/42 5128/6774/42 5120/6766/42 
f 5108/6754/42 5115/6761/42 5114/6760/42 5109/6755/42 
f 5109/6755/42 5114/6760/42 5131/6777/42 5117/6763/42 
f 5137/6783/42 5136/6782/42 5123/6769/42 5138/6784/42 
f 5138/6784/42 5123/6769/42 5118/6764/42 5139/6785/42 
f 5139/6785/42 5118/6764/42 5117/6763/42 5140/6786/42 
f 5140/6786/42 5117/6763/42 5131/6777/42 5141/6787/42 
f 5131/6777/42 5130/6776/42 5142/6788/42 5141/6787/42 
f 5134/6780/42 5133/6779/42 5124/6770/42 5111/6757/42 
f 5111/6757/42 5124/6770/42 5121/6767/42 5107/6753/42 
f 5107/6753/42 5121/6767/42 5120/6766/42 5108/6754/42 
f 5108/6754/42 5120/6766/42 5128/6774/42 5115/6761/42 
f 5115/6761/42 5128/6774/42 5127/6773/42 5116/6762/42 
f 5143/6789/29 5135/6781/42 5136/6782/42 5144/6790/805 
f 5144/6790/805 5136/6782/42 5137/6783/42 5145/6791/804 
f 5145/6791/804 5137/6783/42 5138/6784/42 5146/6792/803 
f 5146/6792/803 5138/6784/42 5139/6785/42 5147/6793/39 
f 5147/6793/39 5139/6785/42 5140/6786/42 5148/6794/39 
f 5148/6794/39 5140/6786/42 5141/6787/42 5149/6795/802 
f 5149/6795/802 5141/6787/42 5142/6788/42 5150/6796/801 
f 5150/6796/801 5142/6788/42 5130/6776/42 5151/6797/800 
f 5151/6797/800 5130/6776/42 5113/6759/42 5152/6798/43 
f 5152/6798/43 5113/6759/42 5116/6762/42 5153/6799/43 
f 5153/6799/43 5116/6762/42 5127/6773/42 5154/6800/799 
f 5154/6800/799 5127/6773/42 5126/6772/622 5155/6801/798 
f 5155/6801/798 5126/6772/622 5129/6775/42 5156/6802/797 
f 5156/6802/797 5129/6775/42 5119/6765/42 5157/6803/168 
f 5157/6803/168 5119/6765/42 5122/6768/42 5158/6804/168 
f 5158/6804/168 5122/6768/42 5125/6771/42 5159/6805/796 
f 5159/6805/796 5125/6771/42 5132/6778/42 5160/6806/795 
f 5160/6806/795 5132/6778/42 5133/6779/42 5161/6807/794 
f 5161/6807/794 5133/6779/42 5134/6780/42 5162/6808/29 
f 5162/6808/29 5134/6780/42 5135/6781/42 5143/6789/29 
f 5144/6809/805 5013/6649/156 5016/6652/6 5143/6810/29 
f 5146/6811/803 5017/6653/160 5020/6656/31 5145/6812/804 
f 5145/6812/804 5020/6656/31 5013/6649/156 5144/6809/805 
f 5159/6813/796 5037/6673/19 5163/6814/2 5158/6815/168 
f 5160/6816/795 5038/6674/22 5037/6673/19 5159/6813/796 
f 5161/6817/794 5029/6665/14 5038/6674/22 5160/6816/795 
f 5149/6818/802 5074/6712/159 5164/6819/10 5148/6820/39 
f 5150/6821/801 5075/6713/44 5074/6712/159 5149/6818/802 
f 5151/6822/800 5066/6704/162 5075/6713/44 5150/6821/801 
f 5154/6823/799 5086/6726/21 5089/6729/12 5153/6824/43 
f 5156/6825/797 5090/6730/16 5093/6733/24 5155/6826/798 
f 5155/6827/798 5093/6738/24 5086/6726/21 5154/6823/799 
f 5147/6828/39 5105/6747/10 5017/6653/160 5146/6811/803 
f 5158/6815/168 5163/6814/2 5106/6750/2 5157/6829/168 
f 5148/6820/39 5164/6819/10 5105/6747/10 5147/6828/39 
f 5157/6829/168 5106/6750/2 5090/6730/16 5156/6825/797 
f 5143/6810/29 5016/6652/6 5030/6666/6 5162/6830/29 
f 5152/6831/43 5067/6705/12 5066/6704/162 5151/6822/800 
f 5162/6830/29 5030/6666/6 5029/6665/14 5161/6817/794 
f 5153/6824/43 5089/6729/12 5067/6705/12 5152/6831/43 
f 5042/6751/114 5015/6651/6 5014/6650/157 5025/6832/218 
f 5024/6833/225 5019/6655/26 5018/6654/160 5021/6834/217 
f 5025/6832/218 5014/6650/157 5019/6655/26 5024/6833/225 
f 5048/6835/120 5028/6664/15 5031/6667/6 5041/6752/114 
f 5044/6748/119 5036/6672/18 5039/6675/22 5045/6836/129 
f 5045/6836/129 5039/6675/22 5028/6664/15 5048/6835/120 
f 5063/6699/10 5064/6702/10 5105/6747/10 5164/6819/10 
f 5081/6837/222 5065/6703/163 5068/6706/9 5095/6838/118 
f 5077/6749/220 5073/6711/159 5076/6714/28 5078/6839/227 
f 5078/6839/227 5076/6714/28 5065/6703/163 5081/6837/222 
f 5084/6722/2 5085/6725/2 5106/6750/2 5163/6814/2 
f 5096/6840/117 5088/6728/12 5087/6727/21 5102/6841/124 
f 5101/6842/131 5092/6732/24 5091/6731/17 5098/6843/122 
f 5102/6841/124 5087/6727/21 5092/6739/24 5101/6844/131 
f 5021/6834/217 5018/6654/160 5064/6702/10 5055/6701/215 
f 5037/6673/19 5036/6672/18 5084/6722/2 5163/6814/2 
f 5074/6712/159 5073/6711/159 5063/6699/10 5164/6819/10 
f 5098/6843/122 5091/6731/17 5085/6725/2 5062/6724/115 
f 5015/6651/6 5031/6667/6 5030/6666/6 5016/6652/6 
f 5095/6838/118 5068/6706/9 5088/6728/12 5096/6840/117 
f 5165/6845/162 5166/6846/9 5167/6847/9 5168/6848/162 
f 5169/6849/159 5170/6850/28 5171/6851/44 5172/6852/159 
f 5165/6845/162 5168/6848/162 5171/6851/44 5170/6850/28 
f 5173/6853/220 5174/6854/227 5175/6855/793 5176/6856/228 
f 5177/6857/222 5178/6858/229 5175/6855/793 5174/6854/227 
f 5179/6859/221 5176/6856/228 5175/6855/793 5178/6858/229 
f 5180/6860/21 5181/6861/9 5182/6862/9 5183/6863/21 
f 5184/6864/37 5185/6865/37 5186/6866/111 5187/6867/111 
f 5188/6868/16 5189/6869/24 5190/6870/24 5191/6871/17 
f 5192/6872/38 5193/6873/38 5194/6874/118 5195/6875/118 
f 5192/6872/38 5187/6867/111 5186/6866/111 5193/6873/38 
f 5189/6869/24 5180/6860/21 5183/6863/21 5190/6870/24 
f 5196/6876/122 5197/6877/132 5198/6878/135 5199/6879/131 
f 5200/6880/124 5199/6879/131 5198/6878/135 5201/6881/133 
f 5202/6882/123 5201/6881/133 5198/6878/135 5197/6877/132 
f 5203/6883/32 5204/6884/212 5205/6885/214 5206/6886/223 
f 5203/6883/32 5206/6886/223 5207/6887/216 5208/6888/215 
f 5209/6889/109 5210/6890/126 5211/6891/126 5212/6892/112 
f 5213/6893/115 5214/6894/115 5211/6891/126 5210/6890/126 
f 5215/6895/10 5216/6896/10 5208/6897/215 5207/6898/216 
f 5217/6899/157 5218/6900/6 5219/6901/6 5220/6902/157 
f 5221/6903/37 5222/6904/37 5223/6905/110 5224/6906/110 
f 5225/6907/160 5226/6908/26 5227/6909/31 5228/6910/160 
f 5226/6908/26 5217/6899/157 5220/6902/157 5227/6909/31 
f 5229/6911/217 5230/6912/224 5231/6913/230 5232/6914/225 
f 5233/6915/218 5232/6914/225 5231/6913/230 5234/6916/226 
f 5235/6917/219 5234/6916/226 5231/6913/230 5230/6912/224 
f 5236/6918/2 5237/6919/2 5214/6920/115 5213/6921/115 
f 5238/6922/15 5239/6923/6 5240/6924/6 5241/6925/15 
f 5242/6926/18 5243/6927/23 5244/6928/23 5245/6929/19 
f 5246/6930/36 5247/6931/36 5248/6932/114 5249/6933/114 
f 5246/6930/36 5224/6906/110 5223/6905/110 5247/6931/36 
f 5238/6922/15 5241/6925/15 5244/6934/23 5243/6935/23 
f 5250/6936/119 5251/6937/129 5252/6938/134 5253/6939/128 
f 5254/6940/120 5255/6941/130 5252/6938/134 5251/6937/129 
f 5256/6942/121 5253/6939/128 5252/6938/134 5255/6941/130 
f 5169/6849/159 5172/6852/159 5216/6896/10 5257/6943/10 
f 5176/6856/228 5179/6859/221 5204/6884/212 5203/6883/32 
f 5173/6853/220 5176/6856/228 5203/6883/32 5208/6888/215 
f 5196/6944/122 5188/6868/16 5236/6918/2 5213/6921/115 
f 5202/6882/123 5197/6877/132 5210/6890/126 5209/6889/109 
f 5197/6877/132 5196/6876/122 5213/6893/115 5210/6890/126 
f 5229/6945/217 5225/6907/160 5215/6895/10 5207/6898/216 
f 5235/6917/219 5230/6912/224 5206/6886/223 5205/6885/214 
f 5230/6912/224 5229/6911/217 5207/6887/216 5206/6886/223 
f 5242/6926/18 5245/6929/19 5237/6919/2 5258/6946/2 
f 5185/6865/37 5184/6864/37 5222/6904/37 5221/6903/37 
f 5253/6939/128 5256/6942/121 5212/6892/112 5211/6891/126 
f 5250/6936/119 5253/6939/128 5211/6891/126 5214/6894/115 
f 5204/6884/212 5179/6859/221 5186/6866/111 5185/6865/37 
f 5178/6858/229 5177/6857/222 5194/6874/118 5193/6873/38 
f 5179/6859/221 5178/6858/229 5193/6873/38 5186/6866/111 
f 5235/6917/219 5205/6885/214 5221/6903/37 5224/6906/110 
f 5233/6915/218 5234/6916/226 5246/6930/36 5249/6933/114 
f 5234/6916/226 5235/6917/219 5224/6906/110 5246/6930/36 
f 5205/6885/214 5204/6884/212 5185/6865/37 5221/6903/37 
f 5194/6947/118 5167/6847/9 5181/6861/9 5195/6948/118 
f 5202/6882/123 5209/6889/109 5184/6864/37 5187/6867/111 
f 5200/6880/124 5201/6881/133 5192/6872/38 5195/6875/118 
f 5201/6881/133 5202/6882/123 5187/6867/111 5192/6872/38 
f 5219/6901/6 5218/6900/6 5240/6924/6 5239/6923/6 
f 5212/6892/112 5256/6942/121 5223/6905/110 5222/6904/37 
f 5255/6941/130 5254/6940/120 5248/6932/114 5247/6931/36 
f 5256/6942/121 5255/6941/130 5247/6931/36 5223/6905/110 
f 5184/6864/37 5209/6889/109 5212/6892/112 5222/6904/37 
f 5259/6949/610 5260/6950/611 5261/6951/611 5262/6952/610 
f 5263/6953/42 5264/6954/42 5260/6950/611 5259/6949/610 
f 5265/6955/42 5266/6956/42 5267/6957/42 5268/6958/42 
f 5260/6950/611 5269/6959/611 5270/6960/611 5261/6951/611 
f 5271/6961/611 5272/6962/611 5273/6963/611 5274/6964/611 
f 5260/6950/611 5264/6954/42 5275/6965/42 5269/6959/611 
f 5276/6966/42 5273/6963/611 5272/6962/611 5277/6967/42 
f 5278/6968/42 5279/6969/42 5280/6970/42 5281/6971/42 
f 5265/6955/42 5268/6958/42 5282/6972/42 5283/6973/42 
f 5284/6974/42 5285/6975/42 5276/6966/42 5277/6967/42 
f 5286/6976/42 5287/6977/42 5264/6954/42 5263/6953/42 
f 5287/6977/42 5288/6978/42 5275/6965/42 5264/6954/42 
f 5271/6961/611 5274/6964/611 5280/6970/42 5279/6969/42 
f 5262/6952/610 5261/6951/611 5268/6958/42 5267/6957/42 
f 5261/6951/611 5270/6960/611 5282/6972/42 5268/6958/42 
f 5289/6979/42 5290/6980/42 5275/6965/42 5288/6978/42 
f 5290/6980/42 5291/6981/611 5269/6959/611 5275/6965/42 
f 5291/6981/611 5292/6982/611 5270/6960/611 5269/6959/611 
f 5292/6982/611 5293/6983/42 5282/6972/42 5270/6960/611 
f 5282/6972/42 5293/6983/42 5294/6984/42 5283/6973/42 
f 5286/6976/42 5263/6953/42 5276/6966/42 5285/6975/42 
f 5263/6953/42 5259/6949/610 5273/6963/611 5276/6966/42 
f 5259/6949/610 5262/6952/610 5274/6964/611 5273/6963/611 
f 5262/6952/610 5267/6957/42 5280/6970/42 5274/6964/611 
f 5267/6957/42 5266/6956/42 5281/6971/42 5280/6970/42 
f 5295/6985/43 5296/6986/807 5288/6978/42 5287/6977/42 
f 5296/6986/807 5297/6987/801 5289/6979/42 5288/6978/42 
f 5297/6987/801 5298/6988/802 5290/6980/42 5289/6979/42 
f 5298/6988/802 5299/6989/624 5291/6981/611 5290/6980/42 
f 5299/6989/624 5300/6990/624 5292/6982/611 5291/6981/611 
f 5300/6990/624 5301/6991/803 5293/6983/42 5292/6982/611 
f 5301/6991/803 5302/6992/804 5294/6984/42 5293/6983/42 
f 5302/6992/804 5303/6993/805 5283/6973/42 5294/6984/42 
f 5303/6993/805 5304/6994/29 5265/6955/42 5283/6973/42 
f 5304/6994/29 5305/6995/29 5266/6956/42 5265/6955/42 
f 5305/6995/29 5306/6996/794 5281/6971/42 5266/6956/42 
f 5306/6996/794 5307/6997/795 5278/6968/42 5281/6971/42 
f 5307/6997/795 5308/6998/796 5279/6969/42 5278/6968/42 
f 5308/6998/796 5309/6999/636 5271/6961/611 5279/6969/42 
f 5309/6999/636 5310/7000/636 5272/6962/611 5271/6961/611 
f 5310/7000/636 5311/7001/797 5277/6967/42 5272/6962/611 
f 5311/7001/797 5312/7002/798 5284/6974/42 5277/6967/42 
f 5312/7002/798 5313/7003/806 5285/6975/42 5284/6974/42 
f 5313/7003/806 5314/7004/43 5286/6976/42 5285/6975/42 
f 5314/7004/43 5295/6985/43 5287/6977/42 5286/6976/42 
f 5296/7005/807 5295/7006/43 5166/6846/9 5165/6845/162 
f 5298/7007/802 5297/7008/801 5170/6850/28 5169/6849/159 
f 5297/7008/801 5296/7005/807 5165/6845/162 5170/6850/28 
f 5311/7009/797 5310/7010/636 5315/7011/2 5191/6871/17 
f 5312/7012/798 5311/7009/797 5191/6871/17 5190/6870/24 
f 5313/7013/806 5312/7012/798 5190/6870/24 5183/6863/21 
f 5301/7014/803 5300/7015/624 5316/7016/10 5228/6910/160 
f 5302/7017/804 5301/7014/803 5228/6910/160 5227/6909/31 
f 5303/7018/805 5302/7017/804 5227/6909/31 5220/6902/157 
f 5306/7019/794 5305/7020/29 5239/6923/6 5238/6922/15 
f 5308/7021/796 5307/7022/795 5243/6927/23 5242/6926/18 
f 5307/7023/795 5306/7019/794 5238/6922/15 5243/6935/23 
f 5299/7024/624 5298/7007/802 5169/6849/159 5257/6943/10 
f 5310/7010/636 5309/7025/636 5258/6946/2 5315/7011/2 
f 5300/7015/624 5299/7024/624 5257/6943/10 5316/7016/10 
f 5309/7025/636 5308/7021/796 5242/6926/18 5258/6946/2 
f 5295/7006/43 5314/7026/43 5182/6862/9 5166/6846/9 
f 5304/7027/29 5303/7018/805 5220/6902/157 5219/6901/6 
f 5314/7026/43 5313/7013/806 5183/6863/21 5182/6862/9 
f 5305/7020/29 5304/7027/29 5219/6901/6 5239/6923/6 
f 5194/6947/118 5177/7028/222 5168/6848/162 5167/6847/9 
f 5174/7029/227 5173/7030/220 5172/6852/159 5171/6851/44 
f 5177/7028/222 5174/7029/227 5171/6851/44 5168/6848/162 
f 5200/7031/124 5195/6948/118 5181/6861/9 5180/6860/21 
f 5196/6944/122 5199/7032/131 5189/6869/24 5188/6868/16 
f 5199/7032/131 5200/7031/124 5180/6860/21 5189/6869/24 
f 5215/6895/10 5316/7016/10 5257/6943/10 5216/6896/10 
f 5233/7033/218 5249/7034/114 5218/6900/6 5217/6899/157 
f 5229/6945/217 5232/7035/225 5226/6908/26 5225/6907/160 
f 5232/7035/225 5233/7033/218 5217/6899/157 5226/6908/26 
f 5236/6918/2 5315/7011/2 5258/6946/2 5237/6919/2 
f 5248/7036/114 5254/7037/120 5241/6925/15 5240/6924/6 
f 5251/7038/129 5250/7039/119 5245/6929/19 5244/6928/23 
f 5254/7037/120 5251/7040/129 5244/6934/23 5241/6925/15 
f 5173/7030/220 5208/6897/215 5216/6896/10 5172/6852/159 
f 5191/6871/17 5315/7011/2 5236/6918/2 5188/6868/16 
f 5228/6910/160 5316/7016/10 5215/6895/10 5225/6907/160 
f 5250/7039/119 5214/6920/115 5237/6919/2 5245/6929/19 
f 5167/6847/9 5166/6846/9 5182/6862/9 5181/6861/9 
f 5249/7034/114 5248/7036/114 5240/6924/6 5218/6900/6 
f 5317/7041/901 5318/7042/901 5319/7043/39 5320/7044/39 
f 5321/7045/900 5322/7046/848 5323/7047/10 5324/7048/10 
f 5317/7041/901 5324/7048/10 5323/7047/10 5318/7042/901 
f 5325/7049/856 5326/7050/857 5327/7051/854 5328/7052/1010 
f 5329/7053/852 5328/7052/1010 5327/7051/854 5330/7054/855 
f 5331/7055/912 5330/7054/855 5327/7051/854 5326/7050/857 
f 5332/7056/879 5333/7057/821 5334/7058/39 5335/7059/624 
f 5336/7060/6 5337/7061/834 5338/7062/834 5339/7063/6 
f 5340/7064/819 5341/7065/819 5342/7066/42 5343/7067/42 
f 5344/7068/835 5345/7069/836 5346/7070/836 5347/7071/835 
f 5344/7068/835 5347/7071/835 5338/7062/834 5337/7061/834 
f 5343/7067/42 5342/7066/42 5333/7057/821 5332/7056/879 
f 5348/7072/828 5349/7073/1011 5350/7074/896 5351/7075/881 
f 5352/7076/824 5353/7077/1012 5350/7074/896 5349/7073/1011 
f 5354/7078/882 5351/7075/881 5350/7074/896 5353/7077/1012 
f 5355/7079/850 5356/7080/850 5357/7081/839 5358/7082/839 
f 5355/7079/850 5359/7083/851 5360/7084/851 5356/7080/850 
f 5361/7085/820 5362/7086/820 5363/7087/822 5364/7088/822 
f 5365/7089/823 5364/7088/822 5363/7087/822 5366/7090/823 
f 5367/7091/32 5360/7092/851 5359/7093/851 5368/7094/223 
f 5369/7095/1013 5370/7096/840 5371/7097/127 5372/7098/127 
f 5373/7099/6 5374/7100/832 5375/7101/832 5376/7102/6 
f 5377/7103/838 5378/7104/838 5379/7105/609 5380/7106/609 
f 5380/7106/609 5379/7105/609 5370/7096/840 5369/7095/1013 
f 5381/7107/845 5382/7108/884 5383/7109/911 5384/7110/846 
f 5385/7111/841 5386/7112/842 5383/7109/911 5382/7108/884 
f 5387/7113/886 5384/7110/846 5383/7109/911 5386/7112/842 
f 5388/7114/168 5365/7115/823 5366/7116/823 5389/7117/636 
f 5390/7118/810 5391/7119/810 5392/7120/127 5393/7121/126 
f 5394/7122/1014 5395/7123/1014 5396/7124/3 5397/7125/3 
f 5398/7126/831 5399/7127/833 5400/7128/833 5401/7129/831 
f 5398/7126/831 5401/7129/831 5375/7101/832 5374/7100/832 
f 5390/7118/810 5397/7130/3 5396/7131/3 5391/7119/810 
f 5402/7132/815 5403/7133/816 5404/7134/813 5405/7135/875 
f 5406/7136/811 5405/7135/875 5404/7134/813 5407/7137/814 
f 5408/7138/895 5407/7137/814 5404/7134/813 5403/7133/816 
f 5321/7045/900 5409/7139/32 5368/7094/223 5322/7046/848 
f 5326/7050/857 5355/7079/850 5358/7082/839 5331/7055/912 
f 5325/7049/856 5359/7083/851 5355/7079/850 5326/7050/857 
f 5348/7140/828 5365/7115/823 5388/7114/168 5340/7064/819 
f 5354/7078/882 5361/7085/820 5364/7088/822 5351/7075/881 
f 5351/7075/881 5364/7088/822 5365/7089/823 5348/7072/828 
f 5381/7141/845 5360/7092/851 5367/7091/32 5377/7103/838 
f 5387/7113/886 5357/7081/839 5356/7080/850 5384/7110/846 
f 5384/7110/846 5356/7080/850 5360/7084/851 5381/7107/845 
f 5394/7122/1014 5410/7142/168 5389/7117/636 5395/7123/1014 
f 5339/7063/6 5373/7099/6 5376/7102/6 5336/7060/6 
f 5403/7133/816 5363/7087/822 5362/7086/820 5408/7138/895 
f 5402/7132/815 5366/7090/823 5363/7087/822 5403/7133/816 
f 5358/7082/839 5339/7063/6 5338/7062/834 5331/7055/912 
f 5330/7054/855 5347/7071/835 5346/7070/836 5329/7053/852 
f 5331/7055/912 5338/7062/834 5347/7071/835 5330/7054/855 
f 5387/7113/886 5374/7100/832 5373/7099/6 5357/7081/839 
f 5385/7111/841 5399/7127/833 5398/7126/831 5386/7112/842 
f 5386/7112/842 5398/7126/831 5374/7100/832 5387/7113/886 
f 5357/7081/839 5373/7099/6 5339/7063/6 5358/7082/839 
f 5346/7143/836 5345/7144/836 5335/7059/624 5319/7043/39 
f 5354/7078/882 5337/7061/834 5336/7060/6 5361/7085/820 
f 5352/7076/824 5345/7069/836 5344/7068/835 5353/7077/1012 
f 5353/7077/1012 5344/7068/835 5337/7061/834 5354/7078/882 
f 5371/7097/127 5393/7121/126 5392/7120/127 5372/7098/127 
f 5362/7086/820 5376/7102/6 5375/7101/832 5408/7138/895 
f 5407/7137/814 5401/7129/831 5400/7128/833 5406/7136/811 
f 5408/7138/895 5375/7101/832 5401/7129/831 5407/7137/814 
f 5336/7060/6 5376/7102/6 5362/7086/820 5361/7085/820 
f 5411/7145/9 5412/7146/9 5413/7147/12 5414/7148/9 
f 5415/7149/12 5411/7145/9 5414/7148/9 5416/7150/9 
f 5417/7151/12 5418/7152/9 5419/7153/9 5420/7154/12 
f 5414/7148/9 5413/7147/12 5421/7155/12 5422/7156/12 
f 5423/7157/9 5424/7158/9 5425/7159/9 5426/7160/9 
f 5414/7148/9 5422/7156/12 5427/7161/9 5416/7150/9 
f 5428/7162/12 5429/7163/9 5426/7160/9 5425/7159/9 
f 5430/7164/12 5431/7165/12 5432/7166/9 5433/7167/9 
f 5417/7151/12 5434/7168/12 5435/7169/9 5418/7152/9 
f 5436/7170/12 5429/7163/9 5428/7162/12 5437/7171/12 
f 5438/7172/12 5415/7149/12 5416/7150/9 5439/7173/9 
f 5439/7173/9 5416/7150/9 5427/7161/9 5440/7174/9 
f 5423/7157/9 5433/7167/9 5432/7166/9 5424/7158/9 
f 5412/7146/9 5419/7153/9 5418/7152/9 5413/7147/12 
f 5413/7147/12 5418/7152/9 5435/7169/9 5421/7155/12 
f 5441/7175/9 5440/7174/9 5427/7161/9 5442/7176/9 
f 5442/7176/9 5427/7161/9 5422/7156/12 5443/7177/12 
f 5443/7177/12 5422/7156/12 5421/7155/12 5444/7178/12 
f 5444/7178/12 5421/7155/12 5435/7169/9 5445/7179/9 
f 5435/7169/9 5434/7168/12 5446/7180/9 5445/7179/9 
f 5438/7172/12 5437/7171/12 5428/7162/12 5415/7149/12 
f 5415/7149/12 5428/7162/12 5425/7159/9 5411/7145/9 
f 5411/7145/9 5425/7159/9 5424/7158/9 5412/7146/9 
f 5412/7146/9 5424/7158/9 5432/7166/9 5419/7153/9 
f 5419/7153/9 5432/7166/9 5431/7165/12 5420/7154/12 
f 5447/7181/871 5439/7173/9 5440/7174/9 5448/7182/905 
f 5448/7182/905 5440/7174/9 5441/7175/9 5449/7183/904 
f 5449/7183/904 5441/7175/9 5442/7176/9 5450/7184/868 
f 5450/7184/868 5442/7176/9 5443/7177/12 5451/7185/867 
f 5451/7185/867 5443/7177/12 5444/7178/12 5452/7186/867 
f 5452/7186/867 5444/7178/12 5445/7179/9 5453/7187/1015 
f 5453/7187/1015 5445/7179/9 5446/7180/9 5454/7188/890 
f 5454/7188/890 5446/7180/9 5434/7168/12 5455/7189/913 
f 5455/7189/913 5434/7168/12 5417/7151/12 5456/7190/863 
f 5456/7190/863 5417/7151/12 5420/7154/12 5457/7191/863 
f 5457/7191/863 5420/7154/12 5431/7165/12 5458/7192/862 
f 5458/7192/862 5431/7165/12 5430/7164/12 5459/7193/888 
f 5459/7193/888 5430/7164/12 5433/7167/9 5460/7194/1016 
f 5460/7194/1016 5433/7167/9 5423/7157/9 5461/7195/859 
f 5461/7195/859 5423/7157/9 5426/7160/9 5462/7196/859 
f 5462/7196/859 5426/7160/9 5429/7163/9 5463/7197/874 
f 5463/7197/874 5429/7163/9 5436/7170/12 5464/7198/893 
f 5464/7198/893 5436/7170/12 5437/7171/12 5465/7199/872 
f 5465/7199/872 5437/7171/12 5438/7172/12 5466/7200/871 
f 5466/7200/871 5438/7172/12 5439/7173/9 5447/7181/871 
f 5448/7201/905 5317/7041/901 5320/7044/39 5447/7202/871 
f 5450/7203/868 5321/7045/900 5324/7048/10 5449/7204/904 
f 5449/7204/904 5324/7048/10 5317/7041/901 5448/7201/905 
f 5463/7205/874 5341/7065/819 5467/7206/168 5462/7207/859 
f 5464/7208/893 5342/7066/42 5341/7065/819 5463/7205/874 
f 5465/7209/872 5333/7057/821 5342/7066/42 5464/7208/893 
f 5453/7210/1015 5378/7104/838 5468/7211/32 5452/7212/867 
f 5454/7213/890 5379/7105/609 5378/7104/838 5453/7210/1015 
f 5455/7214/913 5370/7096/840 5379/7105/609 5454/7213/890 
f 5458/7215/862 5390/7118/810 5393/7121/126 5457/7216/863 
f 5460/7217/1016 5394/7122/1014 5397/7125/3 5459/7218/888 
f 5459/7219/888 5397/7130/3 5390/7118/810 5458/7215/862 
f 5451/7220/867 5409/7139/32 5321/7045/900 5450/7203/868 
f 5462/7207/859 5467/7206/168 5410/7142/168 5461/7221/859 
f 5452/7212/867 5468/7211/32 5409/7139/32 5451/7220/867 
f 5461/7221/859 5410/7142/168 5394/7122/1014 5460/7217/1016 
f 5447/7202/871 5320/7044/39 5334/7058/39 5466/7222/871 
f 5456/7223/863 5371/7097/127 5370/7096/840 5455/7214/913 
f 5466/7222/871 5334/7058/39 5333/7057/821 5465/7209/872 
f 5457/7216/863 5393/7121/126 5371/7097/127 5456/7223/863 
f 5346/7143/836 5319/7043/39 5318/7042/901 5329/7224/852 
f 5328/7225/1010 5323/7047/10 5322/7046/848 5325/7226/856 
f 5329/7224/852 5318/7042/901 5323/7047/10 5328/7225/1010 
f 5352/7227/824 5332/7056/879 5335/7059/624 5345/7144/836 
f 5348/7140/828 5340/7064/819 5343/7067/42 5349/7228/1011 
f 5349/7228/1011 5343/7067/42 5332/7056/879 5352/7227/824 
f 5367/7091/32 5368/7094/223 5409/7139/32 5468/7211/32 
f 5385/7229/841 5369/7095/1013 5372/7098/127 5399/7230/833 
f 5381/7141/845 5377/7103/838 5380/7106/609 5382/7231/884 
f 5382/7231/884 5380/7106/609 5369/7095/1013 5385/7229/841 
f 5388/7114/168 5389/7117/636 5410/7142/168 5467/7206/168 
f 5400/7232/833 5392/7120/127 5391/7119/810 5406/7233/811 
f 5405/7234/875 5396/7124/3 5395/7123/1014 5402/7235/815 
f 5406/7233/811 5391/7119/810 5396/7131/3 5405/7236/875 
f 5325/7226/856 5322/7046/848 5368/7094/223 5359/7093/851 
f 5341/7065/819 5340/7064/819 5388/7114/168 5467/7206/168 
f 5378/7104/838 5377/7103/838 5367/7091/32 5468/7211/32 
f 5402/7235/815 5395/7123/1014 5389/7117/636 5366/7116/823 
f 5319/7043/39 5335/7059/624 5334/7058/39 5320/7044/39 
f 5399/7230/833 5372/7098/127 5392/7120/127 5400/7232/833 
f 5469/7237/901 5470/7238/901 5471/7239/39 5472/7240/39 
f 5473/7241/900 5474/7242/900 5475/7243/11 5476/7244/11 
f 5469/7237/901 5476/7244/11 5475/7243/11 5470/7238/901 
f 5477/7245/856 5478/7246/857 5479/7247/903 5480/7248/853 
f 5481/7249/852 5480/7248/853 5479/7247/903 5482/7250/855 
f 5483/7251/912 5482/7250/855 5479/7247/903 5478/7246/857 
f 5484/7252/1017 5485/7253/821 5486/7254/39 5487/7255/39 
f 5488/7256/6 5489/7257/834 5490/7258/1018 5491/7259/6 
f 5492/7260/818 5493/7261/819 5494/7262/622 5495/7263/610 
f 5496/7264/835 5497/7265/836 5498/7266/836 5499/7267/835 
f 5496/7264/835 5499/7267/835 5490/7258/1018 5489/7257/834 
f 5495/7263/610 5494/7262/622 5485/7253/821 5484/7252/1017 
f 5500/7268/828 5501/7269/1011 5502/7270/1019 5503/7271/881 
f 5504/7272/824 5505/7273/825 5502/7270/1019 5501/7269/1011 
f 5506/7274/830 5503/7271/881 5502/7270/1019 5505/7273/825 
f 5507/7275/850 5508/7276/850 5509/7277/839 5510/7278/839 
f 5507/7275/850 5511/7279/851 5512/7280/851 5508/7276/850 
f 5513/7281/820 5514/7282/820 5515/7283/822 5516/7284/822 
f 5517/7285/823 5516/7284/822 5515/7283/822 5518/7286/823 
f 5519/7287/32 5512/7288/851 5511/7289/851 5520/7290/32 
f 5521/7291/1013 5522/7292/1013 5523/7293/127 5524/7294/126 
f 5525/7295/6 5526/7296/832 5527/7297/832 5528/7298/6 
f 5529/7299/838 5530/7300/838 5531/7301/609 5532/7302/653 
f 5532/7302/653 5531/7301/609 5522/7292/1013 5521/7291/1013 
f 5533/7303/845 5534/7304/884 5535/7305/1020 5536/7306/846 
f 5537/7307/841 5538/7308/1021 5535/7305/1020 5534/7304/884 
f 5539/7309/847 5536/7306/846 5535/7305/1020 5538/7308/1021 
f 5540/7310/636 5517/7311/823 5518/7312/823 5541/7313/636 
f 5542/7314/810 5543/7315/810 5544/7316/127 5545/7317/127 
f 5546/7318/1014 5547/7319/1014 5548/7320/3 5549/7321/3 
f 5550/7322/831 5551/7323/833 5552/7324/833 5553/7325/831 
f 5550/7322/831 5553/7325/831 5527/7297/832 5526/7296/832 
f 5542/7314/810 5549/7326/3 5548/7327/3 5543/7315/810 
f 5554/7328/815 5555/7329/816 5556/7330/813 5557/7331/875 
f 5558/7332/811 5557/7331/875 5556/7330/813 5559/7333/814 
f 5560/7334/895 5559/7333/814 5556/7330/813 5555/7329/816 
f 5473/7241/900 5561/7335/32 5520/7290/32 5474/7242/900 
f 5478/7246/857 5507/7275/850 5510/7278/839 5483/7251/912 
f 5477/7245/856 5511/7279/851 5507/7275/850 5478/7246/857 
f 5500/7336/828 5517/7311/823 5540/7310/636 5492/7260/818 
f 5506/7274/830 5513/7281/820 5516/7284/822 5503/7271/881 
f 5503/7271/881 5516/7284/822 5517/7285/823 5500/7268/828 
f 5533/7337/845 5512/7288/851 5519/7287/32 5529/7299/838 
f 5539/7309/847 5509/7277/839 5508/7276/850 5536/7306/846 
f 5536/7306/846 5508/7276/850 5512/7280/851 5533/7303/845 
f 5546/7318/1014 5562/7338/636 5541/7313/636 5547/7319/1014 
f 5491/7259/6 5525/7295/6 5528/7298/6 5488/7256/6 
f 5555/7329/816 5515/7283/822 5514/7282/820 5560/7334/895 
f 5554/7328/815 5518/7286/823 5515/7283/822 5555/7329/816 
f 5510/7278/839 5491/7259/6 5490/7258/1018 5483/7251/912 
f 5482/7250/855 5499/7267/835 5498/7266/836 5481/7249/852 
f 5483/7251/912 5490/7258/1018 5499/7267/835 5482/7250/855 
f 5539/7309/847 5526/7296/832 5525/7295/6 5509/7277/839 
f 5537/7307/841 5551/7323/833 5550/7322/831 5538/7308/1021 
f 5538/7308/1021 5550/7322/831 5526/7296/832 5539/7309/847 
f 5509/7277/839 5525/7295/6 5491/7259/6 5510/7278/839 
f 5498/7339/836 5497/7340/836 5487/7255/39 5471/7239/39 
f 5506/7274/830 5489/7257/834 5488/7256/6 5513/7281/820 
f 5504/7272/824 5497/7265/836 5496/7264/835 5505/7273/825 
f 5505/7273/825 5496/7264/835 5489/7257/834 5506/7274/830 
f 5523/7293/127 5545/7317/127 5544/7316/127 5524/7294/126 
f 5514/7282/820 5528/7298/6 5527/7297/832 5560/7334/895 
f 5559/7333/814 5553/7325/831 5552/7324/833 5558/7332/811 
f 5560/7334/895 5527/7297/832 5553/7325/831 5559/7333/814 
f 5488/7256/6 5528/7298/6 5514/7282/820 5513/7281/820 
f 5563/7341/12 5564/7342/12 5565/7343/12 5566/7344/12 
f 5567/7345/9 5563/7341/12 5566/7344/12 5568/7346/9 
f 5569/7347/12 5570/7348/9 5571/7349/9 5572/7350/12 
f 5566/7344/12 5565/7343/12 5573/7351/12 5574/7352/12 
f 5575/7353/12 5576/7354/12 5577/7355/12 5578/7356/12 
f 5566/7344/12 5574/7352/12 5579/7357/9 5568/7346/9 
f 5580/7358/9 5581/7359/9 5578/7356/12 5577/7355/12 
f 5582/7360/12 5583/7361/12 5584/7362/9 5585/7363/9 
f 5569/7347/12 5586/7364/12 5587/7365/9 5570/7348/9 
f 5588/7366/9 5581/7359/9 5580/7358/9 5589/7367/9 
f 5590/7368/9 5567/7345/9 5568/7346/9 5591/7369/9 
f 5591/7369/9 5568/7346/9 5579/7357/9 5592/7370/9 
f 5575/7353/12 5585/7363/9 5584/7362/9 5576/7354/12 
f 5564/7342/12 5571/7349/9 5570/7348/9 5565/7343/12 
f 5565/7343/12 5570/7348/9 5587/7365/9 5573/7351/12 
f 5593/7371/9 5592/7370/9 5579/7357/9 5594/7372/9 
f 5594/7372/9 5579/7357/9 5574/7352/12 5595/7373/12 
f 5595/7373/12 5574/7352/12 5573/7351/12 5596/7374/12 
f 5596/7374/12 5573/7351/12 5587/7365/9 5597/7375/9 
f 5587/7365/9 5586/7364/12 5598/7376/9 5597/7375/9 
f 5590/7368/9 5589/7367/9 5580/7358/9 5567/7345/9 
f 5567/7345/9 5580/7358/9 5577/7355/12 5563/7341/12 
f 5563/7341/12 5577/7355/12 5576/7354/12 5564/7342/12 
f 5564/7342/12 5576/7354/12 5584/7362/9 5571/7349/9 
f 5571/7349/9 5584/7362/9 5583/7361/12 5572/7350/12 
f 5599/7377/871 5591/7369/9 5592/7370/9 5600/7378/891 
f 5600/7378/891 5592/7370/9 5593/7371/9 5601/7379/869 
f 5601/7379/869 5593/7371/9 5594/7372/9 5602/7380/1022 
f 5602/7380/1022 5594/7372/9 5595/7373/12 5603/7381/867 
f 5603/7381/867 5595/7373/12 5596/7374/12 5604/7382/867 
f 5604/7382/867 5596/7374/12 5597/7375/9 5605/7383/1015 
f 5605/7383/1015 5597/7375/9 5598/7376/9 5606/7384/865 
f 5606/7384/865 5598/7376/9 5586/7364/12 5607/7385/913 
f 5607/7385/913 5586/7364/12 5569/7347/12 5608/7386/863 
f 5608/7386/863 5569/7347/12 5572/7350/12 5609/7387/863 
f 5609/7387/863 5572/7350/12 5583/7361/12 5610/7388/862 
f 5610/7388/862 5583/7361/12 5582/7360/12 5611/7389/888 
f 5611/7389/888 5582/7360/12 5585/7363/9 5612/7390/887 
f 5612/7390/887 5585/7363/9 5575/7353/12 5613/7391/859 
f 5613/7391/859 5575/7353/12 5578/7356/12 5614/7392/859 
f 5614/7392/859 5578/7356/12 5581/7359/9 5615/7393/916 
f 5615/7393/916 5581/7359/9 5588/7366/9 5616/7394/873 
f 5616/7394/873 5588/7366/9 5589/7367/9 5617/7395/872 
f 5617/7395/872 5589/7367/9 5590/7368/9 5618/7396/871 
f 5618/7396/871 5590/7368/9 5591/7369/9 5599/7377/871 
f 5600/7397/891 5469/7237/901 5472/7240/39 5599/7398/871 
f 5602/7399/1022 5473/7241/900 5476/7244/11 5601/7400/869 
f 5601/7400/869 5476/7244/11 5469/7237/901 5600/7397/891 
f 5615/7401/916 5493/7261/819 5619/7402/168 5614/7403/859 
f 5616/7404/873 5494/7262/622 5493/7261/819 5615/7401/916 
f 5617/7405/872 5485/7253/821 5494/7262/622 5616/7404/873 
f 5605/7406/1015 5530/7300/838 5620/7407/32 5604/7408/867 
f 5606/7409/865 5531/7301/609 5530/7300/838 5605/7406/1015 
f 5607/7410/913 5522/7292/1013 5531/7301/609 5606/7409/865 
f 5610/7411/862 5542/7314/810 5545/7317/127 5609/7412/863 
f 5612/7413/887 5546/7318/1014 5549/7321/3 5611/7414/888 
f 5611/7415/888 5549/7326/3 5542/7314/810 5610/7411/862 
f 5603/7416/867 5561/7335/32 5473/7241/900 5602/7399/1022 
f 5614/7403/859 5619/7402/168 5562/7338/636 5613/7417/859 
f 5604/7408/867 5620/7407/32 5561/7335/32 5603/7416/867 
f 5613/7417/859 5562/7338/636 5546/7318/1014 5612/7413/887 
f 5599/7398/871 5472/7240/39 5486/7254/39 5618/7418/871 
f 5608/7419/863 5523/7293/127 5522/7292/1013 5607/7410/913 
f 5618/7418/871 5486/7254/39 5485/7253/821 5617/7405/872 
f 5609/7412/863 5545/7317/127 5523/7293/127 5608/7419/863 
f 5498/7339/836 5471/7239/39 5470/7238/901 5481/7420/852 
f 5480/7421/853 5475/7243/11 5474/7242/900 5477/7422/856 
f 5481/7420/852 5470/7238/901 5475/7243/11 5480/7421/853 
f 5504/7423/824 5484/7252/1017 5487/7255/39 5497/7340/836 
f 5500/7336/828 5492/7260/818 5495/7263/610 5501/7424/1011 
f 5501/7424/1011 5495/7263/610 5484/7252/1017 5504/7423/824 
f 5519/7287/32 5520/7290/32 5561/7335/32 5620/7407/32 
f 5537/7425/841 5521/7291/1013 5524/7294/126 5551/7426/833 
f 5533/7337/845 5529/7299/838 5532/7302/653 5534/7427/884 
f 5534/7427/884 5532/7302/653 5521/7291/1013 5537/7425/841 
f 5540/7310/636 5541/7313/636 5562/7338/636 5619/7402/168 
f 5552/7428/833 5544/7316/127 5543/7315/810 5558/7429/811 
f 5557/7430/875 5548/7320/3 5547/7319/1014 5554/7431/815 
f 5558/7429/811 5543/7315/810 5548/7327/3 5557/7432/875 
f 5477/7422/856 5474/7242/900 5520/7290/32 5511/7289/851 
f 5493/7261/819 5492/7260/818 5540/7310/636 5619/7402/168 
f 5530/7300/838 5529/7299/838 5519/7287/32 5620/7407/32 
f 5554/7431/815 5547/7319/1014 5541/7313/636 5518/7312/823 
f 5471/7239/39 5487/7255/39 5486/7254/39 5472/7240/39 
f 5551/7426/833 5524/7294/126 5544/7316/127 5552/7428/833 
f 5621/7433/901 5622/7434/901 5623/7435/39 5624/7436/39 
f 5625/7437/1023 5626/7438/1023 5627/7439/11 5628/7440/11 
f 5621/7433/901 5628/7440/11 5627/7439/11 5622/7434/901 
f 5629/7441/856 5630/7442/857 5631/7443/903 5632/7444/1010 
f 5633/7445/852 5632/7444/1010 5631/7443/903 5634/7446/855 
f 5635/7447/858 5634/7446/855 5631/7443/903 5630/7442/857 
f 5636/7448/821 5637/7449/821 5638/7450/39 5639/7451/39 
f 5640/7452/7 5641/7453/834 5642/7454/834 5643/7455/7 
f 5644/7456/819 5645/7457/818 5646/7458/42 5647/7459/42 
f 5648/7460/835 5649/7461/836 5650/7462/836 5651/7463/835 
f 5648/7460/835 5651/7463/835 5642/7454/834 5641/7453/834 
f 5647/7459/42 5646/7458/42 5637/7449/821 5636/7448/821 
f 5652/7464/828 5653/7465/1024 5654/7466/826 5655/7467/881 
f 5656/7468/824 5657/7469/1025 5654/7466/826 5653/7465/1024 
f 5658/7470/830 5655/7467/881 5654/7466/826 5657/7469/1025 
f 5659/7471/850 5660/7472/850 5661/7473/839 5662/7474/839 
f 5659/7471/850 5663/7475/851 5664/7476/851 5660/7472/850 
f 5665/7477/820 5666/7478/820 5667/7479/822 5668/7480/822 
f 5669/7481/823 5668/7480/822 5667/7479/822 5670/7482/823 
f 5671/7483/32 5664/7484/851 5663/7485/851 5672/7486/32 
f 5673/7487/840 5674/7488/1026 5675/7489/127 5676/7490/126 
f 5677/7491/7 5678/7492/832 5679/7493/832 5680/7494/7 
f 5681/7495/838 5682/7496/838 5683/7497/653 5684/7498/37 
f 5684/7498/37 5683/7497/653 5674/7488/1026 5673/7487/840 
f 5685/7499/845 5686/7500/884 5687/7501/911 5688/7502/846 
f 5689/7503/841 5690/7504/842 5687/7501/911 5686/7500/884 
f 5691/7505/847 5688/7502/846 5687/7501/911 5690/7504/842 
f 5692/7506/636 5669/7507/823 5670/7508/823 5693/7509/168 
f 5694/7510/810 5695/7511/809 5696/7512/127 5697/7513/127 
f 5698/7514/808 5699/7515/808 5700/7516/2 5701/7517/4 
f 5702/7518/831 5703/7519/833 5704/7520/833 5705/7521/831 
f 5702/7518/831 5705/7521/831 5679/7493/832 5678/7492/832 
f 5694/7510/810 5701/7522/4 5700/7523/2 5695/7511/809 
f 5706/7524/815 5707/7525/816 5708/7526/876 5709/7527/1027 
f 5710/7528/811 5709/7527/1027 5708/7526/876 5711/7529/814 
f 5712/7530/895 5711/7529/814 5708/7526/876 5707/7525/816 
f 5625/7437/1023 5713/7531/32 5672/7486/32 5626/7438/1023 
f 5630/7442/857 5659/7471/850 5662/7474/839 5635/7447/858 
f 5629/7441/856 5663/7475/851 5659/7471/850 5630/7442/857 
f 5652/7532/828 5669/7507/823 5692/7506/636 5644/7456/819 
f 5658/7470/830 5665/7477/820 5668/7480/822 5655/7467/881 
f 5655/7467/881 5668/7480/822 5669/7481/823 5652/7464/828 
f 5685/7533/845 5664/7484/851 5671/7483/32 5681/7495/838 
f 5691/7505/847 5661/7473/839 5660/7472/850 5688/7502/846 
f 5688/7502/846 5660/7472/850 5664/7476/851 5685/7499/845 
f 5698/7514/808 5714/7534/636 5693/7509/168 5699/7515/808 
f 5643/7455/7 5677/7491/7 5680/7494/7 5640/7452/7 
f 5707/7525/816 5667/7479/822 5666/7478/820 5712/7530/895 
f 5706/7524/815 5670/7482/823 5667/7479/822 5707/7525/816 
f 5662/7474/839 5643/7455/7 5642/7454/834 5635/7447/858 
f 5634/7446/855 5651/7463/835 5650/7462/836 5633/7445/852 
f 5635/7447/858 5642/7454/834 5651/7463/835 5634/7446/855 
f 5691/7505/847 5678/7492/832 5677/7491/7 5661/7473/839 
f 5689/7503/841 5703/7519/833 5702/7518/831 5690/7504/842 
f 5690/7504/842 5702/7518/831 5678/7492/832 5691/7505/847 
f 5661/7473/839 5677/7491/7 5643/7455/7 5662/7474/839 
f 5650/7535/836 5649/7536/836 5639/7451/39 5623/7435/39 
f 5658/7470/830 5641/7453/834 5640/7452/7 5665/7477/820 
f 5656/7468/824 5649/7461/836 5648/7460/835 5657/7469/1025 
f 5657/7469/1025 5648/7460/835 5641/7453/834 5658/7470/830 
f 5675/7489/127 5697/7513/127 5696/7512/127 5676/7490/126 
f 5666/7478/820 5680/7494/7 5679/7493/832 5712/7530/895 
f 5711/7529/814 5705/7521/831 5704/7520/833 5710/7528/811 
f 5712/7530/895 5679/7493/832 5705/7521/831 5711/7529/814 
f 5640/7452/7 5680/7494/7 5666/7478/820 5665/7477/820 
f 5715/7537/12 5716/7538/9 5717/7539/9 5718/7540/9 
f 5719/7541/9 5715/7537/12 5718/7540/9 5720/7542/9 
f 5721/7543/12 5722/7544/12 5723/7545/9 5724/7546/12 
f 5718/7540/9 5717/7539/9 5725/7547/9 5726/7548/9 
f 5727/7549/12 5728/7550/12 5729/7551/12 5730/7552/12 
f 5718/7540/9 5726/7548/9 5731/7553/9 5720/7542/9 
f 5732/7554/9 5733/7555/9 5730/7552/12 5729/7551/12 
f 5734/7556/12 5735/7557/12 5736/7558/9 5737/7559/9 
f 5721/7543/12 5738/7560/12 5739/7561/12 5722/7544/12 
f 5740/7562/9 5733/7555/9 5732/7554/9 5741/7563/9 
f 5742/7564/9 5719/7541/9 5720/7542/9 5743/7565/9 
f 5743/7565/9 5720/7542/9 5731/7553/9 5744/7566/9 
f 5727/7549/12 5737/7559/9 5736/7558/9 5728/7550/12 
f 5716/7538/9 5723/7545/9 5722/7544/12 5717/7539/9 
f 5717/7539/9 5722/7544/12 5739/7561/12 5725/7547/9 
f 5745/7567/9 5744/7566/9 5731/7553/9 5746/7568/9 
f 5746/7568/9 5731/7553/9 5726/7548/9 5747/7569/9 
f 5747/7569/9 5726/7548/9 5725/7547/9 5748/7570/9 
f 5748/7570/9 5725/7547/9 5739/7561/12 5749/7571/9 
f 5739/7561/12 5738/7560/12 5750/7572/12 5749/7571/9 
f 5742/7564/9 5741/7563/9 5732/7554/9 5719/7541/9 
f 5719/7541/9 5732/7554/9 5729/7551/12 5715/7537/12 
f 5715/7537/12 5729/7551/12 5728/7550/12 5716/7538/9 
f 5716/7538/9 5728/7550/12 5736/7558/9 5723/7545/9 
f 5723/7545/9 5736/7558/9 5735/7557/12 5724/7546/12 
f 5751/7573/871 5743/7565/9 5744/7566/9 5752/7574/891 
f 5752/7574/891 5744/7566/9 5745/7567/9 5753/7575/869 
f 5753/7575/869 5745/7567/9 5746/7568/9 5754/7576/1022 
f 5754/7576/1022 5746/7568/9 5747/7569/9 5755/7577/867 
f 5755/7577/867 5747/7569/9 5748/7570/9 5756/7578/867 
f 5756/7578/867 5748/7570/9 5749/7571/9 5757/7579/1015 
f 5757/7579/1015 5749/7571/9 5750/7572/12 5758/7580/865 
f 5758/7580/865 5750/7572/12 5738/7560/12 5759/7581/913 
f 5759/7581/913 5738/7560/12 5721/7543/12 5760/7582/863 
f 5760/7582/863 5721/7543/12 5724/7546/12 5761/7583/863 
f 5761/7583/863 5724/7546/12 5735/7557/12 5762/7584/862 
f 5762/7584/862 5735/7557/12 5734/7556/12 5763/7585/861 
f 5763/7585/861 5734/7556/12 5737/7559/9 5764/7586/860 
f 5764/7586/860 5737/7559/9 5727/7549/12 5765/7587/859 
f 5765/7587/859 5727/7549/12 5730/7552/12 5766/7588/859 
f 5766/7588/859 5730/7552/12 5733/7555/9 5767/7589/874 
f 5767/7589/874 5733/7555/9 5740/7562/9 5768/7590/893 
f 5768/7590/893 5740/7562/9 5741/7563/9 5769/7591/872 
f 5769/7591/872 5741/7563/9 5742/7564/9 5770/7592/871 
f 5770/7592/871 5742/7564/9 5743/7565/9 5751/7573/871 
f 5752/7593/891 5621/7433/901 5624/7436/39 5751/7594/871 
f 5754/7595/1022 5625/7437/1023 5628/7440/11 5753/7596/869 
f 5753/7596/869 5628/7440/11 5621/7433/901 5752/7593/891 
f 5767/7597/874 5645/7457/818 5771/7598/636 5766/7599/859 
f 5768/7600/893 5646/7458/42 5645/7457/818 5767/7597/874 
f 5769/7601/872 5637/7449/821 5646/7458/42 5768/7600/893 
f 5757/7602/1015 5682/7496/838 5772/7603/32 5756/7604/867 
f 5758/7605/865 5683/7497/653 5682/7496/838 5757/7602/1015 
f 5759/7606/913 5674/7488/1026 5683/7497/653 5758/7605/865 
f 5762/7607/862 5694/7510/810 5697/7513/127 5761/7608/863 
f 5764/7609/860 5698/7514/808 5701/7517/4 5763/7610/861 
f 5763/7611/861 5701/7522/4 5694/7510/810 5762/7607/862 
f 5755/7612/867 5713/7531/32 5625/7437/1023 5754/7595/1022 
f 5766/7599/859 5771/7598/636 5714/7534/636 5765/7613/859 
f 5756/7604/867 5772/7603/32 5713/7531/32 5755/7612/867 
f 5765/7613/859 5714/7534/636 5698/7514/808 5764/7609/860 
f 5751/7594/871 5624/7436/39 5638/7450/39 5770/7614/871 
f 5760/7615/863 5675/7489/127 5674/7488/1026 5759/7606/913 
f 5770/7614/871 5638/7450/39 5637/7449/821 5769/7601/872 
f 5761/7608/863 5697/7513/127 5675/7489/127 5760/7615/863 
f 5650/7535/836 5623/7435/39 5622/7434/901 5633/7616/852 
f 5632/7617/1010 5627/7439/11 5626/7438/1023 5629/7618/856 
f 5633/7616/852 5622/7434/901 5627/7439/11 5632/7617/1010 
f 5656/7619/824 5636/7448/821 5639/7451/39 5649/7536/836 
f 5652/7532/828 5644/7456/819 5647/7459/42 5653/7620/1024 
f 5653/7620/1024 5647/7459/42 5636/7448/821 5656/7619/824 
f 5671/7483/32 5672/7486/32 5713/7531/32 5772/7603/32 
f 5689/7621/841 5673/7487/840 5676/7490/126 5703/7622/833 
f 5685/7533/845 5681/7495/838 5684/7498/37 5686/7623/884 
f 5686/7623/884 5684/7498/37 5673/7487/840 5689/7621/841 
f 5692/7506/636 5693/7509/168 5714/7534/636 5771/7598/636 
f 5704/7624/833 5696/7512/127 5695/7511/809 5710/7625/811 
f 5709/7626/1027 5700/7516/2 5699/7515/808 5706/7627/815 
f 5710/7625/811 5695/7511/809 5700/7523/2 5709/7628/1027 
f 5629/7618/856 5626/7438/1023 5672/7486/32 5663/7485/851 
f 5645/7457/818 5644/7456/819 5692/7506/636 5771/7598/636 
f 5682/7496/838 5681/7495/838 5671/7483/32 5772/7603/32 
f 5706/7627/815 5699/7515/808 5693/7509/168 5670/7508/823 
f 5623/7435/39 5639/7451/39 5638/7450/39 5624/7436/39 
f 5703/7622/833 5676/7490/126 5696/7512/127 5704/7624/833 
f 5773/7629/1028 5774/7630/1028 5775/7631/624 5776/7632/39 
f 5777/7633/900 5778/7634/900 5779/7635/155 5780/7636/11 
f 5773/7629/1028 5780/7636/11 5779/7635/155 5774/7630/1028 
f 5781/7637/856 5782/7638/857 5783/7639/854 5784/7640/1029 
f 5785/7641/1030 5784/7640/1029 5783/7639/854 5786/7642/855 
f 5787/7643/912 5786/7642/855 5783/7639/854 5782/7638/857 
f 5788/7644/879 5789/7645/821 5790/7646/39 5791/7647/624 
f 5792/7648/7 5793/7649/834 5794/7650/834 5795/7651/7 
f 5796/7652/818 5797/7653/819 5798/7654/42 5799/7655/610 
f 5800/7656/835 5801/7657/836 5802/7658/836 5803/7659/835 
f 5800/7656/835 5803/7659/835 5794/7650/834 5793/7649/834 
f 5799/7655/610 5798/7654/42 5789/7645/821 5788/7644/879 
f 5804/7660/828 5805/7661/1011 5806/7662/1019 5807/7663/881 
f 5808/7664/824 5809/7665/1025 5806/7662/1019 5805/7661/1011 
f 5810/7666/882 5807/7663/881 5806/7662/1019 5809/7665/1025 
f 5811/7667/850 5812/7668/850 5813/7669/839 5814/7670/839 
f 5811/7667/850 5815/7671/851 5816/7672/851 5812/7668/850 
f 5817/7673/820 5818/7674/820 5819/7675/822 5820/7676/822 
f 5821/7677/823 5820/7676/822 5819/7675/822 5822/7678/823 
f 5823/7679/32 5816/7680/851 5815/7681/851 5824/7682/32 
f 5825/7683/840 5826/7684/840 5827/7685/126 5828/7686/126 
f 5829/7687/7 5830/7688/832 5831/7689/1031 5832/7690/7 
f 5833/7691/838 5834/7692/838 5835/7693/37 5836/7694/37 
f 5836/7694/37 5835/7693/37 5826/7684/840 5825/7683/840 
f 5837/7695/845 5838/7696/884 5839/7697/843 5840/7698/1032 
f 5841/7699/841 5842/7700/842 5839/7697/843 5838/7696/884 
f 5843/7701/847 5840/7698/1032 5839/7697/843 5842/7700/842 
f 5844/7702/168 5821/7703/823 5822/7704/823 5845/7705/168 
f 5846/7706/810 5847/7707/810 5848/7708/126 5849/7709/126 
f 5850/7710/1014 5851/7711/808 5852/7712/4 5853/7713/4 
f 5854/7714/831 5855/7715/833 5856/7716/833 5857/7717/831 
f 5854/7714/831 5857/7717/831 5831/7689/1031 5830/7688/832 
f 5846/7706/810 5853/7718/4 5852/7719/4 5847/7707/810 
f 5858/7720/815 5859/7721/816 5860/7722/813 5861/7723/875 
f 5862/7724/811 5861/7723/875 5860/7722/813 5863/7725/814 
f 5864/7726/817 5863/7725/814 5860/7722/813 5859/7721/816 
f 5777/7633/900 5865/7727/32 5824/7682/32 5778/7634/900 
f 5782/7638/857 5811/7667/850 5814/7670/839 5787/7643/912 
f 5781/7637/856 5815/7671/851 5811/7667/850 5782/7638/857 
f 5804/7728/828 5821/7703/823 5844/7702/168 5796/7652/818 
f 5810/7666/882 5817/7673/820 5820/7676/822 5807/7663/881 
f 5807/7663/881 5820/7676/822 5821/7677/823 5804/7660/828 
f 5837/7729/845 5816/7680/851 5823/7679/32 5833/7691/838 
f 5843/7701/847 5813/7669/839 5812/7668/850 5840/7698/1032 
f 5840/7698/1032 5812/7668/850 5816/7672/851 5837/7695/845 
f 5850/7710/1014 5866/7730/168 5845/7705/168 5851/7711/808 
f 5795/7651/7 5829/7687/7 5832/7690/7 5792/7648/7 
f 5859/7721/816 5819/7675/822 5818/7674/820 5864/7726/817 
f 5858/7720/815 5822/7678/823 5819/7675/822 5859/7721/816 
f 5814/7670/839 5795/7651/7 5794/7650/834 5787/7643/912 
f 5786/7642/855 5803/7659/835 5802/7658/836 5785/7641/1030 
f 5787/7643/912 5794/7650/834 5803/7659/835 5786/7642/855 
f 5843/7701/847 5830/7688/832 5829/7687/7 5813/7669/839 
f 5841/7699/841 5855/7715/833 5854/7714/831 5842/7700/842 
f 5842/7700/842 5854/7714/831 5830/7688/832 5843/7701/847 
f 5813/7669/839 5829/7687/7 5795/7651/7 5814/7670/839 
f 5802/7731/836 5801/7732/836 5791/7647/624 5775/7631/624 
f 5810/7666/882 5793/7649/834 5792/7648/7 5817/7673/820 
f 5808/7664/824 5801/7657/836 5800/7656/835 5809/7665/1025 
f 5809/7665/1025 5800/7656/835 5793/7649/834 5810/7666/882 
f 5827/7685/126 5849/7709/126 5848/7708/126 5828/7686/126 
f 5818/7674/820 5832/7690/7 5831/7689/1031 5864/7726/817 
f 5863/7725/814 5857/7717/831 5856/7716/833 5862/7724/811 
f 5864/7726/817 5831/7689/1031 5857/7717/831 5863/7725/814 
f 5792/7648/7 5832/7690/7 5818/7674/820 5817/7673/820 
f 5867/7733/12 5868/7734/9 5869/7735/9 5870/7736/9 
f 5871/7737/9 5867/7733/12 5870/7736/9 5872/7738/9 
f 5873/7739/12 5874/7740/9 5875/7741/9 5876/7742/12 
f 5870/7736/9 5869/7735/9 5877/7743/9 5878/7744/9 
f 5879/7745/12 5880/7746/12 5881/7747/12 5882/7748/12 
f 5870/7736/9 5878/7744/9 5883/7749/9 5872/7738/9 
f 5884/7750/9 5885/7751/9 5882/7748/12 5881/7747/12 
f 5886/7752/12 5887/7753/12 5888/7754/9 5889/7755/9 
f 5873/7739/12 5890/7756/12 5891/7757/9 5874/7740/9 
f 5892/7758/9 5885/7751/9 5884/7750/9 5893/7759/9 
f 5894/7760/9 5871/7737/9 5872/7738/9 5895/7761/9 
f 5895/7761/9 5872/7738/9 5883/7749/9 5896/7762/9 
f 5879/7745/12 5889/7755/9 5888/7754/9 5880/7746/12 
f 5868/7734/9 5875/7741/9 5874/7740/9 5869/7735/9 
f 5869/7735/9 5874/7740/9 5891/7757/9 5877/7743/9 
f 5897/7763/9 5896/7762/9 5883/7749/9 5898/7764/9 
f 5898/7764/9 5883/7749/9 5878/7744/9 5899/7765/9 
f 5899/7765/9 5878/7744/9 5877/7743/9 5900/7766/9 
f 5900/7766/9 5877/7743/9 5891/7757/9 5901/7767/9 
f 5891/7757/9 5890/7756/12 5902/7768/9 5901/7767/9 
f 5894/7760/9 5893/7759/9 5884/7750/9 5871/7737/9 
f 5871/7737/9 5884/7750/9 5881/7747/12 5867/7733/12 
f 5867/7733/12 5881/7747/12 5880/7746/12 5868/7734/9 
f 5868/7734/9 5880/7746/12 5888/7754/9 5875/7741/9 
f 5875/7741/9 5888/7754/9 5887/7753/12 5876/7742/12 
f 5903/7769/871 5895/7761/9 5896/7762/9 5904/7770/905 
f 5904/7770/905 5896/7762/9 5897/7763/9 5905/7771/869 
f 5905/7771/869 5897/7763/9 5898/7764/9 5906/7772/868 
f 5906/7772/868 5898/7764/9 5899/7765/9 5907/7773/867 
f 5907/7773/867 5899/7765/9 5900/7766/9 5908/7774/867 
f 5908/7774/867 5900/7766/9 5901/7767/9 5909/7775/866 
f 5909/7775/866 5901/7767/9 5902/7768/9 5910/7776/890 
f 5910/7776/890 5902/7768/9 5890/7756/12 5911/7777/913 
f 5911/7777/913 5890/7756/12 5873/7739/12 5912/7778/863 
f 5912/7778/863 5873/7739/12 5876/7742/12 5913/7779/863 
f 5913/7779/863 5876/7742/12 5887/7753/12 5914/7780/1033 
f 5914/7780/1033 5887/7753/12 5886/7752/12 5915/7781/888 
f 5915/7781/888 5886/7752/12 5889/7755/9 5916/7782/1034 
f 5916/7782/1034 5889/7755/9 5879/7745/12 5917/7783/859 
f 5917/7783/859 5879/7745/12 5882/7748/12 5918/7784/859 
f 5918/7784/859 5882/7748/12 5885/7751/9 5919/7785/916 
f 5919/7785/916 5885/7751/9 5892/7758/9 5920/7786/893 
f 5920/7786/893 5892/7758/9 5893/7759/9 5921/7787/892 
f 5921/7787/892 5893/7759/9 5894/7760/9 5922/7788/871 
f 5922/7788/871 5894/7760/9 5895/7761/9 5903/7769/871 
f 5904/7789/905 5773/7629/1028 5776/7632/39 5903/7790/871 
f 5906/7791/868 5777/7633/900 5780/7636/11 5905/7792/869 
f 5905/7792/869 5780/7636/11 5773/7629/1028 5904/7789/905 
f 5919/7793/916 5797/7653/819 5923/7794/168 5918/7795/859 
f 5920/7796/893 5798/7654/42 5797/7653/819 5919/7793/916 
f 5921/7797/892 5789/7645/821 5798/7654/42 5920/7796/893 
f 5909/7798/866 5834/7692/838 5924/7799/32 5908/7800/867 
f 5910/7801/890 5835/7693/37 5834/7692/838 5909/7798/866 
f 5911/7802/913 5826/7684/840 5835/7693/37 5910/7801/890 
f 5914/7803/1033 5846/7706/810 5849/7709/126 5913/7804/863 
f 5916/7805/1034 5850/7710/1014 5853/7713/4 5915/7806/888 
f 5915/7807/888 5853/7718/4 5846/7706/810 5914/7803/1033 
f 5907/7808/867 5865/7727/32 5777/7633/900 5906/7791/868 
f 5918/7795/859 5923/7794/168 5866/7730/168 5917/7809/859 
f 5908/7800/867 5924/7799/32 5865/7727/32 5907/7808/867 
f 5917/7809/859 5866/7730/168 5850/7710/1014 5916/7805/1034 
f 5903/7790/871 5776/7632/39 5790/7646/39 5922/7810/871 
f 5912/7811/863 5827/7685/126 5826/7684/840 5911/7802/913 
f 5922/7810/871 5790/7646/39 5789/7645/821 5921/7797/892 
f 5913/7804/863 5849/7709/126 5827/7685/126 5912/7811/863 
f 5802/7731/836 5775/7631/624 5774/7630/1028 5785/7812/1030 
f 5784/7813/1029 5779/7635/155 5778/7634/900 5781/7814/856 
f 5785/7812/1030 5774/7630/1028 5779/7635/155 5784/7813/1029 
f 5808/7815/824 5788/7644/879 5791/7647/624 5801/7732/836 
f 5804/7728/828 5796/7652/818 5799/7655/610 5805/7816/1011 
f 5805/7816/1011 5799/7655/610 5788/7644/879 5808/7815/824 
f 5823/7679/32 5824/7682/32 5865/7727/32 5924/7799/32 
f 5841/7817/841 5825/7683/840 5828/7686/126 5855/7818/833 
f 5837/7729/845 5833/7691/838 5836/7694/37 5838/7819/884 
f 5838/7819/884 5836/7694/37 5825/7683/840 5841/7817/841 
f 5844/7702/168 5845/7705/168 5866/7730/168 5923/7794/168 
f 5856/7820/833 5848/7708/126 5847/7707/810 5862/7821/811 
f 5861/7822/875 5852/7712/4 5851/7711/808 5858/7823/815 
f 5862/7821/811 5847/7707/810 5852/7719/4 5861/7824/875 
f 5781/7814/856 5778/7634/900 5824/7682/32 5815/7681/851 
f 5797/7653/819 5796/7652/818 5844/7702/168 5923/7794/168 
f 5834/7692/838 5833/7691/838 5823/7679/32 5924/7799/32 
f 5858/7823/815 5851/7711/808 5845/7705/168 5822/7704/823 
f 5775/7631/624 5791/7647/624 5790/7646/39 5776/7632/39 
f 5855/7818/833 5828/7686/126 5848/7708/126 5856/7820/833 
f 3072/4064/111 3060/4046/37 4013/5278/37 4008/5273/111 
f 3090/4090/43 5010/6645/43 4010/5275/790 3088/4087/790 
f 3074/4066/118 3073/4065/38 4009/6626/38 4998/6625/118 
f 3074/4066/118 4998/6625/118 3093/4094/9 3075/4068/9 
f 3090/4089/43 3089/4088/791 4007/5272/791 5010/6644/43 
f 3063/4049/42 4011/5276/42 3054/4040/42 3043/4026/42 
# 5856 polygons - 64 triangles

